区间,模型,择时,M,k,成交,年化,最大回撤,夏普,日换手,持仓天数占比,卡玛,基准年化,Y2023,Y2024,Y2025,Y2026,Y2020,Y2021,Y2022
研究期,h5ens6,投票2,30,1,open,-0.07515143227418386,-0.4209633607641218,-0.15921092062336936,0.06888888888888889,0.5444444444444444,-0.17852250166800962,0.053513527,-0.14439384415968937,-0.031002273557884985,0.058224907435626916,-0.14557088176120392,,,
研究期,h5ens6,投票2,30,1,close,0.03023254110953122,-0.32762784303915704,0.24289587163529155,0.06777777777777778,0.5444444444444444,0.09227708130385585,0.053513527,0.07774469283826169,0.15829317051312608,0.13773260754573746,-0.21415400607262725,,,
研究期,h5ens6,投票2,30,2,open,-0.024922288233512724,-0.32359428819085323,0.012073838612139894,0.07388888888888889,0.5444444444444444,-0.07701708325214246,0.053513527,-0.05097211012626912,0.26594441763555965,-0.07267032986167965,-0.1822074319215229,,,
研究期,h5ens6,投票2,30,2,close,-0.03797307645898118,-0.3097854136635433,-0.04862433732460623,0.07444444444444444,0.5444444444444444,-0.12257864568221274,0.053513527,-0.07834961165702858,0.21775406413682585,0.011420911851298676,-0.2362909366222088,,,
研究期,h5ens6,投票2,30,3,open,-0.00589605323147524,-0.256327350990709,0.08259705098401299,0.07962962962962962,0.5444444444444444,-0.02300204488006023,0.053513527,-0.04949357992276748,0.32306631156303256,-0.14880286142796995,-0.08597031018171875,,,
研究期,h5ens6,投票2,30,3,close,-0.04661300019235759,-0.28021995667709,-0.11362176333127798,0.07925925925925925,0.5444444444444444,-0.16634432731024879,0.053513527,-0.05333723058846307,0.1827052278799155,-0.07852894279117983,-0.18720594884085628,,,
研究期,h5ens6,投票2,60,1,open,0.06019167129790115,-0.31461258229489764,0.3445809259689153,0.057777777777777775,0.5444444444444444,0.19131997474112888,0.053513527,0.10294184112654681,0.27643723319175817,0.020171701076487913,-0.13621513280870212,,,
研究期,h5ens6,投票2,60,1,close,0.13922510278702926,-0.31675173153078584,0.5845635907246837,0.05444444444444444,0.5444444444444444,0.4395401474656111,0.053513527,0.2794458252091516,0.33676258220907807,0.14792384163499306,-0.17621013498244464,,,
研究期,h5ens6,投票2,60,2,open,0.06731495911511387,-0.32645483884012916,0.4026160248529015,0.058888888888888886,0.5444444444444444,0.20619991222761205,0.053513527,0.15880167343271223,0.480306463466023,-0.022801475961886752,-0.24139729658549292,,,
研究期,h5ens6,投票2,60,2,close,0.08083897626435688,-0.3491447619723764,0.4471358409476981,0.05722222222222222,0.5444444444444444,0.23153426621005038,0.053513527,0.1495785268107226,0.3757582888018056,0.18362035410048771,-0.28840143542794894,,,
研究期,h5ens6,投票2,60,3,open,0.05347970031035909,-0.2810697168007702,0.3513804881766151,0.06074074074074074,0.5444444444444444,0.19027201122583742,0.053513527,0.023784699586505642,0.35245115778500913,0.08258876561239759,-0.19153085593547148,,,
研究期,h5ens6,投票2,60,3,close,0.05240095489599761,-0.3120939210506324,0.3448197933418851,0.05962962962962963,0.5444444444444444,0.16790123537041393,0.053513527,0.02469386993695233,0.23678491333312346,0.2654661773565259,-0.24720423720517137,,,
研究期,h5ens6,投票2,100,1,open,0.06513303610273602,-0.3331492116932552,0.35534430434324116,0.05444444444444444,0.5444444444444444,0.19550709957166823,0.053513527,0.2593937787823466,-0.055623014701408735,0.173591169765986,-0.09581765792449837,,,
研究期,h5ens6,投票2,100,1,close,0.07165579720632387,-0.3218357918741359,0.3775946485353773,0.05333333333333334,0.5444444444444444,0.22264707349376212,0.053513527,0.353237140579326,0.10144454318787921,0.05913291240349561,-0.18233996739808012,,,
研究期,h5ens6,投票2,100,2,open,0.04194084480115956,-0.3115933698553044,0.29133413007170844,0.05277777777777778,0.5444444444444444,0.13460121061188102,0.053513527,0.23780326665398244,0.19186173382623317,0.01968828599959882,-0.2264833871490447,,,
研究期,h5ens6,投票2,100,2,close,0.001399580984117188,-0.35770685375530675,0.1249797048785364,0.05277777777777778,0.5444444444444444,0.003912647939014852,0.053513527,0.18214182600683237,0.14390819992809734,0.05851185406691872,-0.2977626141762856,,,
研究期,h5ens6,投票2,100,3,open,0.04382896882070786,-0.30429366929019885,0.3053390893813716,0.051111111111111114,0.5444444444444444,0.14403509912954857,0.053513527,0.24054932766677095,0.23924666228263947,-0.05208217946466709,-0.196154999174475,,,
研究期,h5ens6,投票2,100,3,close,-0.007087071897978636,-0.32456311656298675,0.0745483852000659,0.050370370370370364,0.5444444444444444,-0.02183572789486471,0.053513527,0.1777981514787459,0.10419330211747968,0.014249613037391251,-0.2615077701726829,,,
研究期,h5ens6,投票3,30,1,open,-0.08381923852393036,-0.3662755805168183,-0.2337175749359384,0.056666666666666664,0.46444444444444444,-0.22884200580792372,0.053513527,-0.12835968498223027,0.15286105305985664,-0.06872278013805722,-0.2262986641902962,,,
研究期,h5ens6,投票3,30,1,close,-0.0946276702901313,-0.4801214538269326,-0.3082207876666445,0.056666666666666664,0.46444444444444444,-0.19709111004283794,0.053513527,0.07837405043311851,-0.007995689590351795,-0.14024674001257453,-0.24647214640551707,,,
研究期,h5ens6,投票3,30,2,open,-0.0008346792484152932,-0.40245234950339515,0.10112771661543903,0.06277777777777778,0.46444444444444444,-0.0020739827943488044,0.053513527,0.0055758612451319856,0.303664004193148,0.09506691984105342,-0.3055496672191834,,,
研究期,h5ens6,投票3,30,2,close,-0.0842344499511446,-0.357884895950376,-0.3418408665846586,0.06277777777777778,0.46444444444444444,-0.23536743490517262,0.053513527,-0.03953347476770874,0.025790454462687906,0.004729437249825885,-0.26978551354816904,,,
研究期,h5ens6,投票3,30,3,open,0.10001740570283113,-0.2670941978464618,0.5774545743871254,0.0674074074074074,0.46444444444444444,0.3744649135370802,0.053513527,-0.0024202231846920386,0.5087977400465931,-0.011459463328106434,-0.04472119923071516,,,
研究期,h5ens6,投票3,30,3,close,-0.014791329329250535,-0.2704806033500856,0.020130548917875687,0.06703703703703703,0.46444444444444444,-0.054685360599059214,0.053513527,-0.034509249399924724,0.15918058518286915,-0.044435879659728394,-0.11494624422725364,,,
研究期,h5ens6,投票3,60,1,open,0.08821038823677396,-0.3460529336094399,0.44617216666615694,0.051111111111111114,0.46444444444444444,0.2549043214768103,0.053513527,0.12361109990102848,0.40163620383991927,0.0005879696861217365,-0.13321834752661,,,
研究期,h5ens6,投票3,60,1,close,0.04716507357985322,-0.33214973042225204,0.3046637018929569,0.05,0.46444444444444444,0.14199943356838998,0.053513527,0.2801929677862871,0.21038682765243277,-0.06135887822368613,-0.185057128507518,,,
研究期,h5ens6,投票3,60,2,open,0.15807479646963896,-0.28664309371624086,0.7922918627645988,0.04777777777777778,0.46444444444444444,0.5514690565896674,0.053513527,0.1284275722705266,0.46010437764923795,0.07512541603055434,-0.02998749655013333,,,
研究期,h5ens6,投票3,60,2,close,0.07891097729041419,-0.2575143115438677,0.46087895348180796,0.04666666666666667,0.46444444444444444,0.30643336604214966,0.053513527,0.10533468725347839,0.12435990117576967,0.03343024083390733,0.03035747590837312,,,
研究期,h5ens6,投票3,60,3,open,0.2018451361530118,-0.23225260649105361,1.0437157074451737,0.04925925925925925,0.46444444444444444,0.8690758704608419,0.053513527,0.0953281408849882,0.4713069763768216,0.19413849033795594,0.023813746816448766,,,
研究期,h5ens6,投票3,60,3,close,0.1172169051827543,-0.248697486890606,0.6598747710187802,0.048518518518518516,0.46444444444444444,0.4713232395239853,0.053513527,0.06953476489675636,0.1723898938513837,0.16295684516835163,0.0321095016174433,,,
研究期,h5ens6,投票3,100,1,open,0.042046594307597385,-0.3565330254863973,0.2859793832532517,0.04111111111111111,0.46444444444444444,0.11793183604866803,0.053513527,0.28299496512054545,0.10001597461605427,-0.0037911750119733467,-0.17205245726901275,,,
研究期,h5ens6,投票3,100,1,close,-0.00046699951765316605,-0.41644853465088816,0.1282158816694564,0.04111111111111111,0.46444444444444444,-0.0011213859067715417,0.053513527,0.35402737418263075,0.037816510151573945,-0.19509763286053505,-0.117406933324398,,,
研究期,h5ens6,投票3,100,2,open,0.09721977870668441,-0.35030929702159963,0.5382628725449108,0.04055555555555555,0.46444444444444444,0.27752554537737534,0.053513527,0.19169171163054188,0.2977780990462717,0.06853508049984436,-0.14793859862761638,,,
研究期,h5ens6,投票3,100,2,close,-0.031056043540062084,-0.3111633132491838,-0.045122254584696035,0.04055555555555555,0.46444444444444444,-0.0998062503441464,0.053513527,0.12260572489927779,-0.03294209627990374,-0.06930848760896091,-0.11899823314191349,,,
研究期,h5ens6,投票3,100,3,open,0.14765146162385134,-0.2763739706819408,0.8086758183083146,0.04148148148148147,0.46444444444444444,0.5342451796727736,0.053513527,0.11277439665129041,0.4134746830923668,0.16388818621402468,-0.09217050423770479,,,
研究期,h5ens6,投票3,100,3,close,0.044589990629361864,-0.2471123422721092,0.3219977968121303,0.04111111111111111,0.46444444444444444,0.18044420695208066,0.053513527,0.099545755011476,0.07121397188251,0.0707510601481991,-0.06866864850876797,,,
研究期,h5ens6,投票4,30,1,open,-0.025524832615924198,-0.35514628499113265,-0.0011571700215119534,0.05333333333333334,0.35777777777777775,-0.07187132090248813,0.053513527,-0.20386711257468992,0.03919276358566326,0.0937984082030312,0.004527353875662277,,,
研究期,h5ens6,投票4,30,1,close,0.031464300262113554,-0.3214154296119829,0.2496138073817469,0.05333333333333334,0.35777777777777775,0.0978929365652971,0.053513527,0.008527222096534004,0.030131014328834027,0.10892762630931774,-0.02693273770674376,,,
研究期,h5ens6,投票4,30,2,open,0.006147213840584698,-0.2618681762398253,0.1249294832490895,0.06055555555555556,0.35777777777777775,0.023474459282730595,0.053513527,-0.003416655481919828,0.1051879714663233,0.09268082413920675,-0.15008788668377215,,,
研究期,h5ens6,投票4,30,2,close,-0.05819455838522847,-0.310655392223788,-0.2567197128188396,0.06055555555555556,0.35777777777777775,-0.18732833822278105,0.053513527,-0.020512044397183904,-0.10602996784363683,0.12931849544967067,-0.18938109586496166,,,
研究期,h5ens6,投票4,30,3,open,0.005661024384599589,-0.21439780426075872,0.11707561642516975,0.06222222222222222,0.35777777777777775,0.026404302059523134,0.053513527,-0.05375729554338271,0.16487187449901297,0.0025077212885757927,-0.07599477598647753,,,
研究期,h5ens6,投票4,30,3,close,-0.040501070762691826,-0.2511982758197826,-0.17515266202980426,0.06222222222222222,0.35777777777777775,-0.16123148389660344,0.053513527,0.023091554025324923,-0.057424576626699975,0.008160813918939969,-0.11689925328111561,,,
研究期,h5ens6,投票4,60,1,open,-0.03554717801609997,-0.3316125028186673,-0.04411946528688115,0.04666666666666667,0.35777777777777775,-0.1071949269522504,0.053513527,-0.11064077062454247,0.054261872910393194,0.051532383128501724,-0.11249324035646002,,,
研究期,h5ens6,投票4,60,1,close,-0.04384936842052878,-0.3426216320773735,-0.09876976415390748,0.04666666666666667,0.35777777777777775,-0.12798190281991995,0.053513527,-0.016395476545695287,-0.016078972867181962,0.053675151383763664,-0.16884247513817707,,,
研究期,h5ens6,投票4,60,2,open,0.028779248723321826,-0.22052411893739288,0.2508461549484513,0.04833333333333333,0.35777777777777775,0.13050385990428692,0.053513527,0.0457527035312566,0.211648803180428,0.00586199531659104,-0.12882266429963174,,,
研究期,h5ens6,投票4,60,2,close,-0.050896011173665934,-0.2773189209595932,-0.2253182538711691,0.04833333333333333,0.35777777777777775,-0.18352880862781715,0.053513527,0.018928127945881723,-0.010634981964498746,0.025018731625195967,-0.20184087223651148,,,
研究期,h5ens6,投票4,60,3,open,0.0945462087365303,-0.17770067913054033,0.6399449288484822,0.051111111111111114,0.35777777777777775,0.5320531649013897,0.053513527,0.07262160438352949,0.1633947410575538,0.10957945405509983,0.007822160377353837,,,
研究期,h5ens6,投票4,60,3,close,0.03342485045819665,-0.24258643039701067,0.2862116540180714,0.051111111111111114,0.35888888888888887,0.13778532625874584,0.053513527,0.11822889720646224,-0.018793826807618763,0.12680105590103485,-0.08687580994791633,,,
研究期,h5ens6,投票4,100,1,open,-0.09657110775529099,-0.4388468467700618,-0.34353096438795333,0.04111111111111111,0.35777777777777775,-0.22005651508279012,0.053513527,0.0021325822517666015,-0.20971056241505237,0.024089003241180462,-0.15225588969585557,,,
研究期,h5ens6,投票4,100,1,close,-0.07848340356359629,-0.41282567458218555,-0.29106128042735385,0.04111111111111111,0.35777777777777775,-0.19011269985334153,0.053513527,0.09604462973810124,-0.2538849085503204,0.00488945073663416,-0.09984626601514279,,,
研究期,h5ens6,投票4,100,2,open,-0.031101856492183555,-0.3124838993365009,-0.10456459266687342,0.042222222222222223,0.35777777777777775,-0.09953106882697742,0.053513527,-0.013827404080717476,0.09733932729917139,0.01818556092274415,-0.19227092870691243,,,
研究期,h5ens6,投票4,100,2,close,-0.08243455224734741,-0.3548307513826904,-0.4548902432585041,0.042222222222222223,0.35777777777777775,-0.23232076680535643,0.053513527,0.039339536554159116,-0.1738008321630099,0.03594519554987552,-0.18152227852564295,,,
研究期,h5ens6,投票4,100,3,open,0.03814348219777086,-0.2790028831172183,0.3167091658363758,0.043703703703703696,0.35777777777777775,0.13671357719176516,0.053513527,0.14968817691007263,0.11513011487067759,0.08087144833998616,-0.17151223825214668,,,
研究期,h5ens6,投票4,100,3,close,-0.006514958737413257,-0.27395884277859894,0.03127576393905979,0.043703703703703696,0.35777777777777775,-0.023780793754769762,0.053513527,0.2179687022708794,-0.10649213559513993,0.08146584385576316,-0.1705653213826116,,,
研究期,h5ens6,不择时,30,1,open,-0.06690460443496704,-0.6596674919128418,0.021801349626035978,0.07944444444444444,1.0,-0.10142170637845993,0.053513527,0.1190570592880249,-0.45251327753067017,0.11591124534606934,0.13296425342559814,,,
研究期,h5ens6,不择时,30,1,close,-0.03848016801890253,-0.7363398020700171,0.10226700238147662,0.07944444444444444,1.0,-0.05225870978415957,0.053513527,0.23153509099729508,-0.5265393568355629,0.23534786094792115,0.2012160601071269,,,
研究期,h5ens6,不择时,60,1,open,0.15776801109313965,-0.5895861387252808,0.5514303602022423,0.058333333333333334,1.0,0.26759111881256104,0.053513527,0.1821730136871338,-0.35015177726745605,0.17851924896240234,0.8960098028182983,,,
研究期,h5ens6,不择时,60,1,close,0.18930441407646104,-0.5359883040662595,0.6105594175608425,0.05722222222222222,1.0,0.35318758383402893,0.053513527,0.2896791598760089,-0.25347604585495054,0.11552389272729258,0.764882874718374,,,
研究期,h5ens6,不择时,100,1,open,0.03065502643585205,-0.5605412721633911,0.2727509068300409,0.04833333333333333,1.0,0.054688259959220886,0.053513527,0.3992607593536377,-0.28975749015808105,-0.04218268394470215,0.17430508136749268,,,
研究期,h5ens6,不择时,100,1,close,0.07606599353501031,-0.5480911918504123,0.3804156094040643,0.04833333333333333,1.0,0.13878346279969156,0.053513527,0.6362229414847544,-0.26477798426323773,-0.09916424204466545,0.20929426407958807,,,
研究期,h5ens6,不择时,30,2,open,-0.05916941165924072,-0.5826691389083862,0.0008687803971603884,0.09,1.0,-0.10154890269041061,0.053513527,0.11504960060119629,-0.4374830722808838,0.09086740016937256,0.16706454753875732,,,
研究期,h5ens6,不择时,30,2,close,0.015606844388851293,-0.6052389954621759,0.22062279465457618,0.09,1.0,0.025786250565255648,0.053513527,0.15237820765134402,-0.42009625798563266,0.11814032058077983,0.41696901797029495,,,
研究期,h5ens6,不择时,60,2,open,0.09389221668243408,-0.43943333625793457,0.4343824014549218,0.057777777777777775,1.0,0.21366657316684723,0.053513527,0.08369898796081543,-0.055687129497528076,-0.02242964506149292,0.39182913303375244,,,
研究期,h5ens6,不择时,60,2,close,0.049348768099727325,-0.4825646666017198,0.3103622992314294,0.05611111111111111,1.0,0.102263533812468,0.053513527,0.21193775798679582,-0.17185940171666658,-0.038886736073686645,0.2382389021790674,,,
研究期,h5ens6,不择时,100,2,open,0.059642791748046875,-0.4312484860420227,0.33915137294569114,0.04833333333333333,1.0,0.13830260932445526,0.053513527,0.14542877674102783,-0.11367553472518921,0.0711064338684082,0.1386967897415161,,,
研究期,h5ens6,不择时,100,2,close,0.10074015131876757,-0.4075345856289696,0.4523497149419011,0.04833333333333333,1.0,0.24719411522653956,0.053513527,0.25507946477467547,-0.10331783137642048,-0.00909362143192105,0.27765341285343625,,,
研究期,h5ens6,不择时,30,3,open,0.060801029205322266,-0.4282386898994446,0.3438095831612684,0.09759259259259259,1.0,0.14197930693626404,0.053513527,0.16856896877288818,-0.23199236392974854,0.21921765804290771,0.13618814945220947,,,
研究期,h5ens6,不择时,30,3,close,0.10138116379208606,-0.4344327436181158,0.4582953721421244,0.09759259259259259,1.0,0.23336446269621947,0.053513527,0.14591531723170803,-0.18941755352905032,0.2169116697631137,0.2632207729966838,,,
研究期,h5ens6,不择时,60,3,open,0.16246604919433594,-0.39907002449035645,0.6389169953004348,0.06351851851851852,1.0,0.40711164474487305,0.053513527,0.18027222156524658,0.014808297157287598,0.13748502731323242,0.2789238691329956,,,
研究期,h5ens6,不择时,60,3,close,0.12176203870395841,-0.4207095859968074,0.5220630146635166,0.0624074074074074,1.0,0.28942064254481337,0.053513527,0.23089350385546714,-0.10340006940059909,0.10007742581076307,0.25839698677368395,,,
研究期,h5ens6,不择时,100,3,open,0.13098394870758057,-0.40886783599853516,0.5586065777175035,0.04722222222222222,1.0,0.32035768032073975,0.053513527,0.2051393985748291,-0.0021619200706481934,0.12925398349761963,0.15954339504241943,,,
研究期,h5ens6,不择时,100,3,close,0.15758967632786036,-0.4057607149492076,0.6330392673031087,0.04796296296296296,1.0,0.38838081293204335,0.053513527,0.2713823755368834,0.0009844122645401576,0.099183040175296,0.22644859696668762,,,
样本外,h5ens6,投票2,30,1,open,0.2982263180145086,-0.5002656448737275,0.8371039146149634,0.10178817056396149,0.6313617606602476,0.5961359151292194,0.034577727,,,,,0.24508169678190983,-0.017311363038894134,0.778749085023692
样本外,h5ens6,投票2,30,1,close,0.16930768002339502,-0.5505863255241039,0.5845327244329819,0.10178817056396149,0.6299862448418156,0.3075043316090911,0.034577727,,,,,0.006937695998885385,0.13326490105843836,0.39656252793945557
样本外,h5ens6,投票2,30,2,open,0.19490046905661518,-0.3882845945596488,0.7251210495190078,0.10729023383768914,0.6313617606602476,0.5019526187425762,0.034577727,,,,,0.08085440926552212,0.03985045416984234,0.512420111525236
样本外,h5ens6,投票2,30,2,close,0.2631773237633923,-0.4067937640442637,0.9108864068795156,0.10729023383768914,0.6299862448418156,0.6469551576871165,0.034577727,,,,,0.21909870907722273,0.18756231112096144,0.3855381797772717
样本外,h5ens6,投票2,30,3,open,0.2696022872224584,-0.26047568288621203,1.0237298417350829,0.11325080238422741,0.6313617606602476,1.035038220209728,0.034577727,,,,,0.15969687702662494,0.3638169534945046,0.28759172794240007
样本外,h5ens6,投票2,30,3,close,0.28409068110032054,-0.32145522141719907,1.0440897328405552,0.11416781292984869,0.6299862448418156,0.8837644006771782,0.034577727,,,,,0.07665725018296765,0.47494107288013665,0.3265072322753628
样本外,h5ens6,投票2,60,1,open,0.25612598790996666,-0.5283804561436812,0.7495108303062836,0.0907840440165062,0.6313617606602476,0.48473781520851505,0.034577727,,,,,-0.17792641626539152,0.35541392565851226,0.7704660255674027
样本外,h5ens6,投票2,60,1,close,0.26066029301093696,-0.5643908133319115,0.7695417778484474,0.0921595598349381,0.6299862448418156,0.46184361412992336,0.034577727,,,,,-0.06891518185892298,0.48049140352681197,0.44656399406698033
样本外,h5ens6,投票2,60,2,open,0.25439934912112405,-0.44270162686363657,0.8725905755040875,0.09972489683631362,0.6313617606602476,0.5746519409098209,0.034577727,,,,,-0.07838335975124078,0.30834846612784284,0.6293582929631889
样本外,h5ens6,投票2,60,2,close,0.3150531244327237,-0.46375142149587334,1.0325462355478208,0.10041265474552957,0.6299862448418156,0.6793577546705745,0.034577727,,,,,0.12497109120561967,0.37450605454686303,0.46252908018471195
样本外,h5ens6,投票2,60,3,open,0.20587968546478308,-0.31386649913458775,0.8306300107392576,0.10041265474552957,0.6313617606602476,0.6559466716978313,0.034577727,,,,,0.13624300028997882,0.15779791999707626,0.32782819447618694
样本外,h5ens6,投票2,60,3,close,0.22271323318390635,-0.3715956434213239,0.8644815688508326,0.10132966529115084,0.6299862448418156,0.5993429608952353,0.034577727,,,,,0.10612185216101855,0.2862029496118279,0.27959320555229494
样本外,h5ens6,投票2,100,1,open,0.23878932241609596,-0.5938435064824926,0.7140597952603732,0.0811554332874828,0.6313617606602476,0.40210816454071274,0.034577727,,,,,-0.12397173159534525,0.3373979166835668,0.6155035311593506
样本外,h5ens6,投票2,100,1,close,0.24437580603456288,-0.599976552382995,0.7365285274459203,0.08253094910591471,0.6299862448418156,0.40730892743049335,0.034577727,,,,,-0.177854440728744,0.8429506057502589,0.26603740335167747
样本外,h5ens6,投票2,100,2,open,0.15081955991856555,-0.4828982272277582,0.5966926623788421,0.09147180192572214,0.6313617606602476,0.31232162682475895,0.034577727,,,,,-0.053417453325710795,0.22564206236825224,0.3099339756557189
样本外,h5ens6,投票2,100,2,close,0.24364064870336866,-0.4861012763964997,0.84522837317692,0.09284731774415406,0.6313617606602476,0.5012137604523333,0.034577727,,,,,0.08463211725460629,0.5312188104582933,0.15298734495044042
样本外,h5ens6,投票2,100,3,open,0.20901783724586132,-0.3535047443576912,0.83473195733063,0.09261806510774873,0.6313617606602476,0.5912730750633665,0.034577727,,,,,0.15060276398688788,0.3465111856107934,0.13624909814613484
样本外,h5ens6,投票2,100,3,close,0.19119144046458136,-0.3918501486325554,0.7664550157273633,0.09261806510774873,0.6313617606602476,0.48791978548887793,0.034577727,,,,,-0.015230560917679603,0.5754839462942065,0.08552329635114919
样本外,h5ens6,投票3,30,1,open,0.15555872720929376,-0.5230284292657683,0.5608576350247665,0.07977991746905089,0.5295735900962861,0.29741925774028843,0.034577727,,,,,0.1337537975722387,0.058267602367467086,0.2822570282055996
样本外,h5ens6,投票3,30,1,close,0.08048321806702541,-0.5436087395179983,0.38935447050943756,0.07977991746905089,0.5281980742778541,0.1480535764351167,0.034577727,,,,,-0.06459623267865211,0.24174164681297072,0.08426345894820586
样本外,h5ens6,投票3,30,2,open,0.1909468751583443,-0.377138656007588,0.7579728861854499,0.08390646492434663,0.5295735900962861,0.5063041725282663,0.034577727,,,,,0.10870414634219228,0.37556726820614994,0.10363252472542372
样本外,h5ens6,投票3,30,2,close,0.17403610629300692,-0.39569817557217357,0.6992889065467138,0.08390646492434663,0.5281980742778541,0.43982034044345375,0.034577727,,,,,0.10773249459534773,0.41719097361624824,0.0274322375562015
样本外,h5ens6,投票3,30,3,open,0.18273500067558746,-0.35155082630394063,0.8160408595833656,0.08574048601558917,0.5295735900962861,0.5197968174240617,0.034577727,,,,,0.02624586129771056,0.448635013346822,0.10906846142838811
样本外,h5ens6,投票3,30,3,close,0.16516831247122887,-0.3408736997804548,0.7418332123894358,0.08711600183402109,0.5281980742778541,0.484544019024079,0.034577727,,,,,-0.007862316703554528,0.5074032870958394,0.054397017609055576
样本外,h5ens6,投票3,60,1,open,0.15986700149077793,-0.5498626173794467,0.5673667493822688,0.07015130674002751,0.5295735900962861,0.2907398983634809,0.034577727,,,,,-0.06718482599973175,0.30665561969680866,0.2762859717523347
样本外,h5ens6,投票3,60,1,close,0.0860433937174887,-0.5576275554747248,0.4049280262893596,0.07015130674002751,0.5281980742778541,0.15430262165620104,0.034577727,,,,,-0.13621826835550632,0.3182289912859273,0.12308360593861911
样本外,h5ens6,投票3,60,2,open,0.2404487376977844,-0.4325472096838534,0.8854738761135027,0.07702888583218707,0.5295735900962861,0.5558901602290469,0.034577727,,,,,0.003984417299360832,0.5970921417699582,0.18511889024650197
样本外,h5ens6,投票3,60,2,close,0.1882104983276156,-0.45372119392040144,0.7352108893386272,0.07702888583218707,0.5281980742778541,0.4148153113619689,0.034577727,,,,,0.00750483842205818,0.49621355299842973,0.10893152617740332
样本外,h5ens6,投票3,60,3,open,0.13043022998608178,-0.3545164804021881,0.6292092432808222,0.0761118752865658,0.5295735900962861,0.36791020219458537,0.034577727,,,,,0.054164562288350204,0.16921571224227705,0.16906099990454337
样本外,h5ens6,投票3,60,3,close,0.07294477934853894,-0.3568130294985402,0.4090629979973547,0.07748739110499771,0.5281980742778541,0.20443418069977562,0.034577727,,,,,0.020957774642642812,0.16515525731912262,0.03684526241187003
样本外,h5ens6,投票3,100,1,open,0.2071742631567257,-0.6123438409032276,0.6663469334246982,0.06327372764786796,0.5295735900962861,0.33832995339862776,0.034577727,,,,,0.05867570364243524,0.3853885573989808,0.19481247014949798
样本外,h5ens6,投票3,100,1,close,0.08439527041627648,-0.5937657978627598,0.4011612336038478,0.06327372764786796,0.5281980742778541,0.142135621014303,0.034577727,,,,,-0.22340780304539565,0.6620870013379285,-0.013731844321142717
样本外,h5ens6,投票3,100,2,open,0.13752034354688858,-0.47347622390199207,0.585125122750769,0.06808803301237965,0.5295735900962861,0.2904482561205752,0.034577727,,,,,0.03531672662395868,0.4560911073006657,-0.02620165373662031
样本外,h5ens6,投票3,100,2,close,0.13494495452161548,-0.47648909026657793,0.5742848947412942,0.0687757909215956,0.5295735900962861,0.2832068084625375,0.034577727,,,,,0.02396503351888013,0.5864524214041842,-0.10239412941993009
样本外,h5ens6,投票3,100,3,open,0.10422885634458345,-0.39180635767099825,0.5308328908528169,0.06694176983035303,0.5295735900962861,0.26602135035313784,0.034577727,,,,,0.06237514799372912,0.28599774672177647,-0.016494466509717087
样本外,h5ens6,投票3,100,3,close,0.08254614851151154,-0.37754400265210875,0.4447941695270487,0.06740027510316368,0.5295735900962861,0.21863980868893426,0.034577727,,,,,0.04720787218450195,0.37087923563559966,-0.11773044747958594
样本外,h5ens6,投票4,30,1,open,0.1555102720528403,-0.5090541120275505,0.5666918778359468,0.06740027510316368,0.4594222833562586,0.30548868652380895,0.034577727,,,,,0.17752507431032583,0.18566399993892513,0.10180131302200435
样本外,h5ens6,投票4,30,1,close,0.18771559357758094,-0.5118404041590339,0.6489945184341891,0.0687757909215956,0.4580467675378267,0.3667463374369638,0.034577727,,,,,-0.01745318811743679,0.3968674804641834,0.21646025625918575
样本外,h5ens6,投票4,30,2,open,0.05375837964061603,-0.4079930000390146,0.32993397603859004,0.06740027510316368,0.4594222833562586,0.13176299504029565,0.034577727,,,,,0.0025528641048244705,0.18633418458782303,-0.017250589957281903
样本外,h5ens6,投票4,30,2,close,0.1211287146610367,-0.40422394303723985,0.5633852880470848,0.06808803301237965,0.4580467675378267,0.2996574466888457,0.034577727,,,,,0.04916106962022915,0.29641433437047127,0.033624764886223124
样本外,h5ens6,投票4,30,3,open,0.09988604598508033,-0.37607565324507775,0.5342887813808886,0.0738193489225126,0.4594222833562586,0.26560093726670325,0.034577727,,,,,-0.02679881944002549,0.3620896212779181,0.0018148782417435338
样本外,h5ens6,投票4,30,3,close,0.10983775762131187,-0.34549283031261246,0.5753147435540239,0.07427785419532325,0.4580467675378267,0.31791617071163913,0.034577727,,,,,0.021404202750946233,0.22402311929356622,0.09109804439196578
样本外,h5ens6,投票4,60,1,open,-0.029148087647700938,-0.5466427785672741,0.10965053269855811,0.0577716643741403,0.4594222833562586,-0.053322002577435954,0.034577727,,,,,-0.08050754904808388,-0.09197486903530594,0.09667058049676225
样本外,h5ens6,投票4,60,1,close,0.03973604132921005,-0.5335920580643425,0.2842053845113271,0.0577716643741403,0.4580467675378267,0.07446895194309382,0.034577727,,,,,-0.09484014179065703,-0.015258967014905589,0.2600134771726592
样本外,h5ens6,投票4,60,2,open,0.007858475582450009,-0.42745672667835033,0.16282105592150323,0.06258596973865199,0.4594222833562586,0.018384259954255674,0.034577727,,,,,-0.01189358915142602,0.00998276134790288,0.02567865083342835
样本外,h5ens6,投票4,60,2,close,0.0802089942520785,-0.42651212227530155,0.4213391988480019,0.06327372764786796,0.4580467675378267,0.18805794739007642,0.034577727,,,,,0.0314174684889903,0.0920449099641849,0.11727929518180336
样本外,h5ens6,投票4,60,3,open,0.03160992565519183,-0.37892914411376577,0.2496774556812094,0.06556625401192114,0.4594222833562586,0.08341909337462201,0.034577727,,,,,-0.003239433905372846,0.0705325575030884,0.028202963137731185
样本外,h5ens6,投票4,60,3,close,0.030959075569185757,-0.3613204578507989,0.247008151370247,0.0664832645575424,0.4580467675378267,0.08568315160823187,0.034577727,,,,,0.07073451828647381,-0.03857574036060529,0.06379037705657309
样本外,h5ens6,投票4,100,1,open,-0.020320623493083056,-0.6095709311316126,0.13549866191335042,0.052269601100412656,0.4594222833562586,-0.033335945753449364,0.034577727,,,,,0.04355540586987594,-0.11507563877684157,0.01862173674540668
样本外,h5ens6,投票4,100,1,close,-0.009676852000106151,-0.5716938057341445,0.14617400372345288,0.052269601100412656,0.4580467675378267,-0.016926634333005508,0.034577727,,,,,-0.186206356154776,0.0506575312282147,0.1361661817583606
样本外,h5ens6,投票4,100,2,open,-0.05354246857594214,-0.46875290527538527,-0.0721119114028603,0.05570839064649243,0.4594222833562586,-0.11422322501550522,0.034577727,,,,,0.0015209064439363207,0.0029636171124127753,-0.1550170872499389
样本外,h5ens6,投票4,100,2,close,0.03783869819701935,-0.45041404270587737,0.27180963454250034,0.05639614855570839,0.4580467675378267,0.08400870001677148,0.034577727,,,,,0.03419881236233713,0.19402731910761495,-0.09543297312288435
样本外,h5ens6,投票4,100,3,open,-0.018231589684940874,-0.4148086906677392,0.03428857981470369,0.05685465382851902,0.4594222833562586,-0.043951802590231494,0.034577727,,,,,0.021986749223583457,0.05471526492533796,-0.12176566033350167
样本外,h5ens6,投票4,100,3,close,0.010394346836539059,-0.3819061491804999,0.1590232760097703,0.05731315910132967,0.4580467675378267,0.027217018785488028,0.034577727,,,,,0.10730197056367419,0.02553053918504178,-0.09183235426855307
样本外,h5ens6,不择时,30,1,open,0.2224036455154419,-0.6277336478233337,0.6427090049530677,0.09422283356258597,1.0,0.3542962074279785,0.034577727,,,,,0.3656047582626343,0.9040603637695312,-0.3003987669944763
样本外,h5ens6,不择时,30,1,close,0.12224207005351628,-0.6384579590123629,0.480152721157155,0.09422283356258597,1.0,0.19146455663676554,0.034577727,,,,,0.11747105159257898,1.0372793417321602,-0.3806353573297053
样本外,h5ens6,不择时,60,1,open,0.18963634967803955,-0.6571658849716187,0.5908229191278689,0.07634112792297111,1.0,0.2885669469833374,0.034577727,,,,,-0.08801513910293579,1.6905021667480469,-0.3162825107574463
样本外,h5ens6,不择时,60,1,close,0.1266576906004322,-0.6473402515378741,0.48895129136782856,0.07083906464924347,1.0,0.19565860503735694,0.034577727,,,,,-0.046209526415354474,1.4682511425776967,-0.3940004267256063
样本外,h5ens6,不择时,100,1,open,0.5565087795257568,-0.47702616453170776,1.0735684714524145,0.061210453920220086,1.0,1.1666210889816284,0.034577727,,,,,-0.025714874267578125,1.4985888004302979,0.5350979566574097
样本外,h5ens6,不择时,100,1,close,0.671498724763133,-0.5601386673625408,1.1982215682084014,0.05983493810178817,1.0,1.1988080164594603,0.034577727,,,,,-0.017334895420536678,2.0020124396249632,0.5664923627825522
样本外,h5ens6,不择时,30,2,open,0.4826163053512573,-0.49221378564834595,1.1839923278933158,0.09766162310866575,1.0,0.9805014133453369,0.034577727,,,,,0.6289631128311157,0.7750561237335205,0.11804318428039551
样本外,h5ens6,不择时,30,2,close,0.42045063273160554,-0.4972327324958359,1.0773807349662665,0.09972489683631362,1.0,0.8455811640178508,0.034577727,,,,,0.6549648306609817,0.8550018559736046,-0.07312358889017123
样本外,h5ens6,不择时,60,2,open,0.3916541337966919,-0.4808124899864197,1.0188371418312288,0.07702888583218707,1.0,0.8145673274993896,0.034577727,,,,,0.31279420852661133,0.8075218200683594,0.12816524505615234
样本外,h5ens6,不择时,60,2,close,0.4380694482584706,-0.503820111005453,1.0978335208453371,0.07427785419532325,1.0,0.869495755904292,0.034577727,,,,,0.44285611149228377,1.1801804074534124,-0.06159366755230267
样本外,h5ens6,不择时,100,2,open,0.2217024564743042,-0.49866753816604614,0.691048995846604,0.057083906464924346,1.0,0.4445897042751312,0.034577727,,,,,0.02364325523376465,0.8468921184539795,-0.03944110870361328
样本外,h5ens6,不择时,100,2,close,0.15328926192340853,-0.49810238992564215,0.5510266546613819,0.05570839064649243,1.0,0.3077464895245572,0.034577727,,,,,-0.044659148568904405,0.8563297944921251,-0.13755375726603636
样本外,h5ens6,不择时,30,3,open,0.3943840265274048,-0.44558554887771606,1.1084892928845056,0.11256304447501146,1.0,0.8850916028022766,0.034577727,,,,,0.7206475734710693,0.7416280508041382,-0.10145324468612671
样本外,h5ens6,不择时,30,3,close,0.3260101376774389,-0.45915906399827566,0.9602646329382614,0.11348005502063274,1.0,0.7100156857159706,0.034577727,,,,,0.4617345777969619,0.839184945071717,-0.13774563111691962
样本外,h5ens6,不择时,60,3,open,0.4153175354003906,-0.43870365619659424,1.1649900912314992,0.0800091701054562,1.0,0.9466926455497742,0.034577727,,,,,0.516332745552063,0.7857828140258789,0.03955376148223877
样本外,h5ens6,不择时,60,3,close,0.38951003873124357,-0.45504105989219623,1.1184911789743335,0.07817514901421366,1.0,0.8559887734604046,0.034577727,,,,,0.4841771464910174,0.8440143160979776,-0.0263395166346998
样本外,h5ens6,不择时,100,3,open,0.2567824125289917,-0.4348750114440918,0.8217239237403161,0.05800091701054562,1.0,0.5904740691184998,0.034577727,,,,,0.4916020631790161,0.5272407531738281,-0.13266700506210327
样本外,h5ens6,不择时,100,3,close,0.15859776104377898,-0.4425917079464824,0.5952263027913755,0.056625401192113706,1.0,0.35833875374582574,0.034577727,,,,,0.100191096696711,0.6773097973239728,-0.1597538158425892
