区间,规则,k,日均毛收益,股票池日均,胜率,日波动,年化_日换全仓,最大回撤
研究期,AE 排名,1,0.00090056437,0.0002364124,0.46503884572697,0.02717411,-0.24795496,-0.77186143
研究期,AE 排名,3,0.00063169963,0.0002364124,0.4961154273029967,0.023307519,-0.2790441,-0.7628684
研究期,AE 排名,5,0.00046482528,0.0002364124,0.4961154273029967,0.021431774,-0.30081213,-0.7875149
研究期,AE 排名,10,0.000690442,0.0002364124,0.516093229744728,0.020338159,-0.2570712,-0.7400592
研究期,rb 原始分(未中性),1,0.0013921427,0.0002364124,0.46614872364039955,0.034171756,-0.19355327,-0.8534963
研究期,rb 原始分(未中性),3,0.0007878579,0.0002364124,0.5027746947835738,0.023351545,-0.25121266,-0.768214
研究期,rb 原始分(未中性),5,0.0010914586,0.0002364124,0.516093229744728,0.020916872,-0.18298179,-0.7007473
研究期,rb 原始分(未中性),10,0.0010680184,0.0002364124,0.5260821309655938,0.018714646,-0.17891991,-0.66063595
研究期,AE前10%里最低波,1,-0.00024032593,0.0002364124,0.4550499445061043,0.036157172,-0.46864092,-0.9431657
研究期,AE前10%里最低波,3,-1.148165e-05,0.0002364124,0.4739178690344062,0.028009636,-0.401739,-0.8933761
研究期,AE前10%里最低波,5,0.00031949356,0.0002364124,0.49500554938956715,0.026432851,-0.3443929,-0.8803374
研究期,AE前10%里最低波,10,0.0009762041,0.0002364124,0.51165371809101,0.024601886,-0.22143811,-0.7627555
样本外,AE 排名,1,0.00070189417,0.00016538361,0.4024725274725275,0.028548794,-0.28913504,-0.8118797
样本外,AE 排名,3,0.0005245688,0.00016538361,0.47115384615384615,0.023533814,-0.2985084,-0.7478167
样本外,AE 排名,5,0.00063133414,0.00016538361,0.4958791208791209,0.021496594,-0.27202028,-0.69573003
样本外,AE 排名,10,0.000600416,0.00016538361,0.5164835164835165,0.018879822,-0.26815176,-0.6898967
样本外,rb 原始分(未中性),1,0.000137115,0.00016538361,0.44368131868131866,0.036576755,-0.41828424,-0.8395169
样本外,rb 原始分(未中性),3,0.00045597454,0.00016538361,0.49313186813186816,0.025449675,-0.31801426,-0.75821567
样本外,rb 原始分(未中性),5,0.000413857,0.00016538361,0.5178571428571429,0.022113588,-0.31196427,-0.7222337
样本外,rb 原始分(未中性),10,0.0007400678,0.00016538361,0.5247252747252747,0.019840328,-0.24617672,-0.61065745
样本外,AE前10%里最低波,1,0.0033649628,0.00016538361,0.49313186813186816,0.04238674,0.21228683,-0.6303748
样本外,AE前10%里最低波,3,0.001844918,0.00016538361,0.5247252747252747,0.02739326,-0.054570436,-0.68743324
样本外,AE前10%里最低波,5,0.0013868874,0.00016538361,0.5247252747252747,0.02416753,-0.13746804,-0.64749527
样本外,AE前10%里最低波,10,0.0007349522,0.00016538361,0.5343406593406593,0.021253187,-0.25255096,-0.64743173
