区间,模型,k,成交,滑点,年化,最大回撤,夏普,日换手,持仓天数占比,卡玛,基准年化,Y2023,Y2024,Y2025,Y2026,年换股次数,Y2020,Y2021,Y2022
研究期,rb_h5ens,2,open,0.001,0.22765716742939102,-0.23112457006116172,1.057910045380828,0.051111111111111114,0.46444444444444444,0.984997689207802,0.053513527,0.2781694382942643,0.6793892323439943,-0.10610970243180795,0.11055243992668107,24.942222222222224,,,
研究期,rb_h5ens,2,open,0.002,0.19745368170378064,-0.23654285019340404,0.9427272179632697,0.051111111111111114,0.46444444444444444,0.8347480447721712,0.053513527,0.2528336793942476,0.6368123820597396,-0.12738552401109948,0.08628677338635304,24.942222222222224,,,
研究期,rb_h5ens,2,open,0.003,0.1679629677692438,-0.24192837136481238,0.826995059064594,0.051111111111111114,0.46444444444444444,0.6942673437666659,0.053513527,0.2279754795594724,0.5952716265779334,-0.14817733309270065,0.06252771136635271,24.942222222222224,,,
研究期,rb_h5ens,2,close,0.001,0.14013688430222127,-0.22881403334851003,0.6817375093494312,0.051111111111111114,0.46444444444444444,0.61244881815783,0.053513527,0.30139862816912566,0.2916211129025774,-0.1616225780910019,0.15107129858791768,24.942222222222224,,,
研究期,rb_h5ens,2,close,0.002,0.11202770452023936,-0.23501685170636788,0.5737744761556789,0.051111111111111114,0.46444444444444444,0.4766794538640478,0.053513527,0.275622608828038,0.25855486239054315,-0.1816276698439092,0.1260385377420823,24.942222222222224,,,
研究期,rb_h5ens,2,close,0.003,0.08458264460912335,-0.24117597599708152,0.4656635305492419,0.051111111111111114,0.46444444444444444,0.35070924564288647,0.053513527,0.25033206024672516,0.2262985459885285,-0.20117648546342248,0.101525950141643,24.942222222222224,,,
研究期,rb_h5ens,3,open,0.001,0.17372859249291284,-0.21205567680360882,0.9404498708867498,0.04925925925925925,0.46444444444444444,0.8192593337353008,0.053513527,0.2041748862714443,0.4906179255541838,-0.024387365737541522,0.031024043830861325,36.05777777777778,,,
研究期,rb_h5ens,3,open,0.002,0.14586408297816789,-0.2168090459205947,0.8136588466810039,0.04925925925925925,0.46444444444444444,0.6727767393598049,0.053513527,0.18030450083517646,0.4552803734888613,-0.04706395055695756,0.009507212439994861,36.05777777777778,,,
研究期,rb_h5ens,3,open,0.003,0.11863747515166012,-0.22153796370126833,0.6864268551549828,0.04925925925925925,0.46444444444444444,0.5355175842982659,0.053513527,0.1568871918122836,0.4207504967789679,-0.06923342642661368,-0.011578211623924473,36.05777777777778,,,
研究期,rb_h5ens,3,close,0.001,0.1266155749127129,-0.19163607243788705,0.6879555570754674,0.04888888888888888,0.46444444444444444,0.6607084631926563,0.053513527,0.23574665762285818,0.26366183806985766,-0.06818293660148178,0.06680528004188124,35.78666666666666,,,
研究期,rb_h5ens,3,close,0.002,0.10004466751880958,-0.1981315022735617,0.5703166761490795,0.04888888888888888,0.46444444444444444,0.504940740724194,0.053513527,0.21127147160651516,0.23350596630379283,-0.08922049259416365,0.04459270976510643,35.78666666666666,,,
研究期,rb_h5ens,3,close,0.003,0.07407733826521845,-0.2045806868777338,0.45248841971086023,0.04888888888888888,0.46444444444444444,0.36209350645836014,0.053513527,0.18726042705959745,0.2040416684791213,-0.10980083077733704,0.02282352583177083,35.78666666666666,,,
研究期,rb_h5,2,open,0.001,0.22604249288885736,-0.2642280725007541,1.015388112643715,0.055,0.46444444444444444,0.8554825032386074,0.053513527,0.2123608555951022,0.6535752358902929,-0.024846383972796482,0.0847405998635884,26.84,,,
研究期,rb_h5,2,close,0.001,0.14881695451417887,-0.21975928346878926,0.6840570649368776,0.05277777777777778,0.46444444444444444,0.6771816515105912,0.053513527,0.16757625573898993,0.2525559968153459,-0.013635889469297058,0.15642380946156842,25.755555555555556,,,
研究期,rb_h5,3,open,0.001,0.17910446344813202,-0.3000667795511528,0.9202440604356693,0.05481481481481481,0.46444444444444444,0.5968820131173496,0.053513527,0.20945483635862394,0.5413252324417817,0.009146415231151561,-0.023922658508650163,40.12444444444444,,,
研究期,rb_h5,3,close,0.001,0.11808238460370823,-0.2686895053437368,0.6299682091968004,0.05481481481481481,0.46444444444444444,0.43947523909668307,0.053513527,0.20127586143906484,0.24579483957384296,-0.023310339619320386,0.03264478088783496,40.12444444444444,,,
研究期,rb_h5s1,2,open,0.001,0.16854040447970609,-0.24377336618242995,0.8149786502083273,0.049444444444444444,0.46444444444444444,0.6913815365439774,0.053513527,0.2589234184431066,0.3475430248255871,0.17030732930509918,-0.10532830660093928,24.12888888888889,,,
研究期,rb_h5s1,2,close,0.001,0.14680069413586483,-0.2484568484833769,0.7255866704302125,0.04888888888888889,0.46444444444444444,0.590849859973518,0.053513527,0.31645055223370555,0.14169213465716868,0.13667040389557883,-0.029859481509557417,23.857777777777777,,,
研究期,rb_h5s1,3,open,0.001,0.169338900807106,-0.1926515026216422,0.8864370673027878,0.04814814814814814,0.46444444444444444,0.8789908124395948,0.053513527,0.19823805023400354,0.35069488643788804,0.11784541932769788,-0.015722145319023273,35.24444444444445,,,
研究期,rb_h5s1,3,close,0.001,0.14019723591071753,-0.23902725039615336,0.7170185666911804,0.048518518518518516,0.46444444444444444,0.586532437947392,0.053513527,0.2594645646620124,0.09414149306361375,0.11578726833463304,0.05519136571553518,35.51555555555556,,,
研究期,rb_h5s2,2,open,0.001,0.19171808828922643,-0.2754331224866996,0.9172679006236593,0.05,0.46444444444444444,0.6960603959259994,0.053513527,0.13846115114880186,0.5272846622456555,0.05012481067909835,0.04589676096670603,24.400000000000002,,,
研究期,rb_h5s2,2,close,0.001,0.12030182916290055,-0.24176096210296094,0.6348290797777569,0.049444444444444444,0.46444444444444444,0.4976065123022902,0.053513527,0.17642554236795438,0.1949334716110489,-0.020234613040584826,0.10393438920218356,24.12888888888889,,,
研究期,rb_h5s2,3,open,0.001,0.06690177600119762,-0.2460573253210987,0.43115194538696117,0.052222222222222225,0.46444444444444444,0.2718950793840113,0.053513527,0.07625817430367454,0.319185561250259,-0.02250052506854161,-0.08504697695084118,38.22666666666667,,,
研究期,rb_h5s2,3,close,0.001,0.036691337067136454,-0.24724378916467493,0.28254707633663434,0.05,0.46444444444444444,0.1484014510176369,0.053513527,0.11727990424625379,0.1896658573848815,-0.057407729592641066,-0.08838262609095315,36.6,,,
样本外,rb_h5ens,2,open,0.001,0.2273827088258542,-0.3714912074180641,0.8704478034976275,0.07427785419532325,0.5295735900962861,0.6120809975724812,0.034577727,,,,,36.24759284731775,0.2238045815265699,0.36247120888861706,0.10427498186981432
样本外,rb_h5ens,2,open,0.002,0.18383435935523407,-0.3790836779797657,0.7421448167101357,0.07427785419532325,0.5295735900962861,0.4849440111347832,0.034577727,,,,,36.24759284731775,0.1748923423190487,0.3064498316018882,0.07715982753679551
样本外,rb_h5ens,2,open,0.003,0.14178866901352616,-0.3865919875367515,0.6132256650478997,0.07427785419532325,0.5295735900962861,0.3667656691928903,0.034577727,,,,,36.24759284731775,0.12788757579259125,0.25267678415007366,0.05068446143756278
样本外,rb_h5ens,2,close,0.001,0.14658296342045207,-0.4112067951017311,0.633146609587632,0.0749656121045392,0.5295735900962861,0.3564701876684406,0.034577727,,,,,36.583218707015135,0.034785002014030564,0.3975635017095127,0.03938741068051366
样本外,rb_h5ens,2,close,0.002,0.10546459669580077,-0.4186655361031085,0.5008697852096052,0.0749656121045392,0.5295735900962861,0.2519065640736835,0.034577727,,,,,36.583218707015135,-0.007725986703623122,0.3401582851767253,0.013805142859929065
样本外,rb_h5ens,2,close,0.003,0.06578083075361207,-0.42603710388408333,0.3682310146258107,0.0749656121045392,0.5295735900962861,0.15440164754173571,0.034577727,,,,,36.583218707015135,-0.04853187683569238,0.28505518194576185,-0.011172060831460162
样本外,rb_h5ens,3,open,0.001,0.17039503997777605,-0.36816219046099363,0.7675093801470245,0.07840440165061897,0.5295735900962861,0.4628260163392015,0.034577727,,,,,57.392022008253086,0.11960102926176841,0.22063109075606735,0.16936326225297949
样本外,rb_h5ens,3,open,0.002,0.1265776053539014,-0.37794286122526677,0.611402306548022,0.07840440165061897,0.5295735900962861,0.33491201538651855,0.034577727,,,,,57.392022008253086,0.07156009047320899,0.16859744604995397,0.13904583401747872
样本外,rb_h5ens,3,open,0.003,0.08436230526772115,-0.3879265524129393,0.4545622649400565,0.07840440165061897,0.5295735900962861,0.21746978839932393,0.034577727,,,,,57.392022008253086,0.02553999199291912,0.11873471138710734,0.10948832172952083
样本外,rb_h5ens,3,close,0.001,0.09572480521218152,-0.35052711348775367,0.49989119301239676,0.07886290692342962,0.5295735900962861,0.27308816216730647,0.034577727,,,,,57.72764786795049,0.10047369121206073,0.15499177273513842,0.03307623215002753
样本外,rb_h5ens,3,close,0.002,0.05444693546634727,-0.3609374853065712,0.3404750422109732,0.07886290692342962,0.5295735900962861,0.15084865851520357,0.034577727,,,,,57.72764786795049,0.05258140796476107,0.10572709552435744,0.006233384248577112
样本外,rb_h5ens,3,close,0.003,0.014688416325109976,-0.37118954753378886,0.18048216867396982,0.07886290692342962,0.5295735900962861,0.03957120135171077,0.034577727,,,,,57.72764786795049,0.006733055300122581,0.05851952964422402,-0.019934423846048266
样本外,rb_h5,2,open,0.001,0.18779384287605994,-0.405583804075735,0.766614366754597,0.07702888583218707,0.5295735900962861,0.4630210599854057,0.034577727,,,,,37.59009628610729,0.27931277896445095,0.3603385357230757,-0.04044937898892187
样本外,rb_h5,2,close,0.001,0.000730162170305082,-0.41322353385044264,0.13484704073161966,0.07565337001375516,0.5295735900962861,0.0017669907701078529,0.034577727,,,,,36.91884456671252,0.08467124810674642,0.1328829296366063,-0.18442986858724741
样本外,rb_h5,3,open,0.001,0.11478979910209275,-0.3842650256623755,0.5716254415862593,0.07473635946813388,0.5295735900962861,0.2987255967524607,0.034577727,,,,,54.70701513067401,0.07040365763621725,0.2804461773571183,0.008562871635244829
样本外,rb_h5,3,close,0.001,0.04482458514670995,-0.3731843505079655,0.30181458754856794,0.07427785419532325,0.5295735900962861,0.12011378581576716,0.034577727,,,,,54.37138927097662,0.07759986841293087,0.2050520525336026,-0.1224404842789244
样本外,rb_h5s1,2,open,0.001,0.03886767360399035,-0.46349278125168714,0.27545545787112186,0.07909215955983494,0.5295735900962861,0.08385820702325959,0.034577727,,,,,38.59697386519945,-0.111229247442315,0.35029160597920717,-0.06647914148127088
样本外,rb_h5s1,2,close,0.001,0.05431829360660889,-0.4592005992639743,0.32651319006987184,0.07909215955983494,0.5281980742778541,0.11828881254439237,0.034577727,,,,,38.59697386519945,-0.06926291634677739,0.47910720771735615,-0.14961063071700131
样本外,rb_h5s1,3,open,0.001,0.0968928465204506,-0.40719014712342005,0.5001393533319619,0.08390646492434663,0.5295735900962861,0.23795479140383574,0.034577727,,,,,61.419532324621734,0.04944360203753395,0.27458927509211417,-0.015217751218907893
样本外,rb_h5s1,3,close,0.001,0.013327321667629288,-0.3744614156307867,0.17686473131830924,0.083447959651536,0.5281980742778541,0.03559064061427847,0.034577727,,,,,61.083906464924354,-0.056009171244509104,0.22914451868144048,-0.10347849676141341
样本外,rb_h5s2,2,open,0.001,0.13920761291763228,-0.3714912074180641,0.6017023172381271,0.07565337001375516,0.5295735900962861,0.37472653494318797,0.034577727,,,,,36.91884456671252,0.00485720391573552,0.40062437025796993,0.04766566625125557
样本外,rb_h5s2,2,close,0.001,0.03589358612101168,-0.4112067951017311,0.2652286442535872,0.07634112792297111,0.5295735900962861,0.08728840707053913,0.034577727,,,,,37.25447042640991,-0.08715575061301506,0.28085673198194616,-0.04997647833793273
样本外,rb_h5s2,3,open,0.001,0.09912971914213076,-0.2928304462525215,0.513095460579513,0.07886290692342961,0.5295735900962861,0.33852258332675733,0.034577727,,,,,57.72764786795049,0.034204395764199313,0.2779016718371914,0.0027712356260394255
样本外,rb_h5s2,3,close,0.001,0.04538098425473858,-0.3206678474166651,0.30399855229138356,0.07932141219624025,0.5295735900962861,0.14152021981727417,0.034577727,,,,,58.063273727647875,0.04117828615687835,0.16393968817070137,-0.05816844449227643
