区间,模型,k,M,择时,成交,年化,最大回撤,夏普,日换手,持仓天数占比,卡玛,基准年化,Y2023,Y2024,Y2025,Y2026,超额年化,超额IR,Y2020,Y2021,Y2022
研究期,rb_h5ens,10,20,不择时,open,-0.008709251880645752,-0.44807177782058716,0.10715030583839247,0.173,1.0,-0.01943718083202839,0.053513527,-0.09343284368515015,0.04466724395751953,0.0625530481338501,-0.0378151535987854,-0.05417998135089874,-0.2775585353374481,,,
研究期,rb_h5ens,10,20,不择时,close,-0.009660420788877633,-0.4468259840646017,0.10138604988876207,0.1715555555555556,1.0,-0.021620096264323197,0.053513527,-0.09045483605994475,0.01752139915549744,0.008244876110778954,0.03398880860602094,-0.05613870749853758,-0.29289262674470623,,,
研究期,rb_h5ens,10,20,投票,open,0.02588098771550862,-0.19445457836178592,0.24581519241399663,0.10044444444444445,0.46444444444444444,0.13309528597139336,0.053513527,-0.039123214371287296,0.2060034394308654,-0.012061850621006065,-0.04018952652441954,-0.044902979525116585,-0.3326179536698425,,,
研究期,rb_h5ens,10,20,投票,close,-0.02617240268543286,-0.1880288819244349,-0.09303274449447085,0.09955555555555556,0.46444444444444444,-0.1391935239818691,0.053513527,-0.044980924559354984,0.0655047850597068,-0.07371463047089377,-0.037936793149167425,-0.09614359613785313,-0.6945128909699186,,,
研究期,rb_h5ens,10,40,不择时,open,0.14672327041625977,-0.34576714038848877,0.6474457437810324,0.0998888888888889,1.0,0.4243412911891937,0.053513527,0.1199725866317749,0.13401663303375244,0.19353413581848145,0.09308421611785889,0.08847730606794357,0.4606884717941284,,,
研究期,rb_h5ens,10,40,不择时,close,0.105800122191825,-0.35997490133408405,0.5099905721955689,0.09922222222222224,1.0,0.2939097192602171,0.053513527,0.05686715109603124,0.10821294654282076,-0.02622020979324602,0.2705681398575246,0.05243267199007782,0.2745826682217558,,,
研究期,rb_h5ens,10,40,投票,open,0.06779517296406667,-0.18468752464131488,0.5234367214826906,0.06311111111111112,0.46444444444444444,0.36708041377311734,0.053513527,-0.009612403314990248,0.26293624047517405,0.02191972840757095,-0.0035050219975869545,-0.005456602766838235,-0.04103549640984352,,,
研究期,rb_h5ens,10,40,投票,close,0.028014993593584503,-0.1753314721739342,0.25565902630029425,0.0628888888888889,0.46444444444444444,0.15978302837606229,0.053513527,-0.026699586150820687,0.1415479903981085,-0.03353911162332668,0.03118098760643706,-0.04218684654125893,-0.3061405971941454,,,
研究期,rb_h5ens,10,80,不择时,open,0.13589012622833252,-0.38393694162368774,0.6100841052710667,0.0631111111111111,1.0,0.35393866896629333,0.053513527,0.0363849401473999,0.1795973777770996,0.1960735321044922,0.0941992998123169,0.07936932146549225,0.40421080589294434,,,
研究期,rb_h5ens,10,80,不择时,close,0.13308571646850642,-0.3826517357813126,0.5962823958456023,0.0631111111111111,1.0,0.34779854375093067,0.053513527,0.044018813097341125,0.10880712714389196,0.11475438194011423,0.22858729832768288,0.07784952884133517,0.3936581400486936,,,
研究期,rb_h5ens,10,80,投票,open,0.05080127887195651,-0.2226406321472123,0.4081784118742164,0.045666666666666675,0.46444444444444444,0.22817613470647252,0.053513527,0.0360721225892251,0.21435197048256582,0.031162024456484527,-0.07462501673414745,-0.021037574615167816,-0.15617922879961707,,,
研究期,rb_h5ens,10,80,投票,close,0.03115474084474834,-0.19943693833091547,0.2712897797752542,0.04566666666666667,0.46444444444444444,0.15621349337530885,0.053513527,0.08628288156864894,0.10467532316638906,-0.023069840944788034,-0.044778219165563016,-0.038281982496224304,-0.274069543708507,,,
研究期,rb_h5ens,20,40,不择时,open,0.05977475643157959,-0.4126777648925781,0.3570961355737093,0.12077777777777778,1.0,0.1448460817337036,0.053513527,-0.04989141225814819,0.15692389011383057,0.2105710506439209,-0.06903743743896484,0.005520408041775227,0.03201531991362572,,,
研究期,rb_h5ens,20,40,不择时,close,0.05638886604604387,-0.4219453328356936,0.3442686515794142,0.12027777777777778,1.0,0.13364021748286956,0.053513527,-0.04680792151497748,0.06432847845285083,0.12702792280319497,0.07073979769939376,0.002435543949098533,0.014122746905056603,,,
研究期,rb_h5ens,20,40,投票,open,0.04818446600357862,-0.18962233863924371,0.41708370520509364,0.07227777777777777,0.46444444444444444,0.2541075400153645,0.053513527,-0.005280665709655463,0.18068471753162374,0.07755221113939825,-0.06003386709214509,-0.025514782445970923,-0.21404878744361228,,,
研究期,rb_h5ens,20,40,投票,close,0.022318040715287424,-0.19338222249218684,0.227801281086591,0.07211111111111111,0.46444444444444444,0.11540895759530911,0.053513527,0.03316757238698442,0.117490610153137,0.013050175036543488,-0.07250263818170655,-0.04988180381574979,-0.39864118492564465,,,
研究期,rb_h5ens,20,80,不择时,open,0.11166036128997803,-0.40835708379745483,0.5540940484067888,0.06916666666666667,1.0,0.273438036441803,0.053513527,-0.05374038219451904,0.24513792991638184,0.1874634027481079,0.05614042282104492,0.05209657549858093,0.29948538541793823,,,
研究期,rb_h5ens,20,80,不择时,close,0.10044131539426115,-0.4063103309816911,0.5099459585606061,0.0688888888888889,1.0,0.24720344951993645,0.053513527,-0.052643552581462805,0.17214874267523328,0.10977675240857176,0.1550179190150014,0.042547256016447724,0.24501587340812278,,,
研究期,rb_h5ens,20,80,投票,open,0.09052413617797384,-0.18566965788695555,0.7107945618698182,0.04833333333333334,0.46444444444444444,0.48755481756254004,0.053513527,0.025223404094444568,0.2447842627678103,0.10100074594777197,-0.020242832310388814,0.014123541679129832,0.11513645640431597,,,
研究期,rb_h5ens,20,80,投票,close,0.06908111033105713,-0.17131658614455858,0.544003241240866,0.04822222222222223,0.46444444444444444,0.4032365568665128,0.053513527,0.05230844570631743,0.17323914707586985,0.04919492552331417,-0.012309821505467,-0.004950788268850503,-0.038896308724031256,,,
研究期,rb_h5ens,20,160,不择时,open,0.09231293201446533,-0.3847169876098633,0.49133371370862416,0.04577777777777778,1.0,0.2399502396583557,0.053513527,-0.0130462646484375,0.12490320205688477,0.1691361665725708,0.06700611114501953,0.03254275023937225,0.19630329310894012,,,
研究期,rb_h5ens,20,160,不择时,close,0.08854165325934882,-0.3792737873756482,0.47020490727052777,0.04533333333333333,1.0,0.23345049462027165,0.053513527,0.02826386252475066,0.11161642063199606,0.09367840435695696,0.09384230819671968,0.030575043653930642,0.1828401690868041,,,
研究期,rb_h5ens,20,160,投票,open,0.07928446173529613,-0.2083162842962224,0.6300983248895151,0.038111111111111116,0.46555555555555556,0.38059656259303715,0.053513527,0.04315403548121344,0.20580617932376866,0.11090933521974211,-0.051760354579321044,0.009370115483923453,0.07747898314044507,,,
研究期,rb_h5ens,20,160,投票,close,0.057061581802184014,-0.19271961589030195,0.4627076947726606,0.038000000000000006,0.46555555555555556,0.2960860083628647,0.053513527,0.0932837504764914,0.12474107306873017,0.0544694524888476,-0.053599289998149224,-0.010700419612363402,-0.08537931544917085,,,
研究期,rb_h5ens,50,100,不择时,open,0.06670224666595459,-0.42384618520736694,0.3943818640615487,0.08375555555555556,1.0,0.15737371146678925,0.053513527,-0.03002011775970459,0.058191657066345215,0.23650550842285156,-0.0001971721649169922,0.00766403041779995,0.0513833612203598,,,
研究期,rb_h5ens,50,100,不择时,close,0.047503822839311205,-0.42029105415332346,0.31618703949742205,0.08320000000000001,1.0,0.11302601463884993,0.053513527,-0.036993634136560205,0.026072731191896237,0.15676935416898408,0.03822243398576575,-0.010629824140234851,-0.07253529613359462,,,
研究期,rb_h5ens,50,100,投票,open,0.05946193094419705,-0.18902224803217327,0.5131875479642555,0.05566666666666668,0.46444444444444444,0.31457636105394376,0.053513527,0.04622075077347776,0.18556842741496182,0.03160693994855657,-0.032917013917592275,-0.015568233188241718,-0.14796925490545165,,,
研究期,rb_h5ens,50,100,投票,close,0.026322887429465203,-0.19429414233720255,0.2621217522534927,0.05526666666666667,0.4666666666666667,0.13547957294451599,0.053513527,0.0451524646184045,0.1501486243941843,-0.008339790357482335,-0.07673821039543949,-0.046604150353645034,-0.42160788978765806,,,
研究期,rb_h5ens,50,200,不择时,open,0.09901738166809082,-0.39629048109054565,0.5369433296322964,0.04886666666666667,1.0,0.24986061453819275,0.053513527,0.028698444366455078,0.0728987455368042,0.2558954954147339,0.021988987922668457,0.03515937924385071,0.23977816104888916,,,
研究期,rb_h5ens,50,200,不择时,close,0.08489193474662748,-0.389669037633503,0.4764960879028468,0.04877777777777778,1.0,0.21785650525939718,0.053513527,0.020924425605010732,0.058780175842865434,0.19345915812871928,0.046928317505507966,0.02257956560673037,0.15553284237205864,,,
研究期,rb_h5ens,50,200,投票,open,0.07892160164133144,-0.19732749572989838,0.6482894517596526,0.04108888888888888,0.46555555555555556,0.3999523804293307,0.053513527,0.06688198074013818,0.1964041593874497,0.07137957875868794,-0.03228748826322436,0.008288488499690883,0.07733432236983885,,,
研究期,rb_h5ens,50,200,投票,close,0.044955002079363204,-0.1969897645649744,0.3948610106370936,0.040799999999999996,0.4666666666666667,0.2282098370879336,0.053513527,0.06907161277648033,0.14808490752944636,0.022649160581726946,-0.06301107935704398,-0.02130032057045287,-0.1902783324826257,,,
研究期,rb_h5ens,50,400,不择时,open,0.13632094860076904,-0.34350770711898804,0.7083727743419117,0.0266,1.0,0.39684975147247314,0.053513527,0.04724574089050293,0.18386447429656982,0.1927640438079834,0.08345627784729004,0.06643014401197433,0.4441749155521393,,,
研究期,rb_h5ens,50,400,不择时,close,0.13260469949904063,-0.3386835712508992,0.6906750993675557,0.026466666666666666,1.0,0.3915297662926972,0.053513527,0.031570433548383514,0.18683536367590348,0.16886900017275996,0.10615032916805611,0.06331074183516748,0.4268493330237762,,,
研究期,rb_h5ens,50,400,投票,open,0.08799124307994566,-0.19183751094942147,0.7166820985574301,0.0318,0.46555555555555556,0.45867590047675716,0.053513527,0.09539135174935143,0.20090422382127615,0.07143415377404927,-0.031609496737368015,0.016554361651198835,0.149188727335863,,,
研究期,rb_h5ens,50,400,投票,close,0.04848348541713854,-0.19337369692304274,0.42064573956849455,0.03175555555555555,0.4666666666666667,0.250724303194315,0.053513527,0.08857835289566651,0.1527528215971321,0.025389360981902698,-0.07454085471377914,-0.017953006416363906,-0.15478063637909942,,,
研究期,AE,10,20,不择时,close,-0.1700357392667875,-0.6519064850247869,-0.43203981752297266,0.35511111111111116,1.0,-0.2608284212118589,0.053513527,-0.058682402361916686,-0.3628739388403538,0.05989584049871066,-0.20891374308115895,-0.22018329241813264,-1.3676972646401124,,,
研究期,AE,10,40,不择时,close,-0.04002955750935577,-0.5615898531681791,0.028000050647146554,0.23977777777777778,1.0,-0.07127898996666547,0.053513527,0.08173319700037096,-0.30301862226044096,0.28550471061076066,-0.11255247955023362,-0.07505751080871456,-0.4828602312395568,,,
研究期,AE,10,80,不择时,close,0.006932916636878117,-0.5833628129426207,0.1803560319782344,0.1598888888888889,1.0,0.011884399353306114,0.053513527,0.10246170759917073,-0.2522038617983109,0.36091556507734435,-0.0856980505026752,-0.02680775844254945,-0.1721889164442796,,,
研究期,AE,20,40,不择时,close,-0.13041682882775996,-0.6099115916074634,-0.31491378263790665,0.30644444444444446,1.0,-0.21382907067569834,0.053513527,-0.0962751946145497,-0.2811784487526422,0.1281369274887807,-0.18505464323709941,-0.1783746651965804,-1.385323260910648,,,
研究期,AE,20,80,不择时,close,-0.043081032484975634,-0.5755234048190621,0.0011808060201082436,0.19211111111111115,1.0,-0.07485539619108943,0.053513527,0.03887683446381218,-0.2462676646131936,0.2832853154867814,-0.1540335602726276,-0.08351966343705904,-0.6368225150721881,,,
研究期,AE,20,160,不择时,close,0.020576801644617504,-0.49676374076430574,0.21790474797109494,0.12094444444444447,1.0,0.04142170604673895,0.053513527,0.10770616119823506,-0.11989345499721749,0.25428258889117195,-0.11839846452056058,-0.01873169599251925,-0.1471739572237826,,,
研究期,AE,50,100,不择时,close,-0.05031584339930095,-0.5736520963499281,-0.04380572740544754,0.22617777777777778,1.0,-0.08771142600097509,0.053513527,-0.10637689999388666,-0.21067395319672366,0.316955849624843,-0.11014700855272441,-0.0961382796093656,-0.9108541071568432,,,
研究期,AE,50,200,不择时,close,0.040721548427921306,-0.495722129717031,0.2829874109504474,0.12224444444444446,1.0,0.08214591600170452,0.053513527,-0.03169805805035808,-0.10750875227382706,0.4400383030430446,-0.0689991238425871,-0.00568226871089389,-0.05486684384136831,,,
研究期,AE,50,400,不择时,close,0.1657993290345101,-0.39967926961265154,0.69164733174668,0.06282222222222222,1.0,0.41483094481030813,0.053513527,0.09965716673005498,0.05090640304398386,0.5381384698133389,-0.009335165913744725,0.10806450087956464,1.117249981436767,,,
样本外,rb_h5ens,10,20,不择时,open,0.4065983295440674,-0.3222637176513672,1.3368975159501182,0.20453920220082533,1.0,1.2616944313049316,0.034577727,,,,,0.3197530210018158,1.7366079092025757,0.43814361095428467,0.6307390928268433,0.17838609218597412
样本外,rb_h5ens,10,20,不择时,close,0.15318058553800462,-0.3701406243041333,0.6476109466288397,0.20343878954607983,1.0,0.4138442945191036,0.034577727,,,,,0.1195971336271665,0.6353136408309571,0.03716284846479034,0.45328315153268117,0.014440053666587183
样本外,rb_h5ens,10,20,投票,open,0.16444910160562554,-0.2640753689116676,0.9761124885425997,0.1302613480055021,0.5337001375515819,0.6227354799630451,0.034577727,,,,,0.14360266310570216,1.108381365440715,0.03297114177514504,0.35268216155740584,0.12647783393231382
样本外,rb_h5ens,10,20,投票,close,0.02383625351893115,-0.25681319618894194,0.22278643311814242,0.12916093535075654,0.530949105914718,0.09281553235058218,0.034577727,,,,,0.024257921539856803,0.18021406162301198,-0.05233766996840705,0.09694210917350499,0.03191646841946816
样本外,rb_h5ens,10,40,不择时,open,0.36327171325683594,-0.34113258123397827,1.2342923045018828,0.13246217331499313,1.0,1.0648988485336304,0.034577727,,,,,0.28790155053138733,1.5473856925964355,0.4535253047943115,0.569405198097229,0.10364997386932373
样本外,rb_h5ens,10,40,不择时,close,0.2225497841932338,-0.3959215361069215,0.8524082647693562,0.12957359009628613,1.0,0.5621057808109045,0.034577727,,,,,0.17851636160946635,0.9354534129784359,0.34183641377761,0.5285672811524051,-0.11278826329652591
样本外,rb_h5ens,10,40,投票,open,0.12884610271914876,-0.2545706659231305,0.7829282298810073,0.09628610729023383,0.5337001375515819,0.5061309882343428,0.034577727,,,,,0.11312851304011586,0.8408435242758994,-0.0096683135031852,0.271350087265275,0.13967179689178777
样本外,rb_h5ens,10,40,投票,close,0.05071914736200589,-0.2521003904774023,0.37101848835745843,0.09436038514442915,0.530949105914718,0.20118631020744984,0.034577727,,,,,0.05028648006285384,0.37002675831380805,0.05304028360705848,0.0845353979705521,0.01468425807228213
样本外,rb_h5ens,10,80,不择时,open,0.31594419479370117,-0.339649498462677,1.1083634841701806,0.09174690508940851,1.0,0.9302065968513489,0.034577727,,,,,0.252634733915329,1.3675273656845093,0.6148427724838257,0.34985995292663574,0.039562106132507324
样本外,rb_h5ens,10,80,不择时,close,0.26046107546004005,-0.3696568092557163,0.9608666061169073,0.09009628610729023,1.0,0.7046024013042371,0.034577727,,,,,0.20901939233413486,1.116193635785497,0.5732972507410745,0.20825073217132584,0.04848068861506527
样本外,rb_h5ens,10,80,投票,open,0.12155891310969436,-0.24801313147603965,0.7448278207506381,0.07675378266850068,0.5337001375515819,0.4901309555112733,0.034577727,,,,,0.10666581575196375,0.7983263411427174,0.11393660084837154,0.0982126881927523,0.15053119348148147
样本外,rb_h5ens,10,80,投票,close,0.07655671884060378,-0.2585518044933591,0.5091127486651815,0.07565337001375516,0.53232462173315,0.2960981803651273,0.034577727,,,,,0.07448196255974214,0.5568921464893392,0.13838979132483864,0.009966868509337257,0.08356790630863031
样本外,rb_h5ens,20,40,不择时,open,0.2679175138473511,-0.3483097553253174,1.0333499509675235,0.17558459422283357,1.0,0.7691932320594788,0.034577727,,,,,0.20982450246810913,1.3599249124526978,0.42464709281921387,0.44938433170318604,-0.017642676830291748
样本外,rb_h5ens,20,40,不择时,close,0.1664050357629827,-0.3662589297474097,0.7206220844931485,0.17303988995873454,1.0,0.454337143063635,0.034577727,,,,,0.12565675586493855,0.8120585115712745,0.28109574598052633,0.38276468883676507,-0.10700624076966991
样本外,rb_h5ens,20,40,投票,open,0.08320398099981063,-0.271746616577745,0.5795453878914114,0.1159559834938102,0.5364511691884457,0.3061822150635921,0.034577727,,,,,0.07627432343882778,0.6805585393730034,0.004461257909789129,0.16658032442652604,0.08285829784743881
样本外,rb_h5ens,20,40,投票,close,0.05744562429854572,-0.2694246502521609,0.42797966880471205,0.11478679504814306,0.5350756533700137,0.21321591860574376,0.034577727,,,,,0.06033441054542193,0.5251109393664656,0.033734500201255235,0.12234500536484694,0.017985643432514742
样本外,rb_h5ens,20,80,不择时,open,0.2952554225921631,-0.36119580268859863,1.1230957893612552,0.11093535075653371,1.0,0.8174386620521545,0.034577727,,,,,0.23041699826717377,1.5042846202850342,0.6083390712738037,0.4225633144378662,-0.055252909660339355
样本外,rb_h5ens,20,80,不择时,close,0.23374816077855476,-0.3676231961816354,0.9393050812706563,0.11024759284731775,1.0,0.6358362671518267,0.034577727,,,,,0.1814214113411382,1.1759717878767442,0.3900935800933094,0.42465993159163706,-0.05581975112526616
样本外,rb_h5ens,20,80,投票,open,0.11743229176089409,-0.27683238935731835,0.7821544275464845,0.08459422283356259,0.5364511691884457,0.42419997180792185,0.034577727,,,,,0.10701813086288618,0.9666775656281461,0.10054514178192475,0.128231900241224,0.12116434205446214
样本外,rb_h5ens,20,80,投票,close,0.0842400758723878,-0.2666077420046551,0.5851882991380897,0.08404401650618983,0.5364511691884457,0.31597010363981454,0.034577727,,,,,0.0850255882508407,0.7418637658860945,0.06611468672342813,0.1286005515833324,0.05757797778620111
样本外,rb_h5ens,20,160,不择时,open,0.3182640075683594,-0.32903361320495605,1.1984675457116392,0.07379642365887208,1.0,0.9672690033912659,0.034577727,,,,,0.24749423563480377,1.6491411924362183,0.42813706398010254,0.45891082286834717,0.09332478046417236
样本外,rb_h5ens,20,160,不择时,close,0.18813989934832676,-0.3651823674100628,0.7968684016697727,0.07297111416781293,1.0,0.5151943690015698,0.034577727,,,,,0.1434408938768941,0.9553633508870037,0.31937627483519315,0.30459295377935147,-0.028987388787963475
样本外,rb_h5ens,20,160,投票,open,0.11268211453596311,-0.2623186667028513,0.7378019524690104,0.06815680880330123,0.5364511691884457,0.4295619368316128,0.034577727,,,,,0.10355013232280089,0.9333538476264746,0.06839126406691665,0.11222215109162481,0.1567545738314322
样本外,rb_h5ens,20,160,投票,close,0.0643232357365342,-0.2674266037896862,0.4647115703954929,0.06788170563961486,0.5350756533700137,0.2405266896599423,0.034577727,,,,,0.06777368484166586,0.6070205658592628,0.06405157089722757,0.07124107171319882,0.05636974032795439
样本外,rb_h5ens,50,100,不择时,open,0.2229926586151123,-0.3259561061859131,0.9426140526914945,0.14118294360385147,1.0,0.6841186881065369,0.034577727,,,,,0.169214129447937,1.356097936630249,0.41187918186187744,0.3869982957839966,-0.06973552703857422
样本外,rb_h5ens,50,100,不择时,close,0.17580315910014965,-0.35171512301449515,0.7869655499754648,0.13991746905089408,1.0,0.4998453225251401,0.034577727,,,,,0.1293319166829679,1.0351354294168922,0.3474121295478272,0.3390955430660556,-0.1020532815222458
样本外,rb_h5ens,50,100,投票,open,0.09554231010190128,-0.23762266997611226,0.6734680260663396,0.09966987620357635,0.5378266850068776,0.40207573676158914,0.034577727,,,,,0.08726769406308434,0.9230583759697849,0.08690746400915206,0.15046133593013367,0.04956851105840654
样本外,rb_h5ens,50,100,投票,close,0.06768895889784843,-0.23306646024464495,0.5084259384351779,0.09870701513067401,0.5392022008253095,0.2904277124507609,0.034577727,,,,,0.06367580789340559,0.6465485635329988,0.08528883742061888,0.12820630049788462,-0.007301161305189208
样本外,rb_h5ens,50,200,不择时,open,0.30387115478515625,-0.31369447708129883,1.2189976425045004,0.08162310866574966,1.0,0.9686850905418396,0.034577727,,,,,0.2323206067085266,1.8810982704162598,0.5371655225753784,0.4381265640258789,-0.002701103687286377
样本外,rb_h5ens,50,200,不择时,close,0.2727872150168258,-0.33398334807796004,1.123636845967801,0.08077028885832187,1.0,0.8167689095480007,0.034577727,,,,,0.20786553875065153,1.684825836199782,0.45337950438312613,0.4195537609958724,-0.005534087723531478
样本外,rb_h5ens,50,200,投票,open,0.13209706622273498,-0.2191703781511981,0.8940109097502024,0.07015130674002751,0.5378266850068776,0.6027140498503213,0.034577727,,,,,0.11990043002783167,1.2688930715152302,0.14581892890203796,0.16545060103451226,0.08376958477719754
样本外,rb_h5ens,50,200,投票,close,0.12496805831768532,-0.23095450964083286,0.8577263363320948,0.06971114167812931,0.5392022008253095,0.5410938219480037,0.034577727,,,,,0.11579392119387659,1.171423047907989,0.17877105420186856,0.1624035822675829,0.03654036079875933
样本外,rb_h5ens,50,400,不择时,open,0.348720908164978,-0.2976025342941284,1.3722766488688072,0.0457496561210454,1.0,1.171767234802246,0.034577727,,,,,0.2654864192008972,2.246657371520996,0.40323472023010254,0.5924159288406372,0.0912315845489502
样本外,rb_h5ens,50,400,不择时,close,0.34495863736869037,-0.302238868832881,1.3623879459101491,0.04519944979367262,1.0,1.1413443899547902,0.034577727,,,,,0.2626013553074472,2.2119904014926735,0.3907780431511465,0.6007703017775277,0.08618165318222593
样本外,rb_h5ens,50,400,投票,open,0.15084250571832825,-0.21836372201379972,0.9997539775623021,0.055075653370013765,0.5378266850068776,0.6907855587330372,0.034577727,,,,,0.13639752563835983,1.4467437558073408,0.17390762365718193,0.17143173374314125,0.10521417995714266
样本外,rb_h5ens,50,400,投票,close,0.14662153841794678,-0.23229124811870894,0.9778752394834296,0.05458046767537827,0.5378266850068776,0.6311969977578237,0.034577727,,,,,0.1359048535925044,1.388835624307581,0.18274949492705805,0.1914896897144649,0.06674250810769666
样本外,AE,10,20,不择时,close,-0.2534646931572656,-0.6423467441021085,-0.846808095677081,0.4899587345254471,1.0,-0.39459169908546227,0.034577727,,,,,-0.3113559477171301,-2.075664406375945,-0.23228618675949653,-0.06885063050426188,-0.41449072991853664
样本外,AE,10,40,不择时,close,-0.10733532556057679,-0.48398805070900763,-0.23755172032364194,0.34828060522696014,1.0,-0.221772676832286,0.034577727,,,,,-0.13253919447032272,-0.8792927456104858,-0.21182787191046093,0.2744670289335125,-0.2902165752093071
样本外,AE,10,80,不择时,close,-0.030426295099866163,-0.43488797221667663,0.04343919255599063,0.25103163686382396,1.0,-0.06996352404224852,0.034577727,,,,,-0.049749138402447685,-0.3201856884229297,-0.16542647097960972,0.308207605046372,-0.1646351558942225
样本外,AE,20,40,不择时,close,-0.19111982767664948,-0.5649329927134685,-0.6324102137381702,0.41231086657496563,1.0,-0.33830530371162904,0.034577727,,,,,-0.23654977744295838,-2.0317676562416254,-0.21488703985810087,-0.04043000607263825,-0.29444417238040466
样本外,AE,20,80,不择时,close,-0.05415682680933698,-0.41682793895469106,-0.0633083048613215,0.28053645116918846,1.0,-0.12992609599334892,0.034577727,,,,,-0.08002715479232053,-0.6813264595287127,-0.14622126939778723,0.15020416798516334,-0.13735394240826193
样本外,AE,20,160,不择时,close,0.013035879165631759,-0.38022454814827955,0.1845991140980485,0.18720770288858324,1.0,0.03428468579716226,0.034577727,,,,,-0.012203572121504542,-0.10581297296951733,-0.044742678097683064,0.24235332010418476,-0.12422263024008473
样本外,AE,50,100,不择时,close,-0.05563325251792961,-0.3995873398367681,-0.08855037201361553,0.31034387895460797,1.0,-0.139226764643384,0.034577727,,,,,-0.08563848807515405,-0.9405377976474668,-0.002767520002945889,0.09767029696892382,-0.22969424172460973
样本外,AE,50,200,不择时,close,0.03527009712690732,-0.3901950494641815,0.2641723515867673,0.1897661623108666,1.0,0.09039093954508254,0.034577727,,,,,0.005798404937101453,0.06292144773901888,0.07813341325066014,0.2300457994545273,-0.16389899579141975
样本外,AE,50,400,不择时,close,0.07468472420205186,-0.3753975306156432,0.4100338833537193,0.10437414030261348,1.0,0.19894836303150595,0.034577727,,,,,0.04255051788846556,0.4871084928175603,0.08689863043994306,0.31097592516628336,-0.13020188172388747
