区间,模型,票数,M,k,成交,年化,最大回撤
研究期,rb_h5ens,2,30,1,open,-0.02145226998185401,-0.32952680584675287
研究期,rb_h5ens,2,30,1,close,0.0917625913880995,-0.311143985019924
研究期,rb_h5ens,2,30,2,open,0.04051311519685852,-0.28043694311348855
研究期,rb_h5ens,2,30,2,close,0.04084979536790034,-0.25519967285944734
研究期,rb_h5ens,2,30,3,open,-0.02493721709115171,-0.34939052619834887
研究期,rb_h5ens,2,30,3,close,-0.035120771585990584,-0.33198430989606653
研究期,rb_h5ens,2,60,1,open,0.11626407724524812,-0.31563070497538936
研究期,rb_h5ens,2,60,1,close,0.11293582774178201,-0.3641561307078346
研究期,rb_h5ens,2,60,2,open,0.1646511257253347,-0.24730564204648575
研究期,rb_h5ens,2,60,2,close,0.14610624453133148,-0.24562467115940934
研究期,rb_h5ens,2,60,3,open,0.0868714562551931,-0.2603443477233982
研究期,rb_h5ens,2,60,3,close,0.08487156309927846,-0.2725301055328153
研究期,rb_h5ens,2,100,1,open,0.07182298387371278,-0.3053299357446875
研究期,rb_h5ens,2,100,1,close,0.10587554820366574,-0.32183579187413636
研究期,rb_h5ens,2,100,2,open,0.1652452579856536,-0.26499691169142503
研究期,rb_h5ens,2,100,2,close,0.115821104227803,-0.24839277373317237
研究期,rb_h5ens,2,100,3,open,0.17812023598521898,-0.23473919350724493
研究期,rb_h5ens,2,100,3,close,0.14528871383595288,-0.28592336671769414
研究期,rb_h5ens,3,30,1,open,-0.023255359470247483,-0.32873178191876595
研究期,rb_h5ens,3,30,1,close,-0.019167425717011688,-0.31311065060697274
研究期,rb_h5ens,3,30,2,open,0.10689266835393552,-0.36308598648202695
研究期,rb_h5ens,3,30,2,close,-0.007603086112804247,-0.3181826407816526
研究期,rb_h5ens,3,30,3,open,0.09909307094019826,-0.2522426598958074
研究期,rb_h5ens,3,30,3,close,0.03201192946007114,-0.2285766981348063
研究期,rb_h5ens,3,60,1,open,0.10368020082382845,-0.28831718854527855
研究期,rb_h5ens,3,60,1,close,0.03425458200822895,-0.29230480627272315
研究期,rb_h5ens,3,60,2,open,0.22765716742939102,-0.23112457006116172
研究期,rb_h5ens,3,60,2,close,0.14013688430222127,-0.22881403334851003
研究期,rb_h5ens,3,60,3,open,0.17372859249291284,-0.21205567680360882
研究期,rb_h5ens,3,60,3,close,0.1266155749127129,-0.19163607243788705
研究期,rb_h5ens,3,100,1,open,0.06774275323063517,-0.3638537054693246
研究期,rb_h5ens,3,100,1,close,-0.00751617210467459,-0.3852862252290049
研究期,rb_h5ens,3,100,2,open,0.1551707462779348,-0.31031181600344404
研究期,rb_h5ens,3,100,2,close,0.03709115059727597,-0.2934744511814559
研究期,rb_h5ens,3,100,3,open,0.1762735142738059,-0.26494498361399055
研究期,rb_h5ens,3,100,3,close,0.10050862476443001,-0.2556536520398227
研究期,rb_h5ens,4,30,1,open,-0.06835725331471676,-0.3486900019494046
研究期,rb_h5ens,4,30,1,close,-0.02168856308089384,-0.3772020023721232
研究期,rb_h5ens,4,30,2,open,0.1005758308500595,-0.2360657548320968
研究期,rb_h5ens,4,30,2,close,0.0168703448976939,-0.36407641439364014
研究期,rb_h5ens,4,30,3,open,0.04513865944665363,-0.21099698909933629
研究期,rb_h5ens,4,30,3,close,-0.017490967156301496,-0.29291577397280744
研究期,rb_h5ens,4,60,1,open,0.0017350452111708492,-0.26863337263954834
研究期,rb_h5ens,4,60,1,close,-0.014543112355268728,-0.3488285843894643
研究期,rb_h5ens,4,60,2,open,0.12854748298088547,-0.1493411229775351
研究期,rb_h5ens,4,60,2,close,0.06367837437675994,-0.2817345477359382
研究期,rb_h5ens,4,60,3,open,0.09783820385670294,-0.15471378709005346
研究期,rb_h5ens,4,60,3,close,0.07510966288720744,-0.18231551220335063
研究期,rb_h5ens,4,100,1,open,-0.08157916515992114,-0.403725734309724
研究期,rb_h5ens,4,100,1,close,-0.0748234324537872,-0.43257530724675664
研究期,rb_h5ens,4,100,2,open,0.13266298172966007,-0.19945919554170743
研究期,rb_h5ens,4,100,2,close,0.04635044347954431,-0.2889561640441275
研究期,rb_h5ens,4,100,3,open,0.15141344912751165,-0.15614140239174834
研究期,rb_h5ens,4,100,3,close,0.09968450856930211,-0.19941551687002035
研究期,rbh_h5ens,2,30,1,open,0.1626118841630766,-0.3913157657736994
研究期,rbh_h5ens,2,30,1,close,0.26768550853402595,-0.31951002555079266
研究期,rbh_h5ens,2,30,2,open,0.02049995331654264,-0.36579064211228907
研究期,rbh_h5ens,2,30,2,close,0.013674827105633724,-0.36290276621070794
研究期,rbh_h5ens,2,30,3,open,0.01603378313773951,-0.26376268533348457
研究期,rbh_h5ens,2,30,3,close,0.010044051154606937,-0.2634245301232777
研究期,rbh_h5ens,2,60,1,open,0.0424854960490173,-0.45425961533130943
研究期,rbh_h5ens,2,60,1,close,0.028276152093467788,-0.45915890440201956
研究期,rbh_h5ens,2,60,2,open,0.01625241354378315,-0.3919342772365224
研究期,rbh_h5ens,2,60,2,close,-0.019619744366886516,-0.453867206955369
研究期,rbh_h5ens,2,60,3,open,0.006897986584488924,-0.33021475252904275
研究期,rbh_h5ens,2,60,3,close,-0.0271427019789785,-0.3938028815926219
研究期,rbh_h5ens,2,100,1,open,0.00906811594115009,-0.3426784790710916
研究期,rbh_h5ens,2,100,1,close,0.031778120091561446,-0.3656069344977183
研究期,rbh_h5ens,2,100,2,open,0.01871248837038908,-0.35882925429841206
研究期,rbh_h5ens,2,100,2,close,-0.024656944678762116,-0.41450639720990934
研究期,rbh_h5ens,2,100,3,open,0.02447205398820529,-0.32641521440084975
研究期,rbh_h5ens,2,100,3,close,-0.012281977550361867,-0.33391759933306997
研究期,rbh_h5ens,3,30,1,open,0.11034932563645161,-0.3128872787352007
研究期,rbh_h5ens,3,30,1,close,0.10567310794663953,-0.3586115358916706
研究期,rbh_h5ens,3,30,2,open,0.14519556688733948,-0.2776971473608061
研究期,rbh_h5ens,3,30,2,close,-0.001455059251058488,-0.3506600875810214
研究期,rbh_h5ens,3,30,3,open,0.08846164652484889,-0.2388530669791098
研究期,rbh_h5ens,3,30,3,close,-0.0026515132039265366,-0.32122449156952626
研究期,rbh_h5ens,3,60,1,open,0.13907058264604122,-0.45041618603474387
研究期,rbh_h5ens,3,60,1,close,0.09899306943737374,-0.40523371675841
研究期,rbh_h5ens,3,60,2,open,0.12884074779389243,-0.33467646279891594
研究期,rbh_h5ens,3,60,2,close,7.091828488436924e-05,-0.366174286186295
研究期,rbh_h5ens,3,60,3,open,0.1322560815179994,-0.21849646264063027
研究期,rbh_h5ens,3,60,3,close,0.0380788591187422,-0.261511819065784
研究期,rbh_h5ens,3,100,1,open,0.07211013952559386,-0.2797150824554885
研究期,rbh_h5ens,3,100,1,close,0.004088193365397563,-0.3958586446241723
研究期,rbh_h5ens,3,100,2,open,0.06726711464856239,-0.3411891673517866
研究期,rbh_h5ens,3,100,2,close,-0.024269442901013072,-0.3151068473384968
研究期,rbh_h5ens,3,100,3,open,0.060100880828226844,-0.2705804565107559
研究期,rbh_h5ens,3,100,3,close,-0.020050846910533715,-0.28202117058524057
研究期,rbh_h5ens,4,30,1,open,-0.06792024138886366,-0.35758535600052166
研究期,rbh_h5ens,4,30,1,close,-0.08130253266324217,-0.36144125632751034
研究期,rbh_h5ens,4,30,2,open,0.06845109587287102,-0.25855296807449957
研究期,rbh_h5ens,4,30,2,close,-0.00155224851240221,-0.27499971702951076
研究期,rbh_h5ens,4,30,3,open,0.06421506284973466,-0.18130790674922515
研究期,rbh_h5ens,4,30,3,close,0.0006014891223655727,-0.28889370973736483
研究期,rbh_h5ens,4,60,1,open,-0.058288330409204225,-0.3910570148118916
研究期,rbh_h5ens,4,60,1,close,-0.08483273503175193,-0.37712495815387526
研究期,rbh_h5ens,4,60,2,open,-0.0004888243926757241,-0.2496005931234926
研究期,rbh_h5ens,4,60,2,close,-0.05551318920517645,-0.32441771564188226
研究期,rbh_h5ens,4,60,3,open,0.02585723158042952,-0.2440613742559259
研究期,rbh_h5ens,4,60,3,close,-0.03980796054831437,-0.2801065391582034
研究期,rbh_h5ens,4,100,1,open,-0.1691719010012036,-0.563870200534051
研究期,rbh_h5ens,4,100,1,close,-0.1296621537378294,-0.4968491338308527
研究期,rbh_h5ens,4,100,2,open,-0.07323812924134876,-0.3532048253118636
研究期,rbh_h5ens,4,100,2,close,-0.09084963626508347,-0.4005821262905257
研究期,rbh_h5ens,4,100,3,open,-0.053985850162995286,-0.3263630226426397
研究期,rbh_h5ens,4,100,3,close,-0.07864487309311363,-0.39253490172109484
研究期,rbh_h5s0,2,30,1,open,0.0953431981102506,-0.30376589936381493
研究期,rbh_h5s0,2,30,1,close,0.174944387740251,-0.33350430787286833
研究期,rbh_h5s0,2,30,2,open,0.020346169689084093,-0.2830838584787697
研究期,rbh_h5s0,2,30,2,close,0.08289299928957505,-0.31881864647901914
研究期,rbh_h5s0,2,30,3,open,0.08848703480014453,-0.23924643909615095
研究期,rbh_h5s0,2,30,3,close,0.13143814343463056,-0.24322633789332426
研究期,rbh_h5s0,2,60,1,open,-0.011663849016989025,-0.39271311454982993
研究期,rbh_h5s0,2,60,1,close,0.0626768480695703,-0.40469672490455344
研究期,rbh_h5s0,2,60,2,open,0.04618605578851276,-0.3702697166224198
研究期,rbh_h5s0,2,60,2,close,0.04867579104963493,-0.37593283569463776
研究期,rbh_h5s0,2,60,3,open,0.08199987951713927,-0.2946149375116033
研究期,rbh_h5s0,2,60,3,close,0.10361887548562732,-0.26043689170144746
研究期,rbh_h5s0,2,100,1,open,0.0028480772616363836,-0.37039775490346727
研究期,rbh_h5s0,2,100,1,close,0.097895251244142,-0.36559904409550736
研究期,rbh_h5s0,2,100,2,open,0.05427458337072433,-0.33053288526016955
研究期,rbh_h5s0,2,100,2,close,0.011661085181086994,-0.3398585499777588
研究期,rbh_h5s0,2,100,3,open,0.09948948583445416,-0.2765275414845233
研究期,rbh_h5s0,2,100,3,close,0.08395440326362946,-0.24954706311220365
研究期,rbh_h5s0,3,30,1,open,0.13233233499575658,-0.2601663572810031
研究期,rbh_h5s0,3,30,1,close,0.04760950309626333,-0.28870037991439434
研究期,rbh_h5s0,3,30,2,open,0.05947619697995976,-0.2991960941046926
研究期,rbh_h5s0,3,30,2,close,0.01788122776277845,-0.3408372396285374
研究期,rbh_h5s0,3,30,3,open,0.09529468880154024,-0.2534615431473606
研究期,rbh_h5s0,3,30,3,close,0.04505245311050521,-0.23222653422657213
研究期,rbh_h5s0,3,60,1,open,0.06932433808838634,-0.39271311454982993
研究期,rbh_h5s0,3,60,1,close,-0.00367143091256672,-0.3453413225957038
研究期,rbh_h5s0,3,60,2,open,0.051114912090560516,-0.36031597919045233
研究期,rbh_h5s0,3,60,2,close,-0.01399092561355919,-0.3229445349589072
研究期,rbh_h5s0,3,60,3,open,0.06269624880477576,-0.2882428602052062
研究期,rbh_h5s0,3,60,3,close,0.020584450017667955,-0.25876419227517566
研究期,rbh_h5s0,3,100,1,open,0.05295521210923004,-0.37039775490346705
研究期,rbh_h5s0,3,100,1,close,0.010752799001523483,-0.30234536225276476
研究期,rbh_h5s0,3,100,2,open,0.052943166236377515,-0.31995105355324205
研究期,rbh_h5s0,3,100,2,close,-0.03945846335605796,-0.3611212045252815
研究期,rbh_h5s0,3,100,3,open,0.14082638598718233,-0.2699920721644803
研究期,rbh_h5s0,3,100,3,close,0.06036164625790885,-0.2386391320090998
研究期,rbh_h5s0,4,30,1,open,0.032944350341871376,-0.3131446728154271
研究期,rbh_h5s0,4,30,1,close,-0.0034779021995410275,-0.31752487655609785
研究期,rbh_h5s0,4,30,2,open,0.03476288201376265,-0.20414876153128958
研究期,rbh_h5s0,4,30,2,close,0.023171041539208348,-0.28676966534467685
研究期,rbh_h5s0,4,30,3,open,0.04401864965276814,-0.18882169342115795
研究期,rbh_h5s0,4,30,3,close,0.011266760770662021,-0.22499962328478107
研究期,rbh_h5s0,4,60,1,open,-0.02549562442276021,-0.31166367440355125
研究期,rbh_h5s0,4,60,1,close,-0.06067190218429941,-0.3066847821085563
研究期,rbh_h5s0,4,60,2,open,0.01873376497933732,-0.25804155816552965
研究期,rbh_h5s0,4,60,2,close,-0.006556852760371545,-0.31360475619450234
研究期,rbh_h5s0,4,60,3,open,0.00863396430695218,-0.1944504558064194
研究期,rbh_h5s0,4,60,3,close,-0.007365217556666304,-0.2688152367614095
研究期,rbh_h5s0,4,100,1,open,-0.10390243179562286,-0.4481071741905137
研究期,rbh_h5s0,4,100,1,close,-0.10942893807396381,-0.4134053598990741
研究期,rbh_h5s0,4,100,2,open,0.022585171105558022,-0.250170149219069
研究期,rbh_h5s0,4,100,2,close,-0.0361178880437345,-0.3336849530696062
研究期,rbh_h5s0,4,100,3,open,0.017963268720338377,-0.20312195654162013
研究期,rbh_h5s0,4,100,3,close,-0.03134885850041014,-0.2198189198773216
研究期,rbh_h5s1,2,30,1,open,0.04145260733801592,-0.3696195237759293
研究期,rbh_h5s1,2,30,1,close,0.1309366031371817,-0.3203373542348329
研究期,rbh_h5s1,2,30,2,open,0.014732187003932085,-0.3625682061938067
研究期,rbh_h5s1,2,30,2,close,0.04572763979329264,-0.35997621873636343
研究期,rbh_h5s1,2,30,3,open,0.022300383001951918,-0.2601076323287014
研究期,rbh_h5s1,2,30,3,close,-0.014099115963161823,-0.309270235461956
研究期,rbh_h5s1,2,60,1,open,-0.07830800224152401,-0.46991833343078804
研究期,rbh_h5s1,2,60,1,close,-0.045312928682042175,-0.4617608968478575
研究期,rbh_h5s1,2,60,2,open,-0.016126244660747857,-0.3349426867627461
研究期,rbh_h5s1,2,60,2,close,0.04970847522397426,-0.34852994350431
研究期,rbh_h5s1,2,60,3,open,0.05639241906573633,-0.28276472817348064
研究期,rbh_h5s1,2,60,3,close,0.03689106377924545,-0.30736834511538247
研究期,rbh_h5s1,2,100,1,open,0.0572630822700011,-0.4193947356650721
研究期,rbh_h5s1,2,100,1,close,0.12461088693715316,-0.44740474023869115
研究期,rbh_h5s1,2,100,2,open,0.03026717175079474,-0.334082691953691
研究期,rbh_h5s1,2,100,2,close,0.07269213797510066,-0.3312211541886533
研究期,rbh_h5s1,2,100,3,open,0.08094925985615609,-0.2615612529825845
研究期,rbh_h5s1,2,100,3,close,0.07322026208149368,-0.28637478954398554
研究期,rbh_h5s1,3,30,1,open,0.045544382874502576,-0.33141081136262873
研究期,rbh_h5s1,3,30,1,close,0.0229773050598725,-0.3586115358916706
研究期,rbh_h5s1,3,30,2,open,0.08746250469403849,-0.23817223495199014
研究期,rbh_h5s1,3,30,2,close,0.0013166049860464657,-0.3428181125184434
研究期,rbh_h5s1,3,30,3,open,0.08419468685522924,-0.22275214137341393
研究期,rbh_h5s1,3,30,3,close,-0.04757869128535408,-0.36731277591395217
研究期,rbh_h5s1,3,60,1,open,0.13080091337977273,-0.4084689153801917
研究期,rbh_h5s1,3,60,1,close,0.00861186301764949,-0.39727719978831
研究期,rbh_h5s1,3,60,2,open,0.12810902748774278,-0.2958824657944671
研究期,rbh_h5s1,3,60,2,close,0.07735520749875624,-0.2780836887068592
研究期,rbh_h5s1,3,60,3,open,0.12690798675807646,-0.27575654280428064
研究期,rbh_h5s1,3,60,3,close,0.04792800579750889,-0.3022774818976923
研究期,rbh_h5s1,3,100,1,open,0.2741671944641002,-0.34412558536928683
研究期,rbh_h5s1,3,100,1,close,0.2086769970989366,-0.30807042874626955
研究期,rbh_h5s1,3,100,2,open,0.13793441250962135,-0.27627638975450264
研究期,rbh_h5s1,3,100,2,close,0.08059128791728609,-0.2636065098279705
研究期,rbh_h5s1,3,100,3,open,0.0794921933082422,-0.29001451873880746
研究期,rbh_h5s1,3,100,3,close,0.02573031109346169,-0.2922161728471987
研究期,rbh_h5s1,4,30,1,open,-0.1453298785903352,-0.537221558876686
研究期,rbh_h5s1,4,30,1,close,-0.10451474170580444,-0.48491366396751234
研究期,rbh_h5s1,4,30,2,open,0.014745980319237129,-0.23142792257553535
研究期,rbh_h5s1,4,30,2,close,-0.04883816078538239,-0.3886407707983348
研究期,rbh_h5s1,4,30,3,open,0.04702983449638021,-0.18278312117279527
研究期,rbh_h5s1,4,30,3,close,-0.014876760044523318,-0.2730688433347723
研究期,rbh_h5s1,4,60,1,open,-0.027701599943363298,-0.3326763674677716
研究期,rbh_h5s1,4,60,1,close,-0.05343913720313853,-0.3521041328534239
研究期,rbh_h5s1,4,60,2,open,0.028590680938911595,-0.2345537778457315
研究期,rbh_h5s1,4,60,2,close,-0.0363584098350368,-0.322816280484034
研究期,rbh_h5s1,4,60,3,open,0.10536354714429219,-0.20670072164068842
研究期,rbh_h5s1,4,60,3,close,0.0450444983373679,-0.26077281191617796
研究期,rbh_h5s1,4,100,1,open,-0.1344468371638481,-0.4853072742442852
研究期,rbh_h5s1,4,100,1,close,-0.12431931847907751,-0.4661737767447196
研究期,rbh_h5s1,4,100,2,open,-0.055399972566875344,-0.3008338664388923
研究期,rbh_h5s1,4,100,2,close,-0.0868839556789971,-0.3794561850364091
研究期,rbh_h5s1,4,100,3,open,0.007741990100006646,-0.2602983884051454
研究期,rbh_h5s1,4,100,3,close,-0.02968745733989009,-0.3098207389691714
研究期,rbh_h5s2,2,30,1,open,-0.08254663707056642,-0.4689744620240758
研究期,rbh_h5s2,2,30,1,close,-0.05311841469092893,-0.48886305110438966
研究期,rbh_h5s2,2,30,2,open,-0.10953842910506717,-0.4550987641504637
研究期,rbh_h5s2,2,30,2,close,-0.11748271037908575,-0.518317797718354
研究期,rbh_h5s2,2,30,3,open,-0.11420260407412008,-0.45283928920151384
研究期,rbh_h5s2,2,30,3,close,-0.12508124888696492,-0.4979993934923437
研究期,rbh_h5s2,2,60,1,open,-0.1050873035091412,-0.48445986630397586
研究期,rbh_h5s2,2,60,1,close,-0.05353968991405578,-0.5307699778313963
研究期,rbh_h5s2,2,60,2,open,0.05862491420174942,-0.3869929474458432
研究期,rbh_h5s2,2,60,2,close,0.06892137249843233,-0.44851154582866226
研究期,rbh_h5s2,2,60,3,open,0.0027340504313373426,-0.3686741295954229
研究期,rbh_h5s2,2,60,3,close,-0.025013624022255376,-0.4176902508111444
研究期,rbh_h5s2,2,100,1,open,-0.00546258872055283,-0.42051916148072965
研究期,rbh_h5s2,2,100,1,close,0.09528514047200298,-0.3808697668929302
研究期,rbh_h5s2,2,100,2,open,0.05915350174169198,-0.35615798779202723
研究期,rbh_h5s2,2,100,2,close,0.08728334007016358,-0.3429656005260556
研究期,rbh_h5s2,2,100,3,open,0.014367127312802541,-0.32347858767490023
研究期,rbh_h5s2,2,100,3,close,-0.011933531929844365,-0.3589378824201812
研究期,rbh_h5s2,3,30,1,open,0.05803813596875895,-0.36065276790746015
研究期,rbh_h5s2,3,30,1,close,-0.04981671479004923,-0.41601395237578775
研究期,rbh_h5s2,3,30,2,open,-0.024304690749314628,-0.3817185455174599
研究期,rbh_h5s2,3,30,2,close,-0.15838859559832896,-0.5176404758411366
研究期,rbh_h5s2,3,30,3,open,-0.06631893664208166,-0.3862085302139795
研究期,rbh_h5s2,3,30,3,close,-0.15581321203599074,-0.4790541497557911
研究期,rbh_h5s2,3,60,1,open,0.06868170038246268,-0.3606527679074598
研究期,rbh_h5s2,3,60,1,close,0.03501240058653643,-0.41244339875317215
研究期,rbh_h5s2,3,60,2,open,0.04175534959820126,-0.3295191216903577
研究期,rbh_h5s2,3,60,2,close,-0.05963616421518214,-0.39602856291824406
研究期,rbh_h5s2,3,60,3,open,0.026331332548405362,-0.21543333001950649
研究期,rbh_h5s2,3,60,3,close,-0.0375084619580035,-0.2845865751143054
研究期,rbh_h5s2,3,100,1,open,0.10286716481274238,-0.3753388983668555
研究期,rbh_h5s2,3,100,1,close,0.08851372370550781,-0.36456949570731045
研究期,rbh_h5s2,3,100,2,open,0.018794730261398662,-0.32188278337452336
研究期,rbh_h5s2,3,100,2,close,-0.039848442393470185,-0.3534685456066998
研究期,rbh_h5s2,3,100,3,open,0.05234760364774749,-0.22200588706917224
研究期,rbh_h5s2,3,100,3,close,0.006961157554879804,-0.27369793203814796
研究期,rbh_h5s2,4,30,1,open,-0.025310519100949724,-0.323013492598361
研究期,rbh_h5s2,4,30,1,close,-0.04388451482121647,-0.41000635855882195
研究期,rbh_h5s2,4,30,2,open,-0.07741390082029065,-0.3847111706770947
研究期,rbh_h5s2,4,30,2,close,-0.14983073871642194,-0.492562979261398
研究期,rbh_h5s2,4,30,3,open,-0.07873353099988045,-0.3646735147790495
研究期,rbh_h5s2,4,30,3,close,-0.10236873923720524,-0.381885275105884
研究期,rbh_h5s2,4,60,1,open,-0.1076487573718038,-0.4634541501592586
研究期,rbh_h5s2,4,60,1,close,-0.1105426383992052,-0.46122125918895596
研究期,rbh_h5s2,4,60,2,open,-0.08485114019446027,-0.3481041975622886
研究期,rbh_h5s2,4,60,2,close,-0.12566928543657296,-0.4371973312743488
研究期,rbh_h5s2,4,60,3,open,-0.051173377796516206,-0.27949353137843636
研究期,rbh_h5s2,4,60,3,close,-0.09060481111321306,-0.3255548702105111
研究期,rbh_h5s2,4,100,1,open,-0.09165111325985242,-0.42749197617728774
研究期,rbh_h5s2,4,100,1,close,-0.1175322343269446,-0.48618914951763115
研究期,rbh_h5s2,4,100,2,open,-0.1139406452282008,-0.44480675811277615
研究期,rbh_h5s2,4,100,2,close,-0.15670833583307675,-0.5427972739257458
研究期,rbh_h5s2,4,100,3,open,-0.07562750150431607,-0.3524466979906641
研究期,rbh_h5s2,4,100,3,close,-0.10567246477386072,-0.4061492700676208
样本外,rb_h5ens,2,30,1,open,0.4808505151394509,-0.5002656448737273
样本外,rb_h5ens,2,30,1,close,0.3701235630795763,-0.5505863255241037
样本外,rb_h5ens,2,30,2,open,0.19096070977349466,-0.4548395089855358
样本外,rb_h5ens,2,30,2,close,0.0628024912551417,-0.5271324878076339
样本外,rb_h5ens,2,30,3,open,0.20981070605300078,-0.39837866908361685
样本外,rb_h5ens,2,30,3,close,0.10719748073546986,-0.43648618733275335
样本外,rb_h5ens,2,60,1,open,0.465797814488796,-0.5002656448737273
样本外,rb_h5ens,2,60,1,close,0.5211080814776055,-0.5505863255241037
样本外,rb_h5ens,2,60,2,open,0.21654347340818125,-0.3879972328972876
样本外,rb_h5ens,2,60,2,close,0.2595011936766276,-0.42201762974201995
样本外,rb_h5ens,2,60,3,open,0.3100010680215053,-0.28580319697718315
样本外,rb_h5ens,2,60,3,close,0.30347779126712626,-0.3304598549759582
样本外,rb_h5ens,2,100,1,open,0.3723493352618912,-0.5012640482162891
样本外,rb_h5ens,2,100,1,close,0.36238032362226025,-0.5505863255241039
样本外,rb_h5ens,2,100,2,open,0.17495006545261615,-0.43884621958011694
样本外,rb_h5ens,2,100,2,close,0.17274275643942816,-0.4480950567802684
样本外,rb_h5ens,2,100,3,open,0.27311722621077195,-0.2721674027093892
样本外,rb_h5ens,2,100,3,close,0.2103447811220307,-0.3095851506500362
样本外,rb_h5ens,3,30,1,open,0.48616133902194014,-0.5230284292657681
样本外,rb_h5ens,3,30,1,close,0.2526401489456813,-0.543608739517998
样本外,rb_h5ens,3,30,2,open,0.13303657837487326,-0.4401362536431612
样本外,rb_h5ens,3,30,2,close,0.009328341296344522,-0.4639332401465349
样本外,rb_h5ens,3,30,3,open,0.13341100970500963,-0.43034641978495214
样本外,rb_h5ens,3,30,3,close,0.01998183824235622,-0.40308765646279954
样本外,rb_h5ens,3,60,1,open,0.5807736206234839,-0.5230284292657681
样本外,rb_h5ens,3,60,1,close,0.2984238428400736,-0.543608739517998
样本外,rb_h5ens,3,60,2,open,0.2273827088258542,-0.3714912074180641
样本外,rb_h5ens,3,60,2,close,0.14658296342045207,-0.4112067951017311
样本外,rb_h5ens,3,60,3,open,0.17039503997777605,-0.36816219046099363
样本外,rb_h5ens,3,60,3,close,0.09572480521218152,-0.35052711348775367
样本外,rb_h5ens,3,100,1,open,0.5040366122284381,-0.523981355566798
样本外,rb_h5ens,3,100,1,close,0.198867359788379,-0.543608739517998
样本外,rb_h5ens,3,100,2,open,0.21071827061320691,-0.423711617099114
样本外,rb_h5ens,3,100,2,close,0.08547152835093952,-0.43777198572250675
样本外,rb_h5ens,3,100,3,open,0.0932925645924989,-0.403514989880841
样本外,rb_h5ens,3,100,3,close,0.07079874660510788,-0.37607835621390606
样本外,rb_h5ens,4,30,1,open,0.38214334871882283,-0.5090541120275502
样本外,rb_h5ens,4,30,1,close,0.28359043749399215,-0.5118404041590339
样本外,rb_h5ens,4,30,2,open,0.0668510032396945,-0.4457051267873451
样本外,rb_h5ens,4,30,2,close,0.04499438054185334,-0.45749355454746266
样本外,rb_h5ens,4,30,3,open,0.08140286847188749,-0.42805186461609
样本外,rb_h5ens,4,30,3,close,0.055691525909950634,-0.38869399703158636
样本外,rb_h5ens,4,60,1,open,0.30696524665891745,-0.5090541120275502
样本外,rb_h5ens,4,60,1,close,0.20727702120788738,-0.5118404041590339
样本外,rb_h5ens,4,60,2,open,0.06652275222372905,-0.3917887952770107
样本外,rb_h5ens,4,60,2,close,0.08502008946332373,-0.39992963036084184
样本外,rb_h5ens,4,60,3,open,0.08837258952679461,-0.375360192563747
样本外,rb_h5ens,4,60,3,close,0.1006880455401864,-0.33175345317093274
样本外,rb_h5ens,4,100,1,open,0.20602874252275116,-0.5205763877373303
样本外,rb_h5ens,4,100,1,close,0.12177361561150257,-0.5118404041590341
样本外,rb_h5ens,4,100,2,open,0.08368525493506129,-0.44232275543493327
样本外,rb_h5ens,4,100,2,close,0.11936691016032874,-0.4270036244605149
样本外,rb_h5ens,4,100,3,open,0.09740930426720329,-0.4103102469741623
样本外,rb_h5ens,4,100,3,close,0.12862302609772458,-0.3580432800036357
样本外,rbh_h5ens,2,30,1,open,0.05869818498920032,-0.5704161867364044
样本外,rbh_h5ens,2,30,1,close,0.10575177422936921,-0.5626789259293319
样本外,rbh_h5ens,2,30,2,open,0.2686121010528344,-0.34117662539685545
样本外,rbh_h5ens,2,30,2,close,0.351504783400691,-0.3684071185768737
样本外,rbh_h5ens,2,30,3,open,0.2723109798994847,-0.2273663852877399
样本外,rbh_h5ens,2,30,3,close,0.3329691842235447,-0.278623444324543
样本外,rbh_h5ens,2,60,1,open,0.16091119958791844,-0.5283804561436812
样本外,rbh_h5ens,2,60,1,close,0.27736463815445433,-0.5643908133319115
样本外,rbh_h5ens,2,60,2,open,0.2797727970240518,-0.451128575871648
样本外,rbh_h5ens,2,60,2,close,0.2524111656111756,-0.498738576709138
样本外,rbh_h5ens,2,60,3,open,0.30895768844901217,-0.3009921443147583
样本外,rbh_h5ens,2,60,3,close,0.3267831671856427,-0.34840896337796146
样本外,rbh_h5ens,2,100,1,open,0.11705912012176745,-0.5938435064824926
样本外,rbh_h5ens,2,100,1,close,0.2663578410334866,-0.599976552382995
样本外,rbh_h5ens,2,100,2,open,0.277808530916519,-0.4913319109892733
样本外,rbh_h5ens,2,100,2,close,0.3853641488849371,-0.5202460039542878
样本外,rbh_h5ens,2,100,3,open,0.3532847132207164,-0.3283450155415236
样本外,rbh_h5ens,2,100,3,close,0.3056686035226681,-0.38276020592900173
样本外,rbh_h5ens,3,30,1,open,-0.04608636920741238,-0.5899836301577379
样本外,rbh_h5ens,3,30,1,close,0.03282268728432802,-0.5558890893491051
样本外,rbh_h5ens,3,30,2,open,0.06736715427410589,-0.42843011317562985
样本外,rbh_h5ens,3,30,2,close,0.08830745255699979,-0.40915960502206106
样本外,rbh_h5ens,3,30,3,open,0.2092473660245091,-0.2635435773042514
样本外,rbh_h5ens,3,30,3,close,0.20448467150868277,-0.25667985447396946
样本外,rbh_h5ens,3,60,1,open,0.10301852909345577,-0.5498626173794467
样本外,rbh_h5ens,3,60,1,close,0.09551195473043084,-0.5576275554747248
样本外,rbh_h5ens,3,60,2,open,0.056936440117463905,-0.4933725218504712
样本外,rbh_h5ens,3,60,2,close,-0.010516718619771992,-0.513998312949656
样本外,rbh_h5ens,3,60,3,open,0.17681458859262023,-0.3530900905287496
样本外,rbh_h5ens,3,60,3,close,0.142909816914375,-0.34472412380607675
样本外,rbh_h5ens,3,100,1,open,0.06372417646622397,-0.6123438409032276
样本外,rbh_h5ens,3,100,1,close,0.08569774458420243,-0.5937657978627598
样本外,rbh_h5ens,3,100,2,open,0.06480278753145297,-0.5304816031188008
样本外,rbh_h5ens,3,100,2,close,0.08164210082902845,-0.5348509966783024
样本外,rbh_h5ens,3,100,3,open,0.16389321554285252,-0.37840431740784386
样本外,rbh_h5ens,3,100,3,close,0.1327689123775695,-0.3792696274975884
样本外,rbh_h5ens,4,30,1,open,-0.09320237635230633,-0.5870507774949383
样本外,rbh_h5ens,4,30,1,close,0.05456044283398187,-0.5448509353532198
样本外,rbh_h5ens,4,30,2,open,-0.020319395790156847,-0.41832566046577435
样本外,rbh_h5ens,4,30,2,close,0.0779510916188062,-0.3855554899825847
样本外,rbh_h5ens,4,30,3,open,0.1561631487995565,-0.2827995151105862
样本外,rbh_h5ens,4,30,3,close,0.22378232599054426,-0.2467422427741074
样本外,rbh_h5ens,4,60,1,open,0.005286267517996768,-0.5466427785672741
样本外,rbh_h5ens,4,60,1,close,0.11953658261310052,-0.5466326101826811
样本外,rbh_h5ens,4,60,2,open,-0.03425207260056673,-0.4517866384822131
样本外,rbh_h5ens,4,60,2,close,-0.00463850743637928,-0.4653287454509184
样本外,rbh_h5ens,4,60,3,open,0.10624230036045001,-0.3438172505994971
样本外,rbh_h5ens,4,60,3,close,0.16321632909508899,-0.30663330687561696
样本外,rbh_h5ens,4,100,1,open,0.05957286438775622,-0.6095709311316126
样本外,rbh_h5ens,4,100,1,close,0.20720071782716665,-0.5836690504646505
样本外,rbh_h5ens,4,100,2,open,-0.08392547406910267,-0.49194177230806435
样本外,rbh_h5ens,4,100,2,close,0.005539417739497399,-0.4882696752192456
样本外,rbh_h5ens,4,100,3,open,0.04934926703454501,-0.36931391482733056
样本外,rbh_h5ens,4,100,3,close,0.08714979683825042,-0.34296354206715796
样本外,rbh_h5s0,2,30,1,open,0.35475986366353474,-0.5002656448737273
样本外,rbh_h5s0,2,30,1,close,0.11539328792045045,-0.5505863255241039
样本外,rbh_h5s0,2,30,2,open,0.3631079324111539,-0.3696310482076389
样本外,rbh_h5s0,2,30,2,close,0.23407226846423046,-0.41941631604301777
样本外,rbh_h5s0,2,30,3,open,0.2945990447508562,-0.24584340895817947
样本外,rbh_h5s0,2,30,3,close,0.23910966605172068,-0.2762680733328907
样本外,rbh_h5s0,2,60,1,open,0.21820826134805693,-0.5399088363368729
样本外,rbh_h5s0,2,60,1,close,0.07636787960559355,-0.5716974571287226
样本外,rbh_h5s0,2,60,2,open,0.3466919319694268,-0.39215391077768746
样本外,rbh_h5s0,2,60,2,close,0.2912440301571757,-0.4246294049103423
样本外,rbh_h5s0,2,60,3,open,0.31634188917008776,-0.2550126874782529
样本外,rbh_h5s0,2,60,3,close,0.35445416135561625,-0.3303901887037092
样本外,rbh_h5s0,2,100,1,open,0.11703793178259625,-0.5399088363368729
样本外,rbh_h5s0,2,100,1,close,0.15565610262184992,-0.5716974571287226
样本外,rbh_h5s0,2,100,2,open,0.30969514559761735,-0.3333241785608332
样本外,rbh_h5s0,2,100,2,close,0.2982406819667094,-0.3846810997859359
样本外,rbh_h5s0,2,100,3,open,0.3791480111408412,-0.22956372553748106
样本外,rbh_h5s0,2,100,3,close,0.302800020015624,-0.30006895188094207
样本外,rbh_h5s0,3,30,1,open,0.2824359426241849,-0.4375819831360792
样本外,rbh_h5s0,3,30,1,close,0.03862879703176758,-0.5058757714950495
样本外,rbh_h5s0,3,30,2,open,0.1334266772086541,-0.453116078872292
样本外,rbh_h5s0,3,30,2,close,0.019145443532278206,-0.456877518356511
样本外,rbh_h5s0,3,30,3,open,0.22402092947647056,-0.33228038581531216
样本外,rbh_h5s0,3,30,3,close,0.09232591127490308,-0.3372500043215897
样本外,rbh_h5s0,3,60,1,open,0.31352231322287216,-0.48219777729981084
样本外,rbh_h5s0,3,60,1,close,0.14458057486993292,-0.5290871738387004
样本外,rbh_h5s0,3,60,2,open,0.12712033932533284,-0.438936847960698
样本外,rbh_h5s0,3,60,2,close,0.06405981672040562,-0.44214522223371866
样本外,rbh_h5s0,3,60,3,open,0.1958806747369981,-0.35521192657616163
样本外,rbh_h5s0,3,60,3,close,0.16849918595930058,-0.35697264051897515
样本外,rbh_h5s0,3,100,1,open,0.1504623477878646,-0.48219777729981084
样本外,rbh_h5s0,3,100,1,close,0.07353626089263976,-0.5290871738387004
样本外,rbh_h5s0,3,100,2,open,0.09764784085678091,-0.3846349521741409
样本外,rbh_h5s0,3,100,2,close,0.02554577411587533,-0.403413050191032
样本外,rbh_h5s0,3,100,3,open,0.15933036478220286,-0.3140760748839275
样本外,rbh_h5s0,3,100,3,close,0.08284045489725012,-0.3275208959469166
样本外,rbh_h5s0,4,30,1,open,0.3128415673867302,-0.42110425517412264
样本外,rbh_h5s0,4,30,1,close,0.18729934803579118,-0.47148093189282647
样本外,rbh_h5s0,4,30,2,open,0.18790245833166863,-0.4104732632698135
样本外,rbh_h5s0,4,30,2,close,0.12025596367234659,-0.4013975425247813
样本外,rbh_h5s0,4,30,3,open,0.2602138096440567,-0.28610104154266325
样本外,rbh_h5s0,4,30,3,close,0.22113295818721834,-0.2993192189375705
样本外,rbh_h5s0,4,60,1,open,0.24117992283067302,-0.4784939309674461
样本外,rbh_h5s0,4,60,1,close,0.1999877945052908,-0.5035009870094957
样本外,rbh_h5s0,4,60,2,open,0.04543735644155089,-0.4319016747896419
样本外,rbh_h5s0,4,60,2,close,0.016312199986783016,-0.4161893073935825
样本外,rbh_h5s0,4,60,3,open,0.0780684459298211,-0.3827431684025565
样本外,rbh_h5s0,4,60,3,close,0.13763236837676573,-0.33896209025118385
样本外,rbh_h5s0,4,100,1,open,0.19796717422937316,-0.4784939309674461
样本外,rbh_h5s0,4,100,1,close,0.20378824922106142,-0.5035009870094957
样本外,rbh_h5s0,4,100,2,open,0.0390479590466557,-0.4319016747896419
样本外,rbh_h5s0,4,100,2,close,0.014499342189752351,-0.4161893073935825
样本外,rbh_h5s0,4,100,3,open,0.07824180399748037,-0.3827431684025565
样本外,rbh_h5s0,4,100,3,close,0.08697368590639232,-0.33896209025118385
样本外,rbh_h5s1,2,30,1,open,0.16158925002031865,-0.5002656448737272
样本外,rbh_h5s1,2,30,1,close,0.219310300304274,-0.5505863255241038
样本外,rbh_h5s1,2,30,2,open,0.19482397798147733,-0.3397471071207433
样本外,rbh_h5s1,2,30,2,close,0.21584717406203513,-0.3971599326766758
样本外,rbh_h5s1,2,30,3,open,0.22373172581287148,-0.23812502518245704
样本外,rbh_h5s1,2,30,3,close,0.3006754073291438,-0.309711650201276
样本外,rbh_h5s1,2,60,1,open,0.1420357746066332,-0.5788531214208577
样本外,rbh_h5s1,2,60,1,close,0.26905626027872787,-0.6218677677287856
样本外,rbh_h5s1,2,60,2,open,0.15476363203204468,-0.41157192145023513
样本外,rbh_h5s1,2,60,2,close,0.16090916485639184,-0.4491160585527256
样本外,rbh_h5s1,2,60,3,open,0.24569287790332917,-0.3616843779126371
样本外,rbh_h5s1,2,60,3,close,0.24317485417290596,-0.42300894750146645
样本外,rbh_h5s1,2,100,1,open,0.30637943117407707,-0.5938435064824926
样本外,rbh_h5s1,2,100,1,close,0.4335492340375273,-0.599976552382995
样本外,rbh_h5s1,2,100,2,open,0.24633242975931813,-0.4220446190787126
样本外,rbh_h5s1,2,100,2,close,0.2599853721713128,-0.4341942326675604
样本外,rbh_h5s1,2,100,3,open,0.30969123985320923,-0.38974087501154786
样本外,rbh_h5s1,2,100,3,close,0.31424862635266915,-0.44074496286471376
样本外,rbh_h5s1,3,30,1,open,0.0820664867800518,-0.5230284292657682
样本外,rbh_h5s1,3,30,1,close,-0.06399365137062152,-0.543608739517998
样本外,rbh_h5s1,3,30,2,open,0.057671900591535374,-0.4298468021831957
样本外,rbh_h5s1,3,30,2,close,0.022099226917033032,-0.4476360833554417
样本外,rbh_h5s1,3,30,3,open,0.15972317693751692,-0.27565946648090467
样本外,rbh_h5s1,3,30,3,close,0.1507661624059471,-0.2578865155196145
样本外,rbh_h5s1,3,60,1,open,-0.04027957660882908,-0.5980362644170115
样本外,rbh_h5s1,3,60,1,close,-0.14136455696636085,-0.6159968956966206
样本外,rbh_h5s1,3,60,2,open,0.04230495358756836,-0.459474902742552
样本外,rbh_h5s1,3,60,2,close,-0.013152337333150577,-0.4761956349091836
样本外,rbh_h5s1,3,60,3,open,0.11342215521902821,-0.3921398810230422
样本外,rbh_h5s1,3,60,3,close,0.09712992949436483,-0.3807466840027883
样本外,rbh_h5s1,3,100,1,open,0.10682517955156534,-0.6123438409032276
样本外,rbh_h5s1,3,100,1,close,0.00211524898356541,-0.5937657978627598
样本外,rbh_h5s1,3,100,2,open,0.10270176872175796,-0.4690950349397307
样本外,rbh_h5s1,3,100,2,close,0.05595316488564883,-0.46200731510948123
样本外,rbh_h5s1,3,100,3,open,0.1556900842526463,-0.40665176152554805
样本外,rbh_h5s1,3,100,3,close,0.16727247733912876,-0.3883193413204361
样本外,rbh_h5s1,4,30,1,open,0.06866545739700847,-0.5090541120275502
样本外,rbh_h5s1,4,30,1,close,0.006074230051540619,-0.5254891225432279
样本外,rbh_h5s1,4,30,2,open,0.05744946329985279,-0.4197673942970994
样本外,rbh_h5s1,4,30,2,close,0.09842187682352432,-0.4255691063123087
样本外,rbh_h5s1,4,30,3,open,0.13284060717635104,-0.2885552606533712
样本外,rbh_h5s1,4,30,3,close,0.17106724708713217,-0.28145661984631154
样本外,rbh_h5s1,4,60,1,open,-0.08832091523886587,-0.5951610123564488
样本外,rbh_h5s1,4,60,1,close,-0.0770614581113257,-0.6064526910879415
样本外,rbh_h5s1,4,60,2,open,-0.023438326802923126,-0.4499192728718584
样本外,rbh_h5s1,4,60,2,close,0.023518042678884132,-0.4552696139450193
样本外,rbh_h5s1,4,60,3,open,0.05292396417197942,-0.40757284023993845
样本外,rbh_h5s1,4,60,3,close,0.12088939128304133,-0.392306418853537
样本外,rbh_h5s1,4,100,1,open,-0.08143176281672238,-0.6095709311316126
样本外,rbh_h5s1,4,100,1,close,-0.07982936856139189,-0.5836690504646505
样本外,rbh_h5s1,4,100,2,open,0.030108412832348552,-0.4597094738096925
样本外,rbh_h5s1,4,100,2,close,0.10680498154027518,-0.44051446977850695
样本外,rbh_h5s1,4,100,3,open,0.08699115496244603,-0.3924422414336257
样本外,rbh_h5s1,4,100,3,close,0.20065124079734487,-0.3401801388345239
样本外,rbh_h5s2,2,30,1,open,0.25295111020972927,-0.5002656448737272
样本外,rbh_h5s2,2,30,1,close,0.3771748690543921,-0.5505863255241038
样本外,rbh_h5s2,2,30,2,open,0.4501809258110172,-0.2382561793010376
样本外,rbh_h5s2,2,30,2,close,0.5358528989079532,-0.3811417702757933
样本外,rbh_h5s2,2,30,3,open,0.34939198531492943,-0.3011564558738268
样本外,rbh_h5s2,2,30,3,close,0.5743043757083461,-0.3644482215368744
样本外,rbh_h5s2,2,60,1,open,0.1725267617003683,-0.5103563362975793
样本外,rbh_h5s2,2,60,1,close,0.35070869490829715,-0.5632174976655727
样本外,rbh_h5s2,2,60,2,open,0.4277969529692156,-0.33856713579249764
样本外,rbh_h5s2,2,60,2,close,0.4625449179347789,-0.36911675930996035
样本外,rbh_h5s2,2,60,3,open,0.3520870979762363,-0.304386597955869
样本外,rbh_h5s2,2,60,3,close,0.42474899167436475,-0.34166972194308853
样本外,rbh_h5s2,2,100,1,open,0.06385918886981479,-0.5938435064824926
样本外,rbh_h5s2,2,100,1,close,0.09928676183811014,-0.599976552382995
样本外,rbh_h5s2,2,100,2,open,0.22990607075755753,-0.3809514507952808
样本外,rbh_h5s2,2,100,2,close,0.2610139812999168,-0.41555663111655716
样本外,rbh_h5s2,2,100,3,open,0.1840918932752027,-0.33522184709268155
样本外,rbh_h5s2,2,100,3,close,0.19835849039145192,-0.39089994313631693
样本外,rbh_h5s2,3,30,1,open,0.1809732861405513,-0.5110888318896447
样本外,rbh_h5s2,3,30,1,close,0.20597222121329462,-0.5180869117644605
样本外,rbh_h5s2,3,30,2,open,0.26179182700003656,-0.3392521401026697
样本外,rbh_h5s2,3,30,2,close,0.32769827701848664,-0.3648891462622229
样本外,rbh_h5s2,3,30,3,open,0.3328690996479007,-0.28288794505391224
样本外,rbh_h5s2,3,30,3,close,0.421794507677532,-0.2813927021215633
样本外,rbh_h5s2,3,60,1,open,0.16727647143075175,-0.5209609803230459
样本外,rbh_h5s2,3,60,1,close,0.18816623716178582,-0.5316315089150228
样本外,rbh_h5s2,3,60,2,open,0.15030118290909478,-0.38947438465970396
样本外,rbh_h5s2,3,60,2,close,0.20449233022296776,-0.38832252980051574
样本外,rbh_h5s2,3,60,3,open,0.26351506517324674,-0.34123134985229786
样本外,rbh_h5s2,3,60,3,close,0.2596930163479456,-0.3317577605628321
样本外,rbh_h5s2,3,100,1,open,0.06486360102668498,-0.6026399953409756
样本外,rbh_h5s2,3,100,1,close,0.0597971138705744,-0.5710487999001064
样本外,rbh_h5s2,3,100,2,open,0.03135328293527606,-0.428596586470549
样本外,rbh_h5s2,3,100,2,close,0.034113967972078996,-0.43334864790119265
样本外,rbh_h5s2,3,100,3,open,0.0863519179701644,-0.3669678366381045
样本外,rbh_h5s2,3,100,3,close,0.07355381489437973,-0.3669897240826985
样本外,rbh_h5s2,4,30,1,open,0.053397793529646576,-0.5090541120275502
样本外,rbh_h5s2,4,30,1,close,0.11458120122925841,-0.5254891225432279
样本外,rbh_h5s2,4,30,2,open,0.15217508614528485,-0.35055206164690056
样本外,rbh_h5s2,4,30,2,close,0.19274448740730943,-0.42690316521000515
样本外,rbh_h5s2,4,30,3,open,0.2076563126842883,-0.2878347769994526
样本外,rbh_h5s2,4,30,3,close,0.2773796360581675,-0.29837620782719
样本外,rbh_h5s2,4,60,1,open,-0.020491209268736377,-0.5293165990256377
样本外,rbh_h5s2,4,60,1,close,0.048989707702799645,-0.5454114627014979
样本外,rbh_h5s2,4,60,2,open,0.07300238006209314,-0.4413188181555786
样本外,rbh_h5s2,4,60,2,close,0.16371599794880876,-0.464862931559925
样本外,rbh_h5s2,4,60,3,open,0.11955644312133318,-0.3438172505994971
样本外,rbh_h5s2,4,60,3,close,0.19444450512664235,-0.30663330687561696
样本外,rbh_h5s2,4,100,1,open,-0.08473170196161917,-0.6095709311316126
样本外,rbh_h5s2,4,100,1,close,0.020057316279996407,-0.5836690504646505
样本外,rbh_h5s2,4,100,2,open,-0.0694490113458831,-0.49194177230806435
样本外,rbh_h5s2,4,100,2,close,0.0010157895808511341,-0.4882696752192456
样本外,rbh_h5s2,4,100,3,open,-0.011209440783471303,-0.36931391482733056
样本外,rbh_h5s2,4,100,3,close,0.025200791316275284,-0.34296354206715796
