区间,票数,M,k,成交,年化,最大回撤,夏普,日换手,持仓天数占比,卡玛,基准年化,Y2023,Y2024,Y2025,Y2026,Y2020,Y2021,Y2022
研究期,2,30,1,open,-0.02145226998185401,-0.32952680584675287,0.050190982447553614,0.06666666666666667,0.5444444444444444,-0.06510022736004802,0.053513527,-0.0594723341620228,0.10317508180890234,0.07069299555132802,-0.16903918158473585,,,
研究期,2,30,1,close,0.0917625913880995,-0.311143985019924,0.47222392093920434,0.06555555555555556,0.5444444444444444,0.2949200235454448,0.053513527,0.1299535422306919,0.3713705960984399,0.17948345686338518,-0.2436382420756188,,,
研究期,2,30,2,open,0.04051311519685852,-0.28043694311348855,0.2851665300230494,0.07388888888888889,0.5444444444444444,0.14446425904900653,0.053513527,-0.0073962529276005995,0.4025317138188078,-0.09237788431976579,-0.08372808703645485,,,
研究期,2,30,2,close,0.04084979536790034,-0.25519967285944734,0.28635627221845517,0.075,0.5444444444444444,0.1600699362588862,0.053513527,-0.029777385783615662,0.3385123714828191,0.009109306564539787,-0.11548684369776308,,,
研究期,2,30,3,open,-0.02493721709115171,-0.34939052619834887,-0.024280648477121067,0.07666666666666666,0.5444444444444444,-0.0713734781606381,0.053513527,0.004014717467309303,0.25459074963568296,-0.11520093675655385,-0.18255303044616533,,,
研究期,2,30,3,close,-0.035120771585990584,-0.33198430989606653,-0.06839575463351874,0.0774074074074074,0.5444444444444444,-0.10579045617241897,0.053513527,-0.10328928037465335,0.3425986624454651,-0.04413419353213355,-0.2383900261693821,,,
研究期,2,60,1,open,0.11626407724524812,-0.31563070497538936,0.5203799705181438,0.058888888888888886,0.5444444444444444,0.3683547747812228,0.053513527,0.2455896629365728,0.14345208143004395,0.12032001764213462,-0.059725832632456344,,,
研究期,2,60,1,close,0.11293582774178201,-0.3641561307078346,0.5120975049099553,0.057777777777777775,0.5444444444444444,0.31013023870355033,0.053513527,0.2515341811375049,0.2568012883006976,0.2045332003374709,-0.21679024900751953,,,
研究期,2,60,2,open,0.1646511257253347,-0.24730564204648575,0.7645224080828862,0.056666666666666664,0.5444444444444444,0.6657799003808632,0.053513527,0.21058057230106209,0.5342915364190646,-0.05184771556836898,-0.003710992980408556,,,
研究期,2,60,2,close,0.14610624453133148,-0.24562467115940934,0.6894464008534474,0.05611111111111111,0.5444444444444444,0.5948353796940421,0.053513527,0.21567769655499314,0.48686169904182663,0.019193875586190456,-0.10235091381762906,,,
研究期,2,60,3,open,0.0868714562551931,-0.2603443477233982,0.5144605432089362,0.0574074074074074,0.5444444444444444,0.33367905627622585,0.053513527,0.13400797512180262,0.5294370378899671,-0.12962568675080377,-0.0992788899333441,,,
研究期,2,60,3,close,0.08487156309927846,-0.2725301055328153,0.48931350306008997,0.05703703703703703,0.5444444444444444,0.31142087195595747,0.053513527,0.08957247873249607,0.5543930599290403,-0.020814680112352435,-0.1856483956770033,,,
研究期,2,100,1,open,0.07182298387371278,-0.3053299357446875,0.3775790710294916,0.05555555555555555,0.5444444444444444,0.23523073064728944,0.053513527,0.2455896629365728,0.029099083933252112,-0.0350088704311039,0.044129005183261016,,,
研究期,2,100,1,close,0.10587554820366574,-0.32183579187413636,0.48883429349728996,0.05444444444444444,0.5444444444444444,0.3289738148362056,0.053513527,0.2515341811375049,0.1973863464013077,0.03136239970102572,-0.062171800995353244,,,
研究期,2,100,2,open,0.1652452579856536,-0.26499691169142503,0.7671661220125219,0.051111111111111114,0.5444444444444444,0.6235742783979046,0.053513527,0.21058057230106209,0.4055984179138741,-0.1637371832937926,0.23533361951578868,,,
研究期,2,100,2,close,0.115821104227803,-0.24839277373317237,0.5819746420739799,0.050555555555555555,0.5444444444444444,0.46628210026842387,0.053513527,0.21567769655499314,0.2520534301398376,-0.1337632443151967,0.1362550528104185,,,
研究期,2,100,3,open,0.17812023598521898,-0.23473919350724493,0.9032803019148806,0.05074074074074074,0.5444444444444444,0.7588005791615772,0.053513527,0.1830816245827982,0.5007225849769295,0.01142067059701124,0.01938372482969597,,,
研究期,2,100,3,close,0.14528871383595288,-0.28592336671769414,0.7467971620296867,0.050370370370370364,0.5444444444444444,0.5081386509393035,0.053513527,0.15086586444908878,0.4651201028858618,0.06585314519752639,-0.08227185895860167,,,
研究期,3,30,1,open,-0.023255359470247483,-0.32873178191876595,0.024635825540692866,0.056666666666666664,0.46444444444444444,-0.07074265632154239,0.053513527,-0.04184673598006605,0.29912929351873885,-0.08877716408553615,-0.19165799103421566,,,
研究期,3,30,1,close,-0.019167425717011688,-0.31311065060697274,0.03611537969977188,0.056666666666666664,0.46444444444444444,-0.06121614093885072,0.053513527,0.13061338759886043,0.11831292573126118,-0.07959555287181552,-0.19990540943843016,,,
研究期,3,30,2,open,0.10689266835393552,-0.36308598648202695,0.5791103802387776,0.06111111111111111,0.46444444444444444,0.2944004239591516,0.053513527,0.16414630434903144,0.5860257737893395,-0.05845429340854513,-0.16338615067868423,,,
研究期,3,30,2,close,-0.007603086112804247,-0.3181826407816526,0.06954944566629802,0.06222222222222222,0.46444444444444444,-0.02389535172040305,0.053513527,0.06140995165350893,0.1599198325073885,-0.057582602472982525,-0.16204709508806692,,,
研究期,3,30,3,open,0.09909307094019826,-0.2522426598958074,0.592976585961233,0.06259259259259259,0.46444444444444444,0.3928481842886137,0.053513527,0.07701174658327314,0.49618184395928955,-0.02032616740114601,-0.10242587784016965,,,
研究期,3,30,3,close,0.03201192946007114,-0.2285766981348063,0.258162074861832,0.06185185185185184,0.46444444444444444,0.1400489626514408,0.053513527,0.07346369718538859,0.21021059065153525,-0.04816338724229707,-0.09162389828947559,,,
研究期,3,60,1,open,0.10368020082382845,-0.28831718854527855,0.5047955216310289,0.05,0.46444444444444444,0.35960464704498907,0.053513527,0.2689321585334019,0.3255846970309233,-0.13597290358741954,-0.009954533647471453,,,
研究期,3,60,1,close,0.03425458200822895,-0.29230480627272315,0.2577479735113454,0.05,0.46444444444444444,0.11718788495139934,0.053513527,0.25226502448784016,0.1917302549543729,-0.14062373689648988,-0.11713123460076102,,,
研究期,3,60,2,open,0.22765716742939102,-0.23112457006116172,1.057910045380828,0.051111111111111114,0.46444444444444444,0.984997689207802,0.053513527,0.2781694382942643,0.6793892323439943,-0.10610970243180795,0.11055243992668107,,,
研究期,3,60,2,close,0.14013688430222127,-0.22881403334851003,0.6817375093494312,0.051111111111111114,0.46444444444444444,0.61244881815783,0.053513527,0.30139862816912566,0.2916211129025774,-0.1616225780910019,0.15107129858791768,,,
研究期,3,60,3,open,0.17372859249291284,-0.21205567680360882,0.9404498708867498,0.04925925925925925,0.46444444444444444,0.8192593337353008,0.053513527,0.2041748862714443,0.4906179255541838,-0.024387365737541522,0.031024043830861325,,,
研究期,3,60,3,close,0.1266155749127129,-0.19163607243788705,0.6879555570754674,0.04888888888888888,0.46444444444444444,0.6607084631926563,0.053513527,0.23574665762285818,0.26366183806985766,-0.06818293660148178,0.06680528004188124,,,
研究期,3,100,1,open,0.06774275323063517,-0.3638537054693246,0.37163149495231823,0.042222222222222223,0.46444444444444444,0.18618129267985797,0.053513527,0.2689321585334019,0.16132202252174288,-0.08572444498782761,-0.05478261604910106,,,
研究期,3,100,1,close,-0.00751617210467459,-0.3852862252290049,0.11059521447216947,0.042222222222222223,0.46444444444444444,-0.019508021861428235,0.053513527,0.25226502448784016,0.08683099427483021,-0.23735871515336882,-0.06300829583196443,,,
研究期,3,100,2,open,0.1551707462779348,-0.31031181600344404,0.7666515955000809,0.042777777777777776,0.46444444444444444,0.5000478173097109,0.053513527,0.21700989748030208,0.5832673593786253,-0.1342111522931726,0.020496753969767578,,,
研究期,3,100,2,close,0.03709115059727597,-0.2934744511814559,0.27356936349563477,0.042777777777777776,0.46444444444444444,0.1263863019351638,0.053513527,0.2604931443766043,0.07637012825324696,-0.19898034786606644,0.05243633600161246,,,
研究期,3,100,3,open,0.1762735142738059,-0.26494498361399055,0.9385358350339664,0.04148148148148147,0.46444444444444444,0.6653211994027641,0.053513527,0.2689608006928157,0.5323592789695106,-0.0016289103218702916,-0.0625008982647004,,,
研究期,3,100,3,close,0.10050862476443001,-0.2556536520398227,0.5773300827068636,0.04074074074074074,0.46444444444444444,0.3931437081476699,0.053513527,0.32224031380482243,0.18768915664851926,-0.050835356813317634,-0.044867270956923444,,,
研究期,4,30,1,open,-0.06835725331471676,-0.3486900019494046,-0.21428734763102253,0.05333333333333334,0.35777777777777775,-0.19604018736572634,0.053513527,-0.19589622066476975,0.10922040983641002,0.049074670048640856,-0.17692516147829784,,,
研究期,4,30,1,close,-0.02168856308089384,-0.3772020023721232,-0.0019538333932055114,0.05333333333333334,0.35777777777777775,-0.057498536445989755,0.053513527,-0.10936781799011785,0.10892151183771959,0.1569560554859062,-0.1928419052249506,,,
研究期,4,30,2,open,0.1005758308500595,-0.2360657548320968,0.6061627764334774,0.056666666666666664,0.35777777777777775,0.42605006779401217,0.053513527,-0.010738802186992191,0.33173398511457663,0.1394974827317048,-0.051418916776133416,,,
研究期,4,30,2,close,0.0168703448976939,-0.36407641439364014,0.18172345727997982,0.058333333333333334,0.35777777777777775,0.04633737377849929,0.053513527,-0.12099786234159915,0.014573674191061148,0.235517196812844,-0.03466742121498767,,,
研究期,4,30,3,open,0.04513865944665363,-0.21099698909933629,0.3522654223325326,0.06,0.35777777777777775,0.21393034867148072,0.053513527,-0.024187177360686762,0.21264052621834129,0.06308303928270864,-0.06447012754620984,,,
研究期,4,30,3,close,-0.017490967156301496,-0.29291577397280744,-0.024438024181200876,0.059259259259259255,0.35777777777777775,-0.059713298874526484,0.053513527,-0.047406604725182655,0.02323084911667661,0.06783815023640449,-0.09978434924102819,,,
研究期,4,60,1,open,0.0017350452111708492,-0.26863337263954834,0.11563186035011207,0.04555555555555556,0.35777777777777775,0.006458785050131984,0.053513527,-0.02619250727816791,0.02004159136403172,-0.06275808556926599,0.0810213626072005,,,
研究期,4,60,1,close,-0.014543112355268728,-0.3488285843894643,0.03935558984274583,0.04555555555555556,0.35888888888888887,-0.04169128622507455,0.053513527,-0.036252701216775596,-0.031802837192051014,0.08604727388863198,-0.06511857747096328,,,
研究期,4,60,2,open,0.12854748298088547,-0.1493411229775351,0.7580798869039819,0.04722222222222222,0.35777777777777775,0.8607641379543025,0.053513527,0.04682663414832633,0.36718007712231393,-0.017074748858739386,0.11045184839148448,,,
研究期,4,60,2,close,0.06367837437675994,-0.2817345477359382,0.4185206618403013,0.04722222222222222,0.35888888888888887,0.22602259782653233,0.053513527,0.05480768382073964,0.08788128243504811,0.03752751130764853,0.05471749442547047,,,
研究期,4,60,3,open,0.09783820385670294,-0.15471378709005346,0.6703613114081372,0.05,0.35777777777777775,0.6323819337429493,0.053513527,0.12049430463632138,0.20409535859350725,0.00386577407580746,0.0417907087823195,,,
研究期,4,60,3,close,0.07510966288720744,-0.18231551220335063,0.5109576608685868,0.05,0.35888888888888887,0.4119762601628314,0.053513527,0.13305178650756,0.08467826065055406,0.0272359430345559,0.03464984043957697,,,
研究期,4,100,1,open,-0.08157916515992114,-0.403725734309724,-0.25526834495055617,0.04111111111111111,0.35777777777777775,-0.20206580415143044,0.053513527,-0.02619250727816791,-0.20971056241505237,-0.019098150950203174,-0.032182078156343774,,,
研究期,4,100,1,close,-0.0748234324537872,-0.43257530724675664,-0.241397511785959,0.04111111111111111,0.35777777777777775,-0.1729720379325887,0.053513527,-0.036252701216775596,-0.2538849085503204,0.09233984972585452,-0.04436527651797306,,,
研究期,4,100,2,open,0.13266298172966007,-0.19945919554170743,0.7675255138249806,0.043333333333333335,0.35777777777777775,0.6651133900814309,0.053513527,0.0042111935035380466,0.2889278725928677,-0.019406015241305363,0.24740904766805571,,,
研究期,4,100,2,close,0.04635044347954431,-0.2889561640441275,0.3319449477724997,0.043333333333333335,0.35888888888888887,0.16040648806670196,0.053513527,0.04426247676998085,-0.0934160925354578,-0.01097667118402157,0.2622793693232588,,,
研究期,4,100,3,open,0.15141344912751165,-0.15614140239174834,0.9514807049561839,0.043333333333333335,0.35777777777777775,0.9697200537985782,0.053513527,0.08620132375700673,0.21178391334014113,0.1140424679759009,0.14713859279739494,,,
研究期,4,100,3,close,0.09968450856930211,-0.19941551687002035,0.6421384336204343,0.042592592592592585,0.35888888888888887,0.49988340994686375,0.053513527,0.16270928579970678,-0.010873278230552175,0.08884425962037623,0.13378207467173842,,,
样本外,2,30,1,open,0.4808505151394509,-0.5002656448737273,1.1277898406659292,0.10453920220082531,0.6313617606602476,0.9611903596954434,0.034577727,,,,,0.5493755100528623,0.6485786795857729,0.26116878722057857
样本外,2,30,1,close,0.3701235630795763,-0.5505863255241037,0.9549119954538864,0.10453920220082531,0.6299862448418156,0.6722352988466528,0.034577727,,,,,0.11926735559908774,0.9686299297819752,0.15978858869437307
样本外,2,30,2,open,0.19096070977349466,-0.4548395089855358,0.7124576163945509,0.10797799174690509,0.6313617606602476,0.4198419574399095,0.034577727,,,,,0.2583393666513414,0.07296140649497307,0.24668043161668818
样本外,2,30,2,close,0.0628024912551417,-0.5271324878076339,0.3503167572470454,0.10797799174690509,0.6299862448418156,0.11913986086560495,0.034577727,,,,,-0.060857904620378545,0.1136825230287759,0.14636500175732658
样本外,2,30,3,open,0.20981070605300078,-0.39837866908361685,0.8309426975544565,0.11875286565795504,0.6313617606602476,0.5266614965495631,0.034577727,,,,,-0.00359752350186493,0.42537256276304247,0.24192122109525882
样本外,2,30,3,close,0.10719748073546986,-0.43648618733275335,0.5123136766537512,0.1155433287482806,0.6299862448418156,0.2455919198509444,0.034577727,,,,,-0.0952375443250254,0.19992162861232687,0.2476178013669803
样本外,2,60,1,open,0.465797814488796,-0.5002656448737273,1.0983174796758344,0.08940852819807428,0.6313617606602476,0.9311009445918851,0.034577727,,,,,0.2254591655542486,0.7010387250575503,0.49901509865560123
样本外,2,60,1,close,0.5211080814776055,-0.5505863255241037,1.2117739956023648,0.0907840440165062,0.6313617606602476,0.9464602684811726,0.034577727,,,,,-0.09036858011257864,1.5820741410521477,0.4856389302995874
样本外,2,60,2,open,0.21654347340818125,-0.3879972328972876,0.7852325680715196,0.09834938101788171,0.6313617606602476,0.5581057158351066,0.034577727,,,,,0.12962367365220828,0.14319050191194238,0.38862854294713545
样本外,2,60,2,close,0.2595011936766276,-0.42201762974201995,0.9227388186889389,0.09903713892709766,0.6313617606602476,0.6149060498616162,0.034577727,,,,,0.08376727271224071,0.38626351041568063,0.32361194153413275
样本外,2,60,3,open,0.3100010680215053,-0.28580319697718315,1.1345113026060814,0.10453920220082531,0.6313617606602476,1.0846662014289992,0.034577727,,,,,0.26048440203253387,0.2880568957945877,0.3770170535063908
样本外,2,60,3,close,0.30347779126712626,-0.3304598549759582,1.1259754491441143,0.10453920220082531,0.6313617606602476,0.9183499499181377,0.034577727,,,,,0.19665478018719096,0.3733106522704348,0.3403387031334373
样本外,2,100,1,open,0.3723493352618912,-0.5012640482162891,0.9467024320204855,0.07977991746905089,0.6313617606602476,0.7428207480406158,0.034577727,,,,,0.13469016326070538,0.8222108356340132,0.24194171605453008
样本外,2,100,1,close,0.36238032362226025,-0.5505863255241039,0.9419902149099206,0.0811554332874828,0.6313617606602476,0.6581716741281395,0.034577727,,,,,-0.08612477594902479,1.440363068414582,0.1266829571688426
样本外,2,100,2,open,0.17495006545261615,-0.43884621958011694,0.6721462217796614,0.0907840440165062,0.6313617606602476,0.39865916042299826,0.034577727,,,,,0.11279185361781141,0.1325749258077904,0.2827514824326258
样本外,2,100,2,close,0.17274275643942816,-0.4480950567802684,0.6857931506744221,0.09147180192572214,0.6313617606602476,0.3855047133986477,0.034577727,,,,,0.05514888322765321,0.2585484225607446,0.2106162939934848
样本外,2,100,3,open,0.27311722621077195,-0.2721674027093892,1.0368281767217495,0.09582760201742319,0.6313617606602476,1.0034898503344905,0.034577727,,,,,0.3290709099083451,0.22628600238025642,0.2598426817224375
样本外,2,100,3,close,0.2103447811220307,-0.3095851506500362,0.8488730439605214,0.09399358092618064,0.6313617606602476,0.6794407957887179,0.034577727,,,,,0.03597991476729945,0.3437551599357025,0.26869394812582015
样本外,3,30,1,open,0.48616133902194014,-0.5230284292657681,1.1811675134006054,0.08528198074277854,0.5295735900962861,0.9295122632328374,0.034577727,,,,,0.3808969336571171,1.0838910338547012,0.1314507771028377
样本外,3,30,1,close,0.2526401489456813,-0.543608739517998,0.7672221260355869,0.08528198074277854,0.5281980742778541,0.46474629743754664,0.034577727,,,,,0.029425550526414712,1.0174730676811707,-0.057954986427543376
样本外,3,30,2,open,0.13303657837487326,-0.4401362536431612,0.5828196734216474,0.08390646492434663,0.5295735900962861,0.3022622591837939,0.034577727,,,,,0.07240405609282785,0.38476811332010397,-0.02302211425163625
样本外,3,30,2,close,0.009328341296344522,-0.4639332401465349,0.17198755833845528,0.08390646492434663,0.5281980742778541,0.020107076814323832,0.034577727,,,,,-0.07190960833095639,0.22209864546092928,-0.09360347341283537
样本外,3,30,3,open,0.13341100970500963,-0.43034641978495214,0.633647548771762,0.08940852819807428,0.5295735900962861,0.31000841083254804,0.034577727,,,,,-0.10836014234107683,0.5164113478505883,0.07409151260224967
样本外,3,30,3,close,0.01998183824235622,-0.40308765646279954,0.20216463943114274,0.08803301237964235,0.5281980742778541,0.04957194278212863,0.034577727,,,,,-0.055407811613762514,0.15845015147789843,-0.030652395398492405
样本外,3,60,1,open,0.5807736206234839,-0.5230284292657681,1.3297308759114168,0.07427785419532325,0.5295735900962861,1.1104054543244983,0.034577727,,,,,0.40313955633836307,1.0661389299404456,0.3498125218875363
样本外,3,60,1,close,0.2984238428400736,-0.543608739517998,0.8723516288012848,0.07427785419532325,0.5295735900962861,0.5489680741790084,0.034577727,,,,,-0.1633832430567721,1.2146019128391798,0.1751765248827486
样本外,3,60,2,open,0.2273827088258542,-0.3714912074180641,0.8704478034976275,0.07427785419532325,0.5295735900962861,0.6120809975724812,0.034577727,,,,,0.2238045815265699,0.36247120888861706,0.10427498186981432
样本外,3,60,2,close,0.14658296342045207,-0.4112067951017311,0.633146609587632,0.0749656121045392,0.5295735900962861,0.3564701876684406,0.034577727,,,,,0.034785002014030564,0.3975635017095127,0.03938741068051366
样本外,3,60,3,open,0.17039503997777605,-0.36816219046099363,0.7675093801470245,0.07840440165061897,0.5295735900962861,0.4628260163392015,0.034577727,,,,,0.11960102926176841,0.22063109075606735,0.16936326225297949
样本外,3,60,3,close,0.09572480521218152,-0.35052711348775367,0.49989119301239676,0.07886290692342962,0.5295735900962861,0.27308816216730647,0.034577727,,,,,0.10047369121206073,0.15499177273513842,0.03307623215002753
样本外,3,100,1,open,0.5040366122284381,-0.523981355566798,1.2114494522683754,0.06464924346629987,0.5295735900962861,0.9619361583642887,0.034577727,,,,,0.33353320074178283,1.213318656772712,0.14312863229128392
样本外,3,100,1,close,0.198867359788379,-0.543608739517998,0.6612972191813757,0.06464924346629987,0.5295735900962861,0.36582811373619356,0.034577727,,,,,-0.10679889117393349,1.093058690069534,-0.08173382619328495
样本外,3,100,2,open,0.21071827061320691,-0.423711617099114,0.8208358177501188,0.06602475928473177,0.5295735900962861,0.4973153015153607,0.034577727,,,,,0.23922336135383038,0.37032430110136705,0.041009360423608365
样本外,3,100,2,close,0.08547152835093952,-0.43777198572250675,0.4357690986617083,0.06671251719394773,0.5295735900962861,0.19524211493313298,0.034577727,,,,,0.08890720840614641,0.21681965239390255,-0.03637438576825214
样本外,3,100,3,open,0.0932925645924989,-0.403514989880841,0.491071574446078,0.06831728564878496,0.5295735900962861,0.2311997495311102,0.034577727,,,,,0.10570344137865506,0.14205871285064386,0.03297143548814363
样本外,3,100,3,close,0.07079874660510788,-0.37607835621390606,0.4050787230905278,0.0687757909215956,0.5295735900962861,0.18825530753181371,0.034577727,,,,,0.14698652626967124,0.09408717550018819,-0.02297753136712688
样本外,4,30,1,open,0.38214334871882283,-0.5090541120275502,1.0200666305481412,0.07290233837689133,0.4594222833562586,0.7506929807457111,0.034577727,,,,,0.4342097622088821,0.6598281215145372,0.10180131302200435
样本外,4,30,1,close,0.28359043749399215,-0.5118404041590339,0.8462552834899862,0.07427785419532325,0.4580467675378267,0.5540602797075742,0.034577727,,,,,0.08130716175820418,0.5995969275676001,0.21646025625918575
样本外,4,30,2,open,0.0668510032396945,-0.4457051267873451,0.3757203416659487,0.06808803301237965,0.4594222833562586,0.1499893073287229,0.034577727,,,,,0.0813599707709809,0.15412527613898885,-0.028344817505107422
样本外,4,30,2,close,0.04499438054185334,-0.45749355454746266,0.2982256081011442,0.0687757909215956,0.4580467675378267,0.09834975836186431,0.034577727,,,,,-0.05289574484487347,0.20503350940570297,-0.0010280957751570563
样本外,4,30,3,open,0.08140286847188749,-0.42805186461609,0.45367507618950875,0.07519486474094451,0.4594222833562586,0.19017057324325842,0.034577727,,,,,-0.08223636526672962,0.34894552573163584,0.01986063464716148
样本外,4,30,3,close,0.055691525909950634,-0.38869399703158636,0.351750833196216,0.07473635946813388,0.4580467675378267,0.14327858504443275,0.034577727,,,,,0.014908695421550933,0.11845878727461168,0.03533722884269008
样本外,4,60,1,open,0.30696524665891745,-0.5090541120275502,0.8915873089048202,0.061898211829436035,0.4594222833562586,0.6030110343992356,0.034577727,,,,,0.45858737434482943,0.26590980311076695,0.20247054123731312
样本外,4,60,1,close,0.20727702120788738,-0.5118404041590339,0.7013121980574639,0.061898211829436035,0.4580467675378267,0.4049641636799825,0.034577727,,,,,-0.1276844484346552,0.4027056698171543,0.4325317770393198
样本外,4,60,2,open,0.06652275222372905,-0.3917887952770107,0.37730855500910393,0.06052269601100413,0.4594222833562586,0.16979238055211546,0.034577727,,,,,0.25790115336795116,-0.05024846305870645,0.014099796420483202
样本外,4,60,2,close,0.08502008946332373,-0.39992963036084184,0.44735466304429267,0.061210453920220086,0.4580467675378267,0.2125876229440995,0.034577727,,,,,0.07813195188398914,0.09537574059725928,0.07982186860781537
样本外,4,60,3,open,0.08837258952679461,-0.375360192563747,0.4836044453823605,0.06464924346629987,0.4594222833562586,0.23543410110486448,0.034577727,,,,,0.11579729529833482,0.10194936885128936,0.04672404982859435
样本外,4,60,3,close,0.1006880455401864,-0.33175345317093274,0.5386649298229577,0.06464924346629987,0.4580467675378267,0.3035026299735541,0.034577727,,,,,0.1792862909940114,0.05639074778592357,0.06830468895731379
样本外,4,100,1,open,0.20602874252275116,-0.5205763877373303,0.6806392212454706,0.055020632737276476,0.4594222833562586,0.3957704332658055,0.034577727,,,,,0.3496960220402665,0.2710332215745963,0.01862173674540668
样本外,4,100,1,close,0.12177361561150257,-0.5118404041590341,0.4944511636206816,0.055020632737276476,0.4580467675378267,0.23791325308047828,0.034577727,,,,,-0.043544364262452895,0.29594427210958507,0.1361661817583606
样本外,4,100,2,open,0.08368525493506129,-0.44232275543493327,0.4340433309671612,0.05845942228335626,0.4594222833562586,0.18919500275940832,0.034577727,,,,,0.23835900076978422,0.06376342284961245,-0.035499081343064565
样本外,4,100,2,close,0.11936691016032874,-0.4270036244605149,0.5647697460224342,0.059147180192572216,0.4580467675378267,0.27954542613341826,0.034577727,,,,,0.1413912171876175,0.2246032746274682,0.0011148800309230822
样本外,4,100,3,open,0.09740930426720329,-0.4103102469741623,0.519988339875639,0.060981201283814755,0.4594222833562586,0.23740402533338942,0.034577727,,,,,0.13778374006453786,0.19590590651242357,-0.0305577258766091
样本外,4,100,3,close,0.12862302609772458,-0.3580432800036357,0.6474217311913747,0.06143970655662539,0.4580467675378267,0.3592387660408498,0.034577727,,,,,0.2634795501091962,0.13543158440802427,-0.00036671243222874406
