日期,策略,总资产,当日收益,累计收益,中证1000累计,超额累计,最大回撤,持仓数,现金,成交笔数
2026-09-29,A_top50,100000,0,0,0,0,0,0,100000,0
2026-09-29,A_top20,100000,0,0,0,0,0,0,100000,0
2026-09-29,AE_top20,100000,0,0,0,0,0,0,100000,0
2026-09-29,C_top50,100000,0,0,0,0,0,0,100000,0
2026-09-29,K_top3,100000,0,0,0,0,0,0,100000,0
2026-09-29,FB_dip,100000,0,0,0,0,0,0,100000,0
2026-09-30,A_top50,99750,-0.0025,-0.0025,-0.003622,0.001122,-0.0025,50,23058,50
2026-09-30,A_top20,99900,-0.001,-0.001,-0.003622,0.002622,-0.001,20,22449,20
2026-09-30,AE_top20,99900,-0.001,-0.001,-0.003622,0.002622,-0.001,20,19584,20
2026-09-30,C_top50,99750,-0.0025,-0.0025,-0.003622,0.001122,-0.0025,50,26405,50
2026-09-30,K_top3,100000,0,0,-0.003622,0.003622,0,0,100000,0
2026-09-30,FB_dip,100000,0,0,-0.003622,0.003622,0,0,100000,0
