因子,RankIC,ICIR,行业中性IC,行业中性ICIR,中性ICIR_1日,覆盖,IC同号年份,最像的原因子,相关,IC2016,IC2017,IC2018,IC2019,IC2020,IC2021,IC2022,IC2023,IC2024,IC2025,IC2026
RQ_RATIO,-0.0247,-0.2080,-0.0229,-0.2522,-0.1917,0.1553,6/6,LOWPRICE,-0.2416,,,,-0.0152,-0.0032,-0.0216,-0.0485,-0.0424,-0.0296,,
HN_CHG2,-0.0153,-0.2044,-0.0129,-0.2390,-0.1057,0.9513,11/11,SMALL20,-0.1581,-0.0239,-0.0112,-0.0008,-0.0102,-0.0180,-0.0130,-0.0200,-0.0239,-0.0324,-0.0028,-0.0107
HN_CHG1,-0.0125,-0.1964,-0.0102,-0.2151,-0.0886,0.9542,11/11,SMALL20,-0.1178,-0.0139,-0.0154,-0.0061,-0.0089,-0.0130,-0.0102,-0.0095,-0.0213,-0.0255,-0.0033,-0.0093
RZ_MV,-0.0256,-0.1522,-0.0226,-0.1951,-0.0991,0.1578,6/6,SMALL20,-0.2468,,,,-0.0214,-0.0387,-0.0107,-0.0306,-0.0259,-0.0232,,
HN_CHG_ADJ,0.0108,0.1804,0.0088,0.1935,0.0629,0.9542,11/11,SMALL20,0.1040,0.0087,0.0146,0.0067,0.0083,0.0121,0.0107,0.0068,0.0140,0.0220,0.0045,0.0097
RZ_BUY5,-0.0155,-0.1366,-0.0160,-0.1921,-0.0412,0.1583,6/6,SMALL20,-0.1321,,,,-0.0055,-0.0109,-0.0046,-0.0150,-0.0219,-0.0270,,
IS_MARGIN,-0.0080,-0.1239,-0.0076,-0.1623,-0.0850,1.0000,7/11,LOWPRICE,-0.0912,-0.0067,0.0103,0.0088,0.0013,0.0025,-0.0129,-0.0210,-0.0356,-0.0206,-0.0061,-0.0079
RZ_BUY20,-0.0138,-0.1176,-0.0138,-0.1612,-0.0097,0.1584,6/6,SMALL20,-0.1397,,,,-0.0114,-0.0089,-0.0019,-0.0269,-0.0181,-0.0224,,
RZ_CHG5,-0.0135,-0.1522,-0.0097,-0.1364,-0.1153,0.1565,5/6,ABVOL5,-0.2686,,,,-0.0056,-0.0219,-0.0038,0.0063,-0.0050,-0.0289,,
RZ_CHG20,-0.0150,-0.1596,-0.0088,-0.1171,-0.1431,0.1525,6/6,ABVOL5,-0.3231,,,,-0.0081,-0.0191,-0.0019,-0.0204,-0.0036,-0.0360,,
HN_HOLDVAL,-0.0146,-0.0983,-0.0103,-0.0834,-0.1175,0.9558,7/11,LOWPRICE,-0.7304,-0.0274,0.0093,-0.0031,0.0149,0.0231,-0.0347,-0.0398,-0.0461,-0.0414,-0.0167,0.0077
HN_FRESH,0.0014,0.0335,0.0007,0.0187,-0.0203,0.9564,6/11,SMALL20,-0.0485,-0.0030,0.0001,-0.0031,0.0061,0.0018,-0.0006,-0.0021,0.0082,0.0097,-0.0054,0.0054
HN_AGE,-0.0005,-0.0100,-0.0003,-0.0095,0.0180,0.9564,4/11,SMALL20,0.0713,0.0019,0.0007,0.0079,-0.0086,-0.0026,0.0017,0.0045,0.0007,-0.0098,0.0014,-0.0039
