区间,模型,持股,择时,方式,年份,收益,基准
研究期2023-26,A,50,不择时,空仓,2023,0.0500,-0.0628
研究期2023-26,A,50,不择时,空仓,2024,0.0184,0.0120
研究期2023-26,A,50,不择时,空仓,2025,0.4422,0.2911
研究期2023-26,A,50,不择时,空仓,2026,0.0129,0.0122
研究期2023-26,A,50,投票≥2,空仓,2023,-0.0343,-0.0628
研究期2023-26,A,50,投票≥2,空仓,2024,0.2669,0.0120
研究期2023-26,A,50,投票≥2,空仓,2025,0.0956,0.2911
研究期2023-26,A,50,投票≥2,空仓,2026,-0.1515,0.0122
研究期2023-26,A,50,投票≥2,对冲,2023,-0.0075,-0.0628
研究期2023-26,A,50,投票≥2,对冲,2024,0.1751,0.0120
研究期2023-26,A,50,投票≥2,对冲,2025,0.0605,0.2911
研究期2023-26,A,50,投票≥2,对冲,2026,-0.1269,0.0122
研究期2023-26,A,50,投票≥3,空仓,2023,0.0154,-0.0628
研究期2023-26,A,50,投票≥3,空仓,2024,0.1456,0.0120
研究期2023-26,A,50,投票≥3,空仓,2025,0.0822,0.2911
研究期2023-26,A,50,投票≥3,空仓,2026,-0.0125,0.0122
研究期2023-26,A,50,投票≥3,对冲,2023,0.0335,-0.0628
研究期2023-26,A,50,投票≥3,对冲,2024,0.0620,0.0120
研究期2023-26,A,50,投票≥3,对冲,2025,0.0762,0.2911
研究期2023-26,A,50,投票≥3,对冲,2026,0.0115,0.0122
研究期2023-26,A,50,投票≥4,空仓,2023,-0.0133,-0.0628
研究期2023-26,A,50,投票≥4,空仓,2024,0.1749,0.0120
研究期2023-26,A,50,投票≥4,空仓,2025,0.0866,0.2911
研究期2023-26,A,50,投票≥4,空仓,2026,0.0002,0.0122
研究期2023-26,A,50,投票≥4,对冲,2023,0.0033,-0.0628
研究期2023-26,A,50,投票≥4,对冲,2024,0.0653,0.0120
研究期2023-26,A,50,投票≥4,对冲,2025,0.0791,0.2911
研究期2023-26,A,50,投票≥4,对冲,2026,0.0031,0.0122
研究期2023-26,A,20,不择时,空仓,2023,0.0294,-0.0628
研究期2023-26,A,20,不择时,空仓,2024,0.0235,0.0120
研究期2023-26,A,20,不择时,空仓,2025,0.5215,0.2911
研究期2023-26,A,20,不择时,空仓,2026,0.0177,0.0122
研究期2023-26,A,20,投票≥2,空仓,2023,0.0021,-0.0628
研究期2023-26,A,20,投票≥2,空仓,2024,0.2467,0.0120
研究期2023-26,A,20,投票≥2,空仓,2025,0.1091,0.2911
研究期2023-26,A,20,投票≥2,空仓,2026,-0.1453,0.0122
研究期2023-26,A,20,投票≥2,对冲,2023,-0.0263,-0.0628
研究期2023-26,A,20,投票≥2,对冲,2024,0.1789,0.0120
研究期2023-26,A,20,投票≥2,对冲,2025,0.1193,0.2911
研究期2023-26,A,20,投票≥2,对冲,2026,-0.1217,0.0122
研究期2023-26,A,20,投票≥3,空仓,2023,0.0638,-0.0628
研究期2023-26,A,20,投票≥3,空仓,2024,0.1283,0.0120
研究期2023-26,A,20,投票≥3,空仓,2025,0.1401,0.2911
研究期2023-26,A,20,投票≥3,空仓,2026,0.0113,0.0122
研究期2023-26,A,20,投票≥3,对冲,2023,0.0142,-0.0628
研究期2023-26,A,20,投票≥3,对冲,2024,0.0649,0.0120
研究期2023-26,A,20,投票≥3,对冲,2025,0.1360,0.2911
研究期2023-26,A,20,投票≥3,对冲,2026,0.0178,0.0122
研究期2023-26,A,20,投票≥4,空仓,2023,0.0389,-0.0628
研究期2023-26,A,20,投票≥4,空仓,2024,0.1516,0.0120
研究期2023-26,A,20,投票≥4,空仓,2025,0.1389,0.2911
研究期2023-26,A,20,投票≥4,空仓,2026,0.0331,0.0122
研究期2023-26,A,20,投票≥4,对冲,2023,-0.0155,-0.0628
研究期2023-26,A,20,投票≥4,对冲,2024,0.0682,0.0120
研究期2023-26,A,20,投票≥4,对冲,2025,0.1380,0.2911
研究期2023-26,A,20,投票≥4,对冲,2026,0.0096,0.0122
研究期2023-26,A,10,不择时,空仓,2023,0.0686,-0.0628
研究期2023-26,A,10,不择时,空仓,2024,-0.0084,0.0120
研究期2023-26,A,10,不择时,空仓,2025,0.2901,0.2911
研究期2023-26,A,10,不择时,空仓,2026,0.0055,0.0122
研究期2023-26,A,10,投票≥2,空仓,2023,0.0007,-0.0628
研究期2023-26,A,10,投票≥2,空仓,2024,0.2665,0.0120
研究期2023-26,A,10,投票≥2,空仓,2025,-0.0146,0.2911
研究期2023-26,A,10,投票≥2,空仓,2026,-0.1440,0.0122
研究期2023-26,A,10,投票≥2,对冲,2023,0.0110,-0.0628
研究期2023-26,A,10,投票≥2,对冲,2024,0.1432,0.0120
研究期2023-26,A,10,投票≥2,对冲,2025,-0.0505,0.2911
研究期2023-26,A,10,投票≥2,对冲,2026,-0.1296,0.0122
研究期2023-26,A,10,投票≥3,空仓,2023,0.0711,-0.0628
研究期2023-26,A,10,投票≥3,空仓,2024,0.1676,0.0120
研究期2023-26,A,10,投票≥3,空仓,2025,0.0377,0.2911
研究期2023-26,A,10,投票≥3,空仓,2026,0.0096,0.0122
研究期2023-26,A,10,投票≥3,对冲,2023,0.0533,-0.0628
研究期2023-26,A,10,投票≥3,对冲,2024,0.0327,0.0120
研究期2023-26,A,10,投票≥3,对冲,2025,-0.0359,0.2911
研究期2023-26,A,10,投票≥3,对冲,2026,0.0088,0.0122
研究期2023-26,A,10,投票≥4,空仓,2023,0.0358,-0.0628
研究期2023-26,A,10,投票≥4,空仓,2024,0.1687,0.0120
研究期2023-26,A,10,投票≥4,空仓,2025,0.0265,0.2911
研究期2023-26,A,10,投票≥4,空仓,2026,0.0201,0.0122
研究期2023-26,A,10,投票≥4,对冲,2023,0.0225,-0.0628
研究期2023-26,A,10,投票≥4,对冲,2024,0.0355,0.0120
研究期2023-26,A,10,投票≥4,对冲,2025,-0.0342,0.2911
研究期2023-26,A,10,投票≥4,对冲,2026,0.0008,0.0122
研究期2023-26,A,5,不择时,空仓,2023,0.1168,-0.0628
研究期2023-26,A,5,不择时,空仓,2024,-0.0351,0.0120
研究期2023-26,A,5,不择时,空仓,2025,0.2159,0.2911
研究期2023-26,A,5,不择时,空仓,2026,-0.0369,0.0122
研究期2023-26,A,5,投票≥2,空仓,2023,0.0206,-0.0628
研究期2023-26,A,5,投票≥2,空仓,2024,0.2234,0.0120
研究期2023-26,A,5,投票≥2,空仓,2025,-0.0927,0.2911
研究期2023-26,A,5,投票≥2,空仓,2026,-0.1394,0.0122
研究期2023-26,A,5,投票≥2,对冲,2023,0.0566,-0.0628
研究期2023-26,A,5,投票≥2,对冲,2024,0.1147,0.0120
研究期2023-26,A,5,投票≥2,对冲,2025,-0.1049,0.2911
研究期2023-26,A,5,投票≥2,对冲,2026,-0.1643,0.0122
研究期2023-26,A,5,投票≥3,空仓,2023,0.1002,-0.0628
研究期2023-26,A,5,投票≥3,空仓,2024,0.1210,0.0120
研究期2023-26,A,5,投票≥3,空仓,2025,-0.0033,0.2911
研究期2023-26,A,5,投票≥3,空仓,2026,0.0143,0.0122
研究期2023-26,A,5,投票≥3,对冲,2023,0.1013,-0.0628
研究期2023-26,A,5,投票≥3,对冲,2024,0.0069,0.0120
研究期2023-26,A,5,投票≥3,对冲,2025,-0.0911,0.2911
研究期2023-26,A,5,投票≥3,对冲,2026,-0.0316,0.0122
研究期2023-26,A,5,投票≥4,空仓,2023,0.0911,-0.0628
研究期2023-26,A,5,投票≥4,空仓,2024,0.1314,0.0120
研究期2023-26,A,5,投票≥4,空仓,2025,0.0139,0.2911
研究期2023-26,A,5,投票≥4,空仓,2026,0.0250,0.0122
研究期2023-26,A,5,投票≥4,对冲,2023,0.0692,-0.0628
研究期2023-26,A,5,投票≥4,对冲,2024,0.0098,0.0120
研究期2023-26,A,5,投票≥4,对冲,2025,-0.0901,0.2911
研究期2023-26,A,5,投票≥4,对冲,2026,-0.0394,0.0122
研究期2023-26,AE,50,不择时,空仓,2023,0.1203,-0.0628
研究期2023-26,AE,50,不择时,空仓,2024,0.0075,0.0120
研究期2023-26,AE,50,不择时,空仓,2025,0.4621,0.2911
研究期2023-26,AE,50,不择时,空仓,2026,-0.0178,0.0122
研究期2023-26,AE,50,投票≥2,空仓,2023,-0.0072,-0.0628
研究期2023-26,AE,50,投票≥2,空仓,2024,0.2224,0.0120
研究期2023-26,AE,50,投票≥2,空仓,2025,0.1019,0.2911
研究期2023-26,AE,50,投票≥2,空仓,2026,-0.1730,0.0122
研究期2023-26,AE,50,投票≥2,对冲,2023,0.0597,-0.0628
研究期2023-26,AE,50,投票≥2,对冲,2024,0.1646,0.0120
研究期2023-26,AE,50,投票≥2,对冲,2025,0.0754,0.2911
研究期2023-26,AE,50,投票≥2,对冲,2026,-0.1525,0.0122
研究期2023-26,AE,50,投票≥3,空仓,2023,0.0336,-0.0628
研究期2023-26,AE,50,投票≥3,空仓,2024,0.1266,0.0120
研究期2023-26,AE,50,投票≥3,空仓,2025,0.1045,0.2911
研究期2023-26,AE,50,投票≥3,空仓,2026,-0.0356,0.0122
研究期2023-26,AE,50,投票≥3,对冲,2023,0.1034,-0.0628
研究期2023-26,AE,50,投票≥3,对冲,2024,0.0527,0.0120
研究期2023-26,AE,50,投票≥3,对冲,2025,0.0916,0.2911
研究期2023-26,AE,50,投票≥3,对冲,2026,-0.0182,0.0122
研究期2023-26,AE,50,投票≥4,空仓,2023,-0.0006,-0.0628
研究期2023-26,AE,50,投票≥4,空仓,2024,0.1525,0.0120
研究期2023-26,AE,50,投票≥4,空仓,2025,0.0956,0.2911
研究期2023-26,AE,50,投票≥4,空仓,2026,-0.0199,0.0122
研究期2023-26,AE,50,投票≥4,对冲,2023,0.0712,-0.0628
研究期2023-26,AE,50,投票≥4,对冲,2024,0.0562,0.0120
研究期2023-26,AE,50,投票≥4,对冲,2025,0.0924,0.2911
研究期2023-26,AE,50,投票≥4,对冲,2026,-0.0263,0.0122
研究期2023-26,AE,20,不择时,空仓,2023,0.1278,-0.0628
研究期2023-26,AE,20,不择时,空仓,2024,0.1030,0.0120
研究期2023-26,AE,20,不择时,空仓,2025,0.5191,0.2911
研究期2023-26,AE,20,不择时,空仓,2026,-0.0038,0.0122
研究期2023-26,AE,20,投票≥2,空仓,2023,0.0182,-0.0628
研究期2023-26,AE,20,投票≥2,空仓,2024,0.3396,0.0120
研究期2023-26,AE,20,投票≥2,空仓,2025,0.1162,0.2911
研究期2023-26,AE,20,投票≥2,空仓,2026,-0.1921,0.0122
研究期2023-26,AE,20,投票≥2,对冲,2023,0.0667,-0.0628
研究期2023-26,AE,20,投票≥2,对冲,2024,0.2773,0.0120
研究期2023-26,AE,20,投票≥2,对冲,2025,0.1180,0.2911
研究期2023-26,AE,20,投票≥2,对冲,2026,-0.1403,0.0122
研究期2023-26,AE,20,投票≥3,空仓,2023,0.0664,-0.0628
研究期2023-26,AE,20,投票≥3,空仓,2024,0.2128,0.0120
研究期2023-26,AE,20,投票≥3,空仓,2025,0.1379,0.2911
研究期2023-26,AE,20,投票≥3,空仓,2026,-0.0369,0.0122
研究期2023-26,AE,20,投票≥3,对冲,2023,0.1108,-0.0628
研究期2023-26,AE,20,投票≥3,对冲,2024,0.1550,0.0120
研究期2023-26,AE,20,投票≥3,对冲,2025,0.1350,0.2911
研究期2023-26,AE,20,投票≥3,对冲,2026,-0.0036,0.0122
研究期2023-26,AE,20,投票≥4,空仓,2023,0.0138,-0.0628
研究期2023-26,AE,20,投票≥4,空仓,2024,0.2312,0.0120
研究期2023-26,AE,20,投票≥4,空仓,2025,0.1345,0.2911
研究期2023-26,AE,20,投票≥4,空仓,2026,0.0042,0.0122
研究期2023-26,AE,20,投票≥4,对冲,2023,0.0787,-0.0628
研究期2023-26,AE,20,投票≥4,对冲,2024,0.1596,0.0120
研究期2023-26,AE,20,投票≥4,对冲,2025,0.1372,0.2911
研究期2023-26,AE,20,投票≥4,对冲,2026,-0.0115,0.0122
研究期2023-26,AE,10,不择时,空仓,2023,0.1518,-0.0628
研究期2023-26,AE,10,不择时,空仓,2024,-0.0771,0.0120
研究期2023-26,AE,10,不择时,空仓,2025,0.3645,0.2911
研究期2023-26,AE,10,不择时,空仓,2026,-0.0241,0.0122
研究期2023-26,AE,10,投票≥2,空仓,2023,0.0433,-0.0628
研究期2023-26,AE,10,投票≥2,空仓,2024,0.2588,0.0120
研究期2023-26,AE,10,投票≥2,空仓,2025,-0.0077,0.2911
研究期2023-26,AE,10,投票≥2,空仓,2026,-0.1889,0.0122
研究期2023-26,AE,10,投票≥2,对冲,2023,0.0899,-0.0628
研究期2023-26,AE,10,投票≥2,对冲,2024,0.0720,0.0120
研究期2023-26,AE,10,投票≥2,对冲,2025,0.0035,0.2911
研究期2023-26,AE,10,投票≥2,对冲,2026,-0.1557,0.0122
研究期2023-26,AE,10,投票≥3,空仓,2023,0.1132,-0.0628
研究期2023-26,AE,10,投票≥3,空仓,2024,0.1465,0.0120
研究期2023-26,AE,10,投票≥3,空仓,2025,0.0570,0.2911
研究期2023-26,AE,10,投票≥3,空仓,2026,-0.0261,0.0122
研究期2023-26,AE,10,投票≥3,对冲,2023,0.1356,-0.0628
研究期2023-26,AE,10,投票≥3,对冲,2024,-0.0303,0.0120
研究期2023-26,AE,10,投票≥3,对冲,2025,0.0189,0.2911
研究期2023-26,AE,10,投票≥3,对冲,2026,-0.0209,0.0122
研究期2023-26,AE,10,投票≥4,空仓,2023,0.0747,-0.0628
研究期2023-26,AE,10,投票≥4,空仓,2024,0.1834,0.0120
研究期2023-26,AE,10,投票≥4,空仓,2025,0.0806,0.2911
研究期2023-26,AE,10,投票≥4,空仓,2026,-0.0068,0.0122
研究期2023-26,AE,10,投票≥4,对冲,2023,0.1027,-0.0628
研究期2023-26,AE,10,投票≥4,对冲,2024,-0.0273,0.0120
研究期2023-26,AE,10,投票≥4,对冲,2025,0.0225,0.2911
研究期2023-26,AE,10,投票≥4,对冲,2026,-0.0285,0.0122
研究期2023-26,AE,5,不择时,空仓,2023,0.0672,-0.0628
研究期2023-26,AE,5,不择时,空仓,2024,-0.0888,0.0120
研究期2023-26,AE,5,不择时,空仓,2025,0.2364,0.2911
研究期2023-26,AE,5,不择时,空仓,2026,-0.0300,0.0122
研究期2023-26,AE,5,投票≥2,空仓,2023,0.0151,-0.0628
研究期2023-26,AE,5,投票≥2,空仓,2024,0.2285,0.0120
研究期2023-26,AE,5,投票≥2,空仓,2025,-0.0613,0.2911
研究期2023-26,AE,5,投票≥2,空仓,2026,-0.1608,0.0122
研究期2023-26,AE,5,投票≥2,对冲,2023,0.0089,-0.0628
研究期2023-26,AE,5,投票≥2,对冲,2024,0.0546,0.0120
研究期2023-26,AE,5,投票≥2,对冲,2025,-0.0907,0.2911
研究期2023-26,AE,5,投票≥2,对冲,2026,-0.1608,0.0122
研究期2023-26,AE,5,投票≥3,空仓,2023,0.1084,-0.0628
研究期2023-26,AE,5,投票≥3,空仓,2024,0.1495,0.0120
研究期2023-26,AE,5,投票≥3,空仓,2025,0.0248,0.2911
研究期2023-26,AE,5,投票≥3,空仓,2026,-0.0215,0.0122
研究期2023-26,AE,5,投票≥3,对冲,2023,0.0514,-0.0628
研究期2023-26,AE,5,投票≥3,对冲,2024,-0.0469,0.0120
研究期2023-26,AE,5,投票≥3,对冲,2025,-0.0766,0.2911
研究期2023-26,AE,5,投票≥3,对冲,2026,-0.0277,0.0122
研究期2023-26,AE,5,投票≥4,空仓,2023,0.0812,-0.0628
研究期2023-26,AE,5,投票≥4,空仓,2024,0.1912,0.0120
研究期2023-26,AE,5,投票≥4,空仓,2025,0.0496,0.2911
研究期2023-26,AE,5,投票≥4,空仓,2026,-0.0031,0.0122
研究期2023-26,AE,5,投票≥4,对冲,2023,0.0210,-0.0628
研究期2023-26,AE,5,投票≥4,对冲,2024,-0.0439,0.0120
研究期2023-26,AE,5,投票≥4,对冲,2025,-0.0764,0.2911
研究期2023-26,AE,5,投票≥4,对冲,2026,-0.0352,0.0122
研究期2023-26,C,50,不择时,空仓,2023,0.1227,-0.0628
研究期2023-26,C,50,不择时,空仓,2024,-0.0076,0.0120
研究期2023-26,C,50,不择时,空仓,2025,0.5467,0.2911
研究期2023-26,C,50,不择时,空仓,2026,0.0303,0.0122
研究期2023-26,C,50,投票≥2,空仓,2023,0.0032,-0.0628
研究期2023-26,C,50,投票≥2,空仓,2024,0.2254,0.0120
研究期2023-26,C,50,投票≥2,空仓,2025,0.1208,0.2911
研究期2023-26,C,50,投票≥2,空仓,2026,-0.1465,0.0122
研究期2023-26,C,50,投票≥2,对冲,2023,0.0615,-0.0628
研究期2023-26,C,50,投票≥2,对冲,2024,0.1426,0.0120
研究期2023-26,C,50,投票≥2,对冲,2025,0.1372,0.2911
研究期2023-26,C,50,投票≥2,对冲,2026,-0.1110,0.0122
研究期2023-26,C,50,投票≥3,空仓,2023,0.0440,-0.0628
研究期2023-26,C,50,投票≥3,空仓,2024,0.1307,0.0120
研究期2023-26,C,50,投票≥3,空仓,2025,0.1249,0.2911
研究期2023-26,C,50,投票≥3,空仓,2026,-0.0084,0.0122
研究期2023-26,C,50,投票≥3,对冲,2023,0.1052,-0.0628
研究期2023-26,C,50,投票≥3,对冲,2024,0.0322,0.0120
研究期2023-26,C,50,投票≥3,对冲,2025,0.1541,0.2911
研究期2023-26,C,50,投票≥3,对冲,2026,0.0297,0.0122
研究期2023-26,C,50,投票≥4,空仓,2023,0.0032,-0.0628
研究期2023-26,C,50,投票≥4,空仓,2024,0.1529,0.0120
研究期2023-26,C,50,投票≥4,空仓,2025,0.1215,0.2911
研究期2023-26,C,50,投票≥4,空仓,2026,-0.0018,0.0122
研究期2023-26,C,50,投票≥4,对冲,2023,0.0729,-0.0628
研究期2023-26,C,50,投票≥4,对冲,2024,0.0352,0.0120
研究期2023-26,C,50,投票≥4,对冲,2025,0.1554,0.2911
研究期2023-26,C,50,投票≥4,对冲,2026,0.0214,0.0122
研究期2023-26,C,20,不择时,空仓,2023,0.1544,-0.0628
研究期2023-26,C,20,不择时,空仓,2024,-0.0092,0.0120
研究期2023-26,C,20,不择时,空仓,2025,0.3205,0.2911
研究期2023-26,C,20,不择时,空仓,2026,-0.0250,0.0122
研究期2023-26,C,20,投票≥2,空仓,2023,0.0275,-0.0628
研究期2023-26,C,20,投票≥2,空仓,2024,0.2832,0.0120
研究期2023-26,C,20,投票≥2,空仓,2025,-0.0172,0.2911
研究期2023-26,C,20,投票≥2,空仓,2026,-0.1947,0.0122
研究期2023-26,C,20,投票≥2,对冲,2023,0.0927,-0.0628
研究期2023-26,C,20,投票≥2,对冲,2024,0.1451,0.0120
研究期2023-26,C,20,投票≥2,对冲,2025,-0.0284,0.2911
研究期2023-26,C,20,投票≥2,对冲,2026,-0.1577,0.0122
研究期2023-26,C,20,投票≥3,空仓,2023,0.0796,-0.0628
研究期2023-26,C,20,投票≥3,空仓,2024,0.1618,0.0120
研究期2023-26,C,20,投票≥3,空仓,2025,0.0288,0.2911
研究期2023-26,C,20,投票≥3,空仓,2026,-0.0533,0.0122
研究期2023-26,C,20,投票≥3,对冲,2023,0.1378,-0.0628
研究期2023-26,C,20,投票≥3,对冲,2024,0.0353,0.0120
研究期2023-26,C,20,投票≥3,对冲,2025,-0.0136,0.2911
研究期2023-26,C,20,投票≥3,对冲,2026,-0.0241,0.0122
研究期2023-26,C,20,投票≥4,空仓,2023,0.0273,-0.0628
研究期2023-26,C,20,投票≥4,空仓,2024,0.1932,0.0120
研究期2023-26,C,20,投票≥4,空仓,2025,0.0695,0.2911
研究期2023-26,C,20,投票≥4,空仓,2026,-0.0259,0.0122
研究期2023-26,C,20,投票≥4,对冲,2023,0.1049,-0.0628
研究期2023-26,C,20,投票≥4,对冲,2024,0.0389,0.0120
研究期2023-26,C,20,投票≥4,对冲,2025,-0.0125,0.2911
研究期2023-26,C,20,投票≥4,对冲,2026,-0.0319,0.0122
研究期2023-26,C,10,不择时,空仓,2023,0.1852,-0.0628
研究期2023-26,C,10,不择时,空仓,2024,-0.0305,0.0120
研究期2023-26,C,10,不择时,空仓,2025,0.2258,0.2911
研究期2023-26,C,10,不择时,空仓,2026,-0.0309,0.0122
研究期2023-26,C,10,投票≥2,空仓,2023,0.1074,-0.0628
研究期2023-26,C,10,投票≥2,空仓,2024,0.2411,0.0120
研究期2023-26,C,10,投票≥2,空仓,2025,-0.0207,0.2911
研究期2023-26,C,10,投票≥2,空仓,2026,-0.2219,0.0122
研究期2023-26,C,10,投票≥2,对冲,2023,0.1205,-0.0628
研究期2023-26,C,10,投票≥2,对冲,2024,0.1240,0.0120
研究期2023-26,C,10,投票≥2,对冲,2025,-0.0986,0.2911
研究期2023-26,C,10,投票≥2,对冲,2026,-0.1621,0.0122
研究期2023-26,C,10,投票≥3,空仓,2023,0.1602,-0.0628
研究期2023-26,C,10,投票≥3,空仓,2024,0.1389,0.0120
研究期2023-26,C,10,投票≥3,空仓,2025,0.0391,0.2911
研究期2023-26,C,10,投票≥3,空仓,2026,-0.0715,0.0122
研究期2023-26,C,10,投票≥3,对冲,2023,0.1670,-0.0628
研究期2023-26,C,10,投票≥3,对冲,2024,0.0160,0.0120
研究期2023-26,C,10,投票≥3,对冲,2025,-0.0844,0.2911
研究期2023-26,C,10,投票≥3,对冲,2026,-0.0288,0.0122
研究期2023-26,C,10,投票≥4,空仓,2023,0.1016,-0.0628
研究期2023-26,C,10,投票≥4,空仓,2024,0.1868,0.0120
研究期2023-26,C,10,投票≥4,空仓,2025,0.0741,0.2911
研究期2023-26,C,10,投票≥4,空仓,2026,-0.0692,0.0122
研究期2023-26,C,10,投票≥4,对冲,2023,0.1334,-0.0628
研究期2023-26,C,10,投票≥4,对冲,2024,0.0197,0.0120
研究期2023-26,C,10,投票≥4,对冲,2025,-0.0826,0.2911
研究期2023-26,C,10,投票≥4,对冲,2026,-0.0363,0.0122
研究期2023-26,C,5,不择时,空仓,2023,0.3428,-0.0628
研究期2023-26,C,5,不择时,空仓,2024,-0.1477,0.0120
研究期2023-26,C,5,不择时,空仓,2025,0.1455,0.2911
研究期2023-26,C,5,不择时,空仓,2026,-0.0810,0.0122
研究期2023-26,C,5,投票≥2,空仓,2023,0.0183,-0.0628
研究期2023-26,C,5,投票≥2,空仓,2024,0.1547,0.0120
研究期2023-26,C,5,投票≥2,空仓,2025,-0.1531,0.2911
研究期2023-26,C,5,投票≥2,空仓,2026,-0.2255,0.0122
研究期2023-26,C,5,投票≥2,对冲,2023,0.2710,-0.0628
研究期2023-26,C,5,投票≥2,对冲,2024,-0.0123,0.0120
研究期2023-26,C,5,投票≥2,对冲,2025,-0.1574,0.2911
研究期2023-26,C,5,投票≥2,对冲,2026,-0.2041,0.0122
研究期2023-26,C,5,投票≥3,空仓,2023,0.1041,-0.0628
研究期2023-26,C,5,投票≥3,空仓,2024,0.0794,0.0120
研究期2023-26,C,5,投票≥3,空仓,2025,-0.0643,0.2911
研究期2023-26,C,5,投票≥3,空仓,2026,-0.0938,0.0122
研究期2023-26,C,5,投票≥3,对冲,2023,0.3244,-0.0628
研究期2023-26,C,5,投票≥3,对冲,2024,-0.1080,0.0120
研究期2023-26,C,5,投票≥3,对冲,2025,-0.1446,0.2911
研究期2023-26,C,5,投票≥3,对冲,2026,-0.0779,0.0122
研究期2023-26,C,5,投票≥4,空仓,2023,0.0587,-0.0628
研究期2023-26,C,5,投票≥4,空仓,2024,0.1324,0.0120
研究期2023-26,C,5,投票≥4,空仓,2025,0.0072,0.2911
研究期2023-26,C,5,投票≥4,空仓,2026,-0.0652,0.0122
研究期2023-26,C,5,投票≥4,对冲,2023,0.2860,-0.0628
研究期2023-26,C,5,投票≥4,对冲,2024,-0.1052,0.0120
研究期2023-26,C,5,投票≥4,对冲,2025,-0.1443,0.2911
研究期2023-26,C,5,投票≥4,对冲,2026,-0.0848,0.0122
样本外2020-22,A,50,不择时,空仓,2020,0.2681,0.1939
样本外2020-22,A,50,不择时,空仓,2021,0.4472,0.2052
样本外2020-22,A,50,不择时,空仓,2022,-0.0265,-0.2158
样本外2020-22,A,50,投票≥2,空仓,2020,-0.0743,0.1939
样本外2020-22,A,50,投票≥2,空仓,2021,0.0930,0.2052
样本外2020-22,A,50,投票≥2,空仓,2022,0.0742,-0.2158
样本外2020-22,A,50,投票≥2,对冲,2020,-0.0221,0.1939
样本外2020-22,A,50,投票≥2,对冲,2021,0.2423,0.2052
样本外2020-22,A,50,投票≥2,对冲,2022,0.1377,-0.2158
样本外2020-22,A,50,投票≥3,空仓,2020,-0.0645,0.1939
样本外2020-22,A,50,投票≥3,空仓,2021,0.1225,0.2052
样本外2020-22,A,50,投票≥3,空仓,2022,0.0086,-0.2158
样本外2020-22,A,50,投票≥3,对冲,2020,-0.0544,0.1939
样本外2020-22,A,50,投票≥3,对冲,2021,0.2682,0.2052
样本外2020-22,A,50,投票≥3,对冲,2022,0.0726,-0.2158
样本外2020-22,A,50,投票≥4,空仓,2020,-0.0061,0.1939
样本外2020-22,A,50,投票≥4,空仓,2021,0.1587,0.2052
样本外2020-22,A,50,投票≥4,空仓,2022,0.0944,-0.2158
样本外2020-22,A,50,投票≥4,对冲,2020,0.0428,0.1939
样本外2020-22,A,50,投票≥4,对冲,2021,0.2810,0.2052
样本外2020-22,A,50,投票≥4,对冲,2022,0.1593,-0.2158
样本外2020-22,A,20,不择时,空仓,2020,0.2702,0.1939
样本外2020-22,A,20,不择时,空仓,2021,0.5010,0.2052
样本外2020-22,A,20,不择时,空仓,2022,-0.0205,-0.2158
样本外2020-22,A,20,投票≥2,空仓,2020,-0.0881,0.1939
样本外2020-22,A,20,投票≥2,空仓,2021,0.1431,0.2052
样本外2020-22,A,20,投票≥2,空仓,2022,0.1228,-0.2158
样本外2020-22,A,20,投票≥2,对冲,2020,-0.0205,0.1939
样本外2020-22,A,20,投票≥2,对冲,2021,0.2891,0.2052
样本外2020-22,A,20,投票≥2,对冲,2022,0.1471,-0.2158
样本外2020-22,A,20,投票≥3,空仓,2020,-0.0779,0.1939
样本外2020-22,A,20,投票≥3,空仓,2021,0.1532,0.2052
样本外2020-22,A,20,投票≥3,空仓,2022,0.0145,-0.2158
样本外2020-22,A,20,投票≥3,对冲,2020,-0.0532,0.1939
样本外2020-22,A,20,投票≥3,对冲,2021,0.3160,0.2052
样本外2020-22,A,20,投票≥3,对冲,2022,0.0815,-0.2158
样本外2020-22,A,20,投票≥4,空仓,2020,-0.0347,0.1939
样本外2020-22,A,20,投票≥4,空仓,2021,0.1974,0.2052
样本外2020-22,A,20,投票≥4,空仓,2022,0.0780,-0.2158
样本外2020-22,A,20,投票≥4,对冲,2020,0.0444,0.1939
样本外2020-22,A,20,投票≥4,对冲,2021,0.3298,0.2052
样本外2020-22,A,20,投票≥4,对冲,2022,0.1685,-0.2158
样本外2020-22,A,10,不择时,空仓,2020,0.2166,0.1939
样本外2020-22,A,10,不择时,空仓,2021,0.2017,0.2052
样本外2020-22,A,10,不择时,空仓,2022,-0.1282,-0.2158
样本外2020-22,A,10,投票≥2,空仓,2020,-0.1045,0.1939
样本外2020-22,A,10,投票≥2,空仓,2021,-0.0062,0.2052
样本外2020-22,A,10,投票≥2,空仓,2022,0.0640,-0.2158
样本外2020-22,A,10,投票≥2,对冲,2020,-0.0624,0.1939
样本外2020-22,A,10,投票≥2,对冲,2021,0.0318,0.2052
样本外2020-22,A,10,投票≥2,对冲,2022,0.0208,-0.2158
样本外2020-22,A,10,投票≥3,空仓,2020,-0.0850,0.1939
样本外2020-22,A,10,投票≥3,空仓,2021,0.0015,0.2052
样本外2020-22,A,10,投票≥3,空仓,2022,-0.0523,-0.2158
样本外2020-22,A,10,投票≥3,对冲,2020,-0.0939,0.1939
样本外2020-22,A,10,投票≥3,对冲,2021,0.0533,0.2052
样本外2020-22,A,10,投票≥3,对冲,2022,-0.0381,-0.2158
样本外2020-22,A,10,投票≥4,空仓,2020,-0.0126,0.1939
样本外2020-22,A,10,投票≥4,空仓,2021,0.0227,0.2052
样本外2020-22,A,10,投票≥4,空仓,2022,0.0280,-0.2158
样本外2020-22,A,10,投票≥4,对冲,2020,-0.0002,0.1939
样本外2020-22,A,10,投票≥4,对冲,2021,0.0640,0.2052
样本外2020-22,A,10,投票≥4,对冲,2022,0.0397,-0.2158
样本外2020-22,A,5,不择时,空仓,2020,0.2399,0.1939
样本外2020-22,A,5,不择时,空仓,2021,0.1349,0.2052
样本外2020-22,A,5,不择时,空仓,2022,-0.2779,-0.2158
样本外2020-22,A,5,投票≥2,空仓,2020,-0.0907,0.1939
样本外2020-22,A,5,投票≥2,空仓,2021,-0.0489,0.2052
样本外2020-22,A,5,投票≥2,空仓,2022,-0.0701,-0.2158
样本外2020-22,A,5,投票≥2,对冲,2020,-0.0438,0.1939
样本外2020-22,A,5,投票≥2,对冲,2021,-0.0256,0.2052
样本外2020-22,A,5,投票≥2,对冲,2022,-0.1545,-0.2158
样本外2020-22,A,5,投票≥3,空仓,2020,-0.0462,0.1939
样本外2020-22,A,5,投票≥3,空仓,2021,-0.0168,0.2052
样本外2020-22,A,5,投票≥3,空仓,2022,-0.1358,-0.2158
样本外2020-22,A,5,投票≥3,对冲,2020,-0.0755,0.1939
样本外2020-22,A,5,投票≥3,对冲,2021,-0.0046,0.2052
样本外2020-22,A,5,投票≥3,对冲,2022,-0.2027,-0.2158
样本外2020-22,A,5,投票≥4,空仓,2020,0.0346,0.1939
样本外2020-22,A,5,投票≥4,空仓,2021,-0.0032,0.2052
样本外2020-22,A,5,投票≥4,空仓,2022,-0.0683,-0.2158
样本外2020-22,A,5,投票≥4,对冲,2020,0.0201,0.1939
样本外2020-22,A,5,投票≥4,对冲,2021,0.0053,0.2052
样本外2020-22,A,5,投票≥4,对冲,2022,-0.1385,-0.2158
样本外2020-22,AE,50,不择时,空仓,2020,0.2614,0.1939
样本外2020-22,AE,50,不择时,空仓,2021,0.4754,0.2052
样本外2020-22,AE,50,不择时,空仓,2022,-0.0559,-0.2158
样本外2020-22,AE,50,投票≥2,空仓,2020,-0.0826,0.1939
样本外2020-22,AE,50,投票≥2,空仓,2021,0.1177,0.2052
样本外2020-22,AE,50,投票≥2,空仓,2022,0.0497,-0.2158
样本外2020-22,AE,50,投票≥2,对冲,2020,-0.0271,0.1939
样本外2020-22,AE,50,投票≥2,对冲,2021,0.2666,0.2052
样本外2020-22,AE,50,投票≥2,对冲,2022,0.1055,-0.2158
样本外2020-22,AE,50,投票≥3,空仓,2020,-0.0844,0.1939
样本外2020-22,AE,50,投票≥3,空仓,2021,0.1450,0.2052
样本外2020-22,AE,50,投票≥3,空仓,2022,-0.0235,-0.2158
样本外2020-22,AE,50,投票≥3,对冲,2020,-0.0592,0.1939
样本外2020-22,AE,50,投票≥3,对冲,2021,0.2930,0.2052
样本外2020-22,AE,50,投票≥3,对冲,2022,0.0423,-0.2158
样本外2020-22,AE,50,投票≥4,空仓,2020,-0.0135,0.1939
样本外2020-22,AE,50,投票≥4,空仓,2021,0.1782,0.2052
样本外2020-22,AE,50,投票≥4,空仓,2022,0.0606,-0.2158
样本外2020-22,AE,50,投票≥4,对冲,2020,0.0375,0.1939
样本外2020-22,AE,50,投票≥4,对冲,2021,0.3062,0.2052
样本外2020-22,AE,50,投票≥4,对冲,2022,0.1263,-0.2158
样本外2020-22,AE,20,不择时,空仓,2020,0.2643,0.1939
样本外2020-22,AE,20,不择时,空仓,2021,0.8513,0.2052
样本外2020-22,AE,20,不择时,空仓,2022,-0.0283,-0.2158
样本外2020-22,AE,20,投票≥2,空仓,2020,-0.0659,0.1939
样本外2020-22,AE,20,投票≥2,空仓,2021,0.3237,0.2052
样本外2020-22,AE,20,投票≥2,空仓,2022,0.1551,-0.2158
样本外2020-22,AE,20,投票≥2,对冲,2020,-0.0247,0.1939
样本外2020-22,AE,20,投票≥2,对冲,2021,0.5895,0.2052
样本外2020-22,AE,20,投票≥2,对冲,2022,0.1383,-0.2158
样本外2020-22,AE,20,投票≥3,空仓,2020,-0.0391,0.1939
样本外2020-22,AE,20,投票≥3,空仓,2021,0.3381,0.2052
样本外2020-22,AE,20,投票≥3,空仓,2022,0.0218,-0.2158
样本外2020-22,AE,20,投票≥3,对冲,2020,-0.0570,0.1939
样本外2020-22,AE,20,投票≥3,对冲,2021,0.6230,0.2052
样本外2020-22,AE,20,投票≥3,对冲,2022,0.0737,-0.2158
样本外2020-22,AE,20,投票≥4,空仓,2020,0.0222,0.1939
样本外2020-22,AE,20,投票≥4,空仓,2021,0.3535,0.2052
样本外2020-22,AE,20,投票≥4,空仓,2022,0.0937,-0.2158
样本外2020-22,AE,20,投票≥4,对冲,2020,0.0397,0.1939
样本外2020-22,AE,20,投票≥4,对冲,2021,0.6401,0.2052
样本外2020-22,AE,20,投票≥4,对冲,2022,0.1607,-0.2158
样本外2020-22,AE,10,不择时,空仓,2020,0.1496,0.1939
样本外2020-22,AE,10,不择时,空仓,2021,0.5672,0.2052
样本外2020-22,AE,10,不择时,空仓,2022,-0.0713,-0.2158
样本外2020-22,AE,10,投票≥2,空仓,2020,-0.1617,0.1939
样本外2020-22,AE,10,投票≥2,空仓,2021,0.2505,0.2052
样本外2020-22,AE,10,投票≥2,空仓,2022,0.0720,-0.2158
样本外2020-22,AE,10,投票≥2,对冲,2020,-0.1140,0.1939
样本外2020-22,AE,10,投票≥2,对冲,2021,0.3450,0.2052
样本外2020-22,AE,10,投票≥2,对冲,2022,0.0876,-0.2158
样本外2020-22,AE,10,投票≥3,空仓,2020,-0.1202,0.1939
样本外2020-22,AE,10,投票≥3,空仓,2021,0.2112,0.2052
样本外2020-22,AE,10,投票≥3,空仓,2022,0.0172,-0.2158
样本外2020-22,AE,10,投票≥3,对冲,2020,-0.1433,0.1939
样本外2020-22,AE,10,投票≥3,对冲,2021,0.3733,0.2052
样本外2020-22,AE,10,投票≥3,对冲,2022,0.0257,-0.2158
样本外2020-22,AE,10,投票≥4,空仓,2020,-0.0318,0.1939
样本外2020-22,AE,10,投票≥4,空仓,2021,0.2174,0.2052
样本外2020-22,AE,10,投票≥4,空仓,2022,0.0478,-0.2158
样本外2020-22,AE,10,投票≥4,对冲,2020,-0.0551,0.1939
样本外2020-22,AE,10,投票≥4,对冲,2021,0.3882,0.2052
样本外2020-22,AE,10,投票≥4,对冲,2022,0.1090,-0.2158
样本外2020-22,AE,5,不择时,空仓,2020,0.1267,0.1939
样本外2020-22,AE,5,不择时,空仓,2021,0.3424,0.2052
样本外2020-22,AE,5,不择时,空仓,2022,-0.2010,-0.2158
样本外2020-22,AE,5,投票≥2,空仓,2020,-0.1549,0.1939
样本外2020-22,AE,5,投票≥2,空仓,2021,0.1591,0.2052
样本外2020-22,AE,5,投票≥2,空仓,2022,-0.0192,-0.2158
样本外2020-22,AE,5,投票≥2,对冲,2020,-0.1309,0.1939
样本外2020-22,AE,5,投票≥2,对冲,2021,0.1523,0.2052
样本外2020-22,AE,5,投票≥2,对冲,2022,-0.0643,-0.2158
样本外2020-22,AE,5,投票≥3,空仓,2020,-0.1331,0.1939
样本外2020-22,AE,5,投票≥3,空仓,2021,0.1539,0.2052
样本外2020-22,AE,5,投票≥3,空仓,2022,-0.1479,-0.2158
样本外2020-22,AE,5,投票≥3,对冲,2020,-0.1593,0.1939
样本外2020-22,AE,5,投票≥3,对冲,2021,0.1768,0.2052
样本外2020-22,AE,5,投票≥3,对冲,2022,-0.1167,-0.2158
样本外2020-22,AE,5,投票≥4,空仓,2020,-0.0075,0.1939
样本外2020-22,AE,5,投票≥4,空仓,2021,0.1853,0.2052
样本外2020-22,AE,5,投票≥4,空仓,2022,-0.0978,-0.2158
样本外2020-22,AE,5,投票≥4,对冲,2020,-0.0725,0.1939
样本外2020-22,AE,5,投票≥4,对冲,2021,0.1894,0.2052
样本外2020-22,AE,5,投票≥4,对冲,2022,-0.0451,-0.2158
样本外2020-22,C,50,不择时,空仓,2020,0.3674,0.1939
样本外2020-22,C,50,不择时,空仓,2021,0.3637,0.2052
样本外2020-22,C,50,不择时,空仓,2022,-0.0234,-0.2158
样本外2020-22,C,50,投票≥2,空仓,2020,-0.0025,0.1939
样本外2020-22,C,50,投票≥2,空仓,2021,0.0586,0.2052
样本外2020-22,C,50,投票≥2,空仓,2022,0.0797,-0.2158
样本外2020-22,C,50,投票≥2,对冲,2020,0.0544,0.1939
样本外2020-22,C,50,投票≥2,对冲,2021,0.1710,0.2052
样本外2020-22,C,50,投票≥2,对冲,2022,0.1418,-0.2158
样本外2020-22,C,50,投票≥3,空仓,2020,-0.0284,0.1939
样本外2020-22,C,50,投票≥3,空仓,2021,0.0892,0.2052
样本外2020-22,C,50,投票≥3,空仓,2022,-0.0057,-0.2158
样本外2020-22,C,50,投票≥3,对冲,2020,0.0196,0.1939
样本外2020-22,C,50,投票≥3,对冲,2021,0.1950,0.2052
样本外2020-22,C,50,投票≥3,对冲,2022,0.0765,-0.2158
样本外2020-22,C,50,投票≥4,空仓,2020,0.0614,0.1939
样本外2020-22,C,50,投票≥4,空仓,2021,0.1314,0.2052
样本外2020-22,C,50,投票≥4,空仓,2022,0.0594,-0.2158
样本外2020-22,C,50,投票≥4,对冲,2020,0.1244,0.1939
样本外2020-22,C,50,投票≥4,对冲,2021,0.2073,0.2052
样本外2020-22,C,50,投票≥4,对冲,2022,0.1630,-0.2158
样本外2020-22,C,20,不择时,空仓,2020,0.3026,0.1939
样本外2020-22,C,20,不择时,空仓,2021,0.4779,0.2052
样本外2020-22,C,20,不择时,空仓,2022,-0.0598,-0.2158
样本外2020-22,C,20,投票≥2,空仓,2020,-0.0439,0.1939
样本外2020-22,C,20,投票≥2,空仓,2021,0.1355,0.2052
样本外2020-22,C,20,投票≥2,空仓,2022,0.0992,-0.2158
样本外2020-22,C,20,投票≥2,对冲,2020,0.0039,0.1939
样本外2020-22,C,20,投票≥2,对冲,2021,0.2688,0.2052
样本外2020-22,C,20,投票≥2,对冲,2022,0.0998,-0.2158
样本外2020-22,C,20,投票≥3,空仓,2020,-0.0537,0.1939
样本外2020-22,C,20,投票≥3,空仓,2021,0.1548,0.2052
样本外2020-22,C,20,投票≥3,空仓,2022,-0.0192,-0.2158
样本外2020-22,C,20,投票≥3,对冲,2020,-0.0292,0.1939
样本外2020-22,C,20,投票≥3,对冲,2021,0.2954,0.2052
样本外2020-22,C,20,投票≥3,对冲,2022,0.0367,-0.2158
样本外2020-22,C,20,投票≥4,空仓,2020,0.0293,0.1939
样本外2020-22,C,20,投票≥4,空仓,2021,0.1623,0.2052
样本外2020-22,C,20,投票≥4,空仓,2022,0.0512,-0.2158
样本外2020-22,C,20,投票≥4,对冲,2020,0.0706,0.1939
样本外2020-22,C,20,投票≥4,对冲,2021,0.3087,0.2052
样本外2020-22,C,20,投票≥4,对冲,2022,0.1207,-0.2158
样本外2020-22,C,10,不择时,空仓,2020,0.4864,0.1939
样本外2020-22,C,10,不择时,空仓,2021,0.5538,0.2052
样本外2020-22,C,10,不择时,空仓,2022,-0.0507,-0.2158
样本外2020-22,C,10,投票≥2,空仓,2020,-0.0016,0.1939
样本外2020-22,C,10,投票≥2,空仓,2021,0.2623,0.2052
样本外2020-22,C,10,投票≥2,空仓,2022,0.0804,-0.2158
样本外2020-22,C,10,投票≥2,对冲,2020,0.1456,0.1939
样本外2020-22,C,10,投票≥2,对冲,2021,0.3334,0.2052
样本外2020-22,C,10,投票≥2,对冲,2022,0.1112,-0.2158
样本外2020-22,C,10,投票≥3,空仓,2020,-0.0227,0.1939
样本外2020-22,C,10,投票≥3,空仓,2021,0.2856,0.2052
样本外2020-22,C,10,投票≥3,空仓,2022,-0.0147,-0.2158
样本外2020-22,C,10,投票≥3,对冲,2020,0.1077,0.1939
样本外2020-22,C,10,投票≥3,对冲,2021,0.3613,0.2052
样本外2020-22,C,10,投票≥3,对冲,2022,0.0478,-0.2158
样本外2020-22,C,10,投票≥4,空仓,2020,0.0561,0.1939
样本外2020-22,C,10,投票≥4,空仓,2021,0.3575,0.2052
样本外2020-22,C,10,投票≥4,空仓,2022,0.0671,-0.2158
样本外2020-22,C,10,投票≥4,对冲,2020,0.2213,0.1939
样本外2020-22,C,10,投票≥4,对冲,2021,0.3752,0.2052
样本外2020-22,C,10,投票≥4,对冲,2022,0.1330,-0.2158
样本外2020-22,C,5,不择时,空仓,2020,0.0035,0.1939
样本外2020-22,C,5,不择时,空仓,2021,0.2273,0.2052
样本外2020-22,C,5,不择时,空仓,2022,-0.2414,-0.2158
样本外2020-22,C,5,投票≥2,空仓,2020,-0.2251,0.1939
样本外2020-22,C,5,投票≥2,空仓,2021,0.0676,0.2052
样本外2020-22,C,5,投票≥2,空仓,2022,-0.0505,-0.2158
样本外2020-22,C,5,投票≥2,对冲,2020,-0.2266,0.1939
样本外2020-22,C,5,投票≥2,对冲,2021,0.0541,0.2052
样本外2020-22,C,5,投票≥2,对冲,2022,-0.1128,-0.2158
样本外2020-22,C,5,投票≥3,空仓,2020,-0.2133,0.1939
样本外2020-22,C,5,投票≥3,空仓,2021,0.0899,0.2052
样本外2020-22,C,5,投票≥3,空仓,2022,-0.1087,-0.2158
样本外2020-22,C,5,投票≥3,对冲,2020,-0.2520,0.1939
样本外2020-22,C,5,投票≥3,对冲,2021,0.0768,0.2052
样本外2020-22,C,5,投票≥3,对冲,2022,-0.1635,-0.2158
样本外2020-22,C,5,投票≥4,空仓,2020,-0.1182,0.1939
样本外2020-22,C,5,投票≥4,空仓,2021,0.1562,0.2052
样本外2020-22,C,5,投票≥4,空仓,2022,-0.0222,-0.2158
样本外2020-22,C,5,投票≥4,对冲,2020,-0.1747,0.1939
样本外2020-22,C,5,投票≥4,对冲,2021,0.0879,0.2052
样本外2020-22,C,5,投票≥4,对冲,2022,-0.0957,-0.2158
