区间,主仓,机会仓比例,年化,最大回撤,收益回撤比,相关系数,Y2020,Y2021,Y2022,Y2023,Y2024,Y2025,Y2026
样本外 2020-22,C_top50 无滑点,0.0000,0.2381,-0.2925,0.8138,0.1022,0.3919,0.3928,-0.0220,,,,
样本外 2020-22,C_top50 无滑点,0.2000,0.2512,-0.2346,1.0707,0.1022,0.3956,0.3525,0.0368,,,,
样本外 2020-22,C_top50 无滑点,0.3000,0.2564,-0.2076,1.2348,0.1022,0.3953,0.3318,0.0662,,,,
样本外 2020-22,C_top50 无滑点,0.4000,0.2606,-0.1895,1.3749,0.1022,0.3936,0.3109,0.0954,,,,
样本外 2020-22,C_top50 无滑点,0.5000,0.2638,-0.1713,1.5403,0.1022,0.3906,0.2897,0.1245,,,,
样本外 2020-22,C_top50 无滑点,1.0000,0.2659,-0.1092,2.4338,0.1022,0.3551,0.1810,0.2664,,,,
样本外 2020-22,C_top50 千1滑点(近似),0.0000,0.1941,-0.2995,0.6481,0.1022,0.3421,0.3445,-0.0572,,,,
样本外 2020-22,C_top50 千1滑点(近似),0.2000,0.2155,-0.2406,0.8957,0.1022,0.3555,0.3148,0.0069,,,,
样本外 2020-22,C_top50 千1滑点(近似),0.3000,0.2250,-0.2112,1.0654,0.1022,0.3602,0.2993,0.0392,,,,
样本外 2020-22,C_top50 千1滑点(近似),0.4000,0.2335,-0.1926,1.2123,0.1022,0.3635,0.2834,0.0716,,,,
样本外 2020-22,C_top50 千1滑点(近似),0.5000,0.2412,-0.1739,1.3866,0.1022,0.3655,0.2672,0.1041,,,,
样本外 2020-22,C_top50 千1滑点(近似),1.0000,0.2659,-0.1092,2.4338,0.1022,0.3551,0.1810,0.2664,,,,
研究期 2023-26,C_top50 无滑点,0.0000,0.2023,-0.3161,0.6400,0.1181,,,,0.1365,0.0939,0.5496,0.0277
研究期 2023-26,C_top50 无滑点,0.2000,0.1994,-0.2554,0.7808,0.1181,,,,0.0966,0.1029,0.4880,0.0906
研究期 2023-26,C_top50 无滑点,0.3000,0.1966,-0.2244,0.8762,0.1181,,,,0.0767,0.1053,0.4570,0.1222
研究期 2023-26,C_top50 无滑点,0.4000,0.1930,-0.1925,1.0026,0.1181,,,,0.0568,0.1062,0.4260,0.1538
研究期 2023-26,C_top50 无滑点,0.5000,0.1884,-0.1595,1.1813,0.1181,,,,0.0371,0.1057,0.3950,0.1856
研究期 2023-26,C_top50 无滑点,1.0000,0.1526,-0.1134,1.3455,0.1181,,,,-0.0604,0.0813,0.2406,0.3433
研究期 2023-26,C_top50 千1滑点(近似),0.0000,0.1592,-0.3390,0.4697,0.1184,,,,0.0936,0.0573,0.4943,0.0011
研究期 2023-26,C_top50 千1滑点(近似),0.2000,0.1650,-0.2713,0.6080,0.1184,,,,0.0633,0.0733,0.4453,0.0679
研究期 2023-26,C_top50 千1滑点(近似),0.3000,0.1665,-0.2385,0.6979,0.1184,,,,0.0480,0.0793,0.4204,0.1017
研究期 2023-26,C_top50 千1滑点(近似),0.4000,0.1671,-0.2047,0.8167,0.1184,,,,0.0327,0.0839,0.3952,0.1358
研究期 2023-26,C_top50 千1滑点(近似),0.5000,0.1669,-0.1696,0.9840,0.1184,,,,0.0173,0.0870,0.3698,0.1701
研究期 2023-26,C_top50 千1滑点(近似),1.0000,0.1526,-0.1134,1.3455,0.1184,,,,-0.0604,0.0813,0.2406,0.3433
