操作,代码,名称,行业,排名,股数,参考价,参考金额,备注
卖出,300353.SZ,东土科技,C39计算机、通信和其他电子设备制造业,369,100,16.66,1666.0,
卖出,300768.SZ,迪普科技,I65软件和信息技术服务业,448,100,14.82,1482.0,
买入,002192.SZ,融捷股份,B09有色金属矿采选业,4,0,56.4,0.0,资金不足一手，用替补
买入,300602.SZ,飞荣达,C39计算机、通信和其他电子设备制造业,5,0,34.88,0.0,资金不足一手，用替补
替补,605376.SH,博迁新材,C39计算机、通信和其他电子设备制造业,7,0,114.32,0.0,
替补,001267.SZ,汇绿生态,C39计算机、通信和其他电子设备制造业,8,0,32.83,0.0,
替补,688433.SH,华曙高科,C34通用设备制造业,9,0,78.78,0.0,
替补,688146.SH,中船特气,C39计算机、通信和其他电子设备制造业,10,0,190.66,0.0,
替补,002456.SZ,欧菲光,C39计算机、通信和其他电子设备制造业,11,400,6.49,2596.0,
