模型,持股,规则,账户,超额年化,信息比率,超额回撤,策略回撤,日均换手,年化成本,千1滑点,2023,2024,2025,2026
A,50,每天换2只,100万,0.0927,1.2410,-0.1508,-0.3497,0.0778,0.0138,0.0632,0.1365,0.0711,0.1532,0.0013
A,100,每天换4只,100万,0.0885,1.3287,-0.1462,-0.3244,0.0768,0.0139,0.0692,0.1259,0.0947,0.1315,-0.0061
A,200,每天换8只,100万,0.0640,0.8465,-0.1524,-0.3017,0.0756,0.0173,0.0446,0.0985,0.1015,0.0676,-0.0243
A,100,每天换4只,300万,0.0778,1.1835,-0.1457,-0.3381,0.0771,0.0137,0.0616,0.1214,0.0687,0.1194,-0.0073
A,200,每天换8只,300万,0.0756,1.1064,-0.1524,-0.3281,0.0770,0.0137,0.0576,0.1027,0.1009,0.1028,-0.0143
H,50,每天换2只,100万,0.1081,1.3087,-0.1545,-0.3374,0.0775,0.0138,0.0891,0.1283,0.1076,0.1976,-0.0069
H,100,每天换4只,100万,0.0934,1.2637,-0.1546,-0.3257,0.0765,0.0138,0.0789,0.1167,0.1371,0.1031,0.0063
H,200,每天换8只,100万,0.0715,0.9105,-0.1540,-0.2927,0.0752,0.0172,0.0513,0.1128,0.0641,0.0903,0.0034
H,100,每天换4只,300万,0.0786,1.0942,-0.1608,-0.3471,0.0770,0.0137,0.0652,0.0981,0.1043,0.1057,-0.0056
H,200,每天换8只,300万,0.0782,1.1140,-0.1497,-0.3308,0.0768,0.0137,0.0597,0.1159,0.0551,0.1145,0.0151
