打分,持股,卖出,择时,收益,最大回撤,中证1000
大涨概率,2,持5天,不择时,0.6226,-0.5010,0.0282
大涨概率,2,持5天,均线投票≥3,-0.4698,-0.5247,0.0282
大涨概率,2,持5天,接力赚钱(5日),0.0246,-0.5278,0.0282
大涨概率,2,持5天,涨停多于跌停(5日),0.2367,-0.5272,0.0282
大涨概率,2,持5天,连板高度≥4(5日均),-0.2156,-0.3336,0.0282
大涨概率,2,持5天,非恐慌(大跌家数z<1),-0.7110,-0.8273,0.0282
大涨概率,2,跌出前30,不择时,-0.2639,-0.6775,0.0282
大涨概率,2,跌出前30,均线投票≥3,-0.4685,-0.6085,0.0282
大涨概率,2,跌出前30,接力赚钱(5日),-0.1214,-0.5967,0.0282
大涨概率,2,跌出前30,涨停多于跌停(5日),-0.2129,-0.6722,0.0282
大涨概率,2,跌出前30,连板高度≥4(5日均),-0.4932,-0.6601,0.0282
大涨概率,2,跌出前30,非恐慌(大跌家数z<1),-0.4864,-0.7806,0.0282
大涨概率,2,跌出前60,不择时,-0.4205,-0.6930,0.0282
大涨概率,2,跌出前60,均线投票≥3,-0.3259,-0.4774,0.0282
大涨概率,2,跌出前60,接力赚钱(5日),-0.2877,-0.6143,0.0282
大涨概率,2,跌出前60,涨停多于跌停(5日),-0.3601,-0.6677,0.0282
大涨概率,2,跌出前60,连板高度≥4(5日均),0.1438,-0.4445,0.0282
大涨概率,2,跌出前60,非恐慌(大跌家数z<1),-0.4483,-0.7256,0.0282
大涨概率,3,持5天,不择时,0.1856,-0.5871,0.0282
大涨概率,3,持5天,均线投票≥3,-0.3694,-0.4825,0.0282
大涨概率,3,持5天,接力赚钱(5日),-0.2103,-0.5974,0.0282
大涨概率,3,持5天,涨停多于跌停(5日),-0.0299,-0.6052,0.0282
大涨概率,3,持5天,连板高度≥4(5日均),-0.3752,-0.4613,0.0282
大涨概率,3,持5天,非恐慌(大跌家数z<1),-0.6869,-0.7795,0.0282
大涨概率,3,跌出前30,不择时,-0.2989,-0.6717,0.0282
大涨概率,3,跌出前30,均线投票≥3,-0.1540,-0.4665,0.0282
大涨概率,3,跌出前30,接力赚钱(5日),-0.2594,-0.6332,0.0282
大涨概率,3,跌出前30,涨停多于跌停(5日),-0.2364,-0.6665,0.0282
大涨概率,3,跌出前30,连板高度≥4(5日均),-0.4130,-0.5900,0.0282
大涨概率,3,跌出前30,非恐慌(大跌家数z<1),-0.4618,-0.7201,0.0282
大涨概率,3,跌出前60,不择时,-0.1783,-0.5606,0.0282
大涨概率,3,跌出前60,均线投票≥3,-0.2402,-0.4313,0.0282
大涨概率,3,跌出前60,接力赚钱(5日),-0.0639,-0.5173,0.0282
大涨概率,3,跌出前60,涨停多于跌停(5日),-0.1663,-0.5691,0.0282
大涨概率,3,跌出前60,连板高度≥4(5日均),-0.3565,-0.5527,0.0282
大涨概率,3,跌出前60,非恐慌(大跌家数z<1),-0.3661,-0.6765,0.0282
不对称(涨-跌),2,持5天,不择时,-0.0137,-0.4347,0.0282
不对称(涨-跌),2,持5天,均线投票≥3,-0.1324,-0.4069,0.0282
不对称(涨-跌),2,持5天,接力赚钱(5日),-0.0776,-0.4246,0.0282
不对称(涨-跌),2,持5天,涨停多于跌停(5日),-0.1561,-0.4437,0.0282
不对称(涨-跌),2,持5天,连板高度≥4(5日均),0.0722,-0.2463,0.0282
不对称(涨-跌),2,持5天,非恐慌(大跌家数z<1),0.2563,-0.2945,0.0282
不对称(涨-跌),2,跌出前30,不择时,0.6744,-0.2746,0.0282
不对称(涨-跌),2,跌出前30,均线投票≥3,0.3230,-0.1978,0.0282
不对称(涨-跌),2,跌出前30,接力赚钱(5日),0.5252,-0.2973,0.0282
不对称(涨-跌),2,跌出前30,涨停多于跌停(5日),0.7674,-0.2927,0.0282
不对称(涨-跌),2,跌出前30,连板高度≥4(5日均),0.2871,-0.2615,0.0282
不对称(涨-跌),2,跌出前30,非恐慌(大跌家数z<1),0.7707,-0.2687,0.0282
不对称(涨-跌),2,跌出前60,不择时,1.9289,-0.2365,0.0282
不对称(涨-跌),2,跌出前60,均线投票≥3,0.6172,-0.2365,0.0282
不对称(涨-跌),2,跌出前60,接力赚钱(5日),1.4474,-0.2968,0.0282
不对称(涨-跌),2,跌出前60,涨停多于跌停(5日),1.5072,-0.2840,0.0282
不对称(涨-跌),2,跌出前60,连板高度≥4(5日均),0.7132,-0.2255,0.0282
不对称(涨-跌),2,跌出前60,非恐慌(大跌家数z<1),1.1828,-0.2642,0.0282
不对称(涨-跌),3,持5天,不择时,0.0389,-0.3231,0.0282
不对称(涨-跌),3,持5天,均线投票≥3,-0.1366,-0.3044,0.0282
不对称(涨-跌),3,持5天,接力赚钱(5日),0.0655,-0.3015,0.0282
不对称(涨-跌),3,持5天,涨停多于跌停(5日),0.0357,-0.3463,0.0282
不对称(涨-跌),3,持5天,连板高度≥4(5日均),0.1715,-0.2301,0.0282
不对称(涨-跌),3,持5天,非恐慌(大跌家数z<1),-0.2417,-0.5105,0.0282
不对称(涨-跌),3,跌出前30,不择时,0.6120,-0.3287,0.0282
不对称(涨-跌),3,跌出前30,均线投票≥3,0.1724,-0.2279,0.0282
不对称(涨-跌),3,跌出前30,接力赚钱(5日),0.8274,-0.2467,0.0282
不对称(涨-跌),3,跌出前30,涨停多于跌停(5日),0.8060,-0.3118,0.0282
不对称(涨-跌),3,跌出前30,连板高度≥4(5日均),0.5115,-0.2345,0.0282
不对称(涨-跌),3,跌出前30,非恐慌(大跌家数z<1),0.2674,-0.2946,0.0282
不对称(涨-跌),3,跌出前60,不择时,0.9114,-0.2310,0.0282
不对称(涨-跌),3,跌出前60,均线投票≥3,0.2623,-0.2447,0.0282
不对称(涨-跌),3,跌出前60,接力赚钱(5日),0.6991,-0.2366,0.0282
不对称(涨-跌),3,跌出前60,涨停多于跌停(5日),0.8856,-0.2829,0.0282
不对称(涨-跌),3,跌出前60,连板高度≥4(5日均),0.6214,-0.2246,0.0282
不对称(涨-跌),3,跌出前60,非恐慌(大跌家数z<1),0.2911,-0.3359,0.0282
5日模型h5,2,持5天,不择时,-0.0655,-0.3730,0.0282
5日模型h5,2,持5天,均线投票≥3,-0.1496,-0.2560,0.0282
5日模型h5,2,持5天,接力赚钱(5日),0.0300,-0.3556,0.0282
5日模型h5,2,持5天,涨停多于跌停(5日),0.0548,-0.3126,0.0282
5日模型h5,2,持5天,连板高度≥4(5日均),0.2774,-0.1327,0.0282
5日模型h5,2,持5天,非恐慌(大跌家数z<1),0.1713,-0.1933,0.0282
5日模型h5,2,跌出前30,不择时,-0.1441,-0.3371,0.0282
5日模型h5,2,跌出前30,均线投票≥3,-0.1649,-0.2588,0.0282
5日模型h5,2,跌出前30,接力赚钱(5日),-0.1299,-0.3196,0.0282
5日模型h5,2,跌出前30,涨停多于跌停(5日),-0.0687,-0.2689,0.0282
5日模型h5,2,跌出前30,连板高度≥4(5日均),0.2326,-0.1554,0.0282
5日模型h5,2,跌出前30,非恐慌(大跌家数z<1),0.0602,-0.2195,0.0282
5日模型h5,2,跌出前60,不择时,-0.1455,-0.4352,0.0282
5日模型h5,2,跌出前60,均线投票≥3,-0.1203,-0.2424,0.0282
5日模型h5,2,跌出前60,接力赚钱(5日),-0.0426,-0.4042,0.0282
5日模型h5,2,跌出前60,涨停多于跌停(5日),-0.0402,-0.3656,0.0282
5日模型h5,2,跌出前60,连板高度≥4(5日均),0.2510,-0.1457,0.0282
5日模型h5,2,跌出前60,非恐慌(大跌家数z<1),0.2175,-0.2412,0.0282
5日模型h5,3,持5天,不择时,-0.1872,-0.3815,0.0282
5日模型h5,3,持5天,均线投票≥3,-0.2413,-0.2962,0.0282
5日模型h5,3,持5天,接力赚钱(5日),-0.0130,-0.3681,0.0282
5日模型h5,3,持5天,涨停多于跌停(5日),-0.1858,-0.3241,0.0282
5日模型h5,3,持5天,连板高度≥4(5日均),0.3757,-0.1273,0.0282
5日模型h5,3,持5天,非恐慌(大跌家数z<1),0.0777,-0.2325,0.0282
5日模型h5,3,跌出前30,不择时,0.1076,-0.2923,0.0282
5日模型h5,3,跌出前30,均线投票≥3,-0.1620,-0.2081,0.0282
5日模型h5,3,跌出前30,接力赚钱(5日),0.1658,-0.2733,0.0282
5日模型h5,3,跌出前30,涨停多于跌停(5日),0.1902,-0.2091,0.0282
5日模型h5,3,跌出前30,连板高度≥4(5日均),0.2244,-0.1406,0.0282
5日模型h5,3,跌出前30,非恐慌(大跌家数z<1),0.2719,-0.2248,0.0282
5日模型h5,3,跌出前60,不择时,-0.0687,-0.4031,0.0282
5日模型h5,3,跌出前60,均线投票≥3,-0.2037,-0.2720,0.0282
5日模型h5,3,跌出前60,接力赚钱(5日),0.0703,-0.3631,0.0282
5日模型h5,3,跌出前60,涨停多于跌停(5日),0.0282,-0.3237,0.0282
5日模型h5,3,跌出前60,连板高度≥4(5日均),0.1666,-0.1473,0.0282
5日模型h5,3,跌出前60,非恐慌(大跌家数z<1),0.2967,-0.2263,0.0282
大涨概率+h5,2,持5天,不择时,0.0228,-0.4683,0.0282
大涨概率+h5,2,持5天,均线投票≥3,0.1129,-0.2018,0.0282
大涨概率+h5,2,持5天,接力赚钱(5日),-0.0415,-0.5212,0.0282
大涨概率+h5,2,持5天,涨停多于跌停(5日),0.0465,-0.4559,0.0282
大涨概率+h5,2,持5天,连板高度≥4(5日均),0.3482,-0.2410,0.0282
大涨概率+h5,2,持5天,非恐慌(大跌家数z<1),0.1310,-0.3380,0.0282
大涨概率+h5,2,跌出前30,不择时,0.7448,-0.3704,0.0282
大涨概率+h5,2,跌出前30,均线投票≥3,0.2439,-0.1933,0.0282
大涨概率+h5,2,跌出前30,接力赚钱(5日),0.8537,-0.3387,0.0282
大涨概率+h5,2,跌出前30,涨停多于跌停(5日),0.7763,-0.3591,0.0282
大涨概率+h5,2,跌出前30,连板高度≥4(5日均),0.5766,-0.1954,0.0282
大涨概率+h5,2,跌出前30,非恐慌(大跌家数z<1),-0.0169,-0.3586,0.0282
大涨概率+h5,2,跌出前60,不择时,0.5492,-0.4277,0.0282
大涨概率+h5,2,跌出前60,均线投票≥3,-0.0142,-0.2274,0.0282
大涨概率+h5,2,跌出前60,接力赚钱(5日),0.7362,-0.3901,0.0282
大涨概率+h5,2,跌出前60,涨停多于跌停(5日),0.5165,-0.4398,0.0282
大涨概率+h5,2,跌出前60,连板高度≥4(5日均),0.4253,-0.2912,0.0282
大涨概率+h5,2,跌出前60,非恐慌(大跌家数z<1),-0.1137,-0.4941,0.0282
大涨概率+h5,3,持5天,不择时,0.3309,-0.3898,0.0282
大涨概率+h5,3,持5天,均线投票≥3,0.0501,-0.2506,0.0282
大涨概率+h5,3,持5天,接力赚钱(5日),0.1926,-0.4610,0.0282
大涨概率+h5,3,持5天,涨停多于跌停(5日),0.2927,-0.3877,0.0282
大涨概率+h5,3,持5天,连板高度≥4(5日均),0.4140,-0.2459,0.0282
大涨概率+h5,3,持5天,非恐慌(大跌家数z<1),-0.0826,-0.4675,0.0282
大涨概率+h5,3,跌出前30,不择时,1.0735,-0.3541,0.0282
大涨概率+h5,3,跌出前30,均线投票≥3,0.1799,-0.2629,0.0282
大涨概率+h5,3,跌出前30,接力赚钱(5日),1.1212,-0.2966,0.0282
大涨概率+h5,3,跌出前30,涨停多于跌停(5日),1.1455,-0.3068,0.0282
大涨概率+h5,3,跌出前30,连板高度≥4(5日均),0.6626,-0.1834,0.0282
大涨概率+h5,3,跌出前30,非恐慌(大跌家数z<1),0.1305,-0.3517,0.0282
大涨概率+h5,3,跌出前60,不择时,0.4226,-0.4014,0.0282
大涨概率+h5,3,跌出前60,均线投票≥3,-0.1664,-0.2887,0.0282
大涨概率+h5,3,跌出前60,接力赚钱(5日),0.4871,-0.3652,0.0282
大涨概率+h5,3,跌出前60,涨停多于跌停(5日),0.5233,-0.3648,0.0282
大涨概率+h5,3,跌出前60,连板高度≥4(5日均),0.5783,-0.2163,0.0282
大涨概率+h5,3,跌出前60,非恐慌(大跌家数z<1),0.0839,-0.4287,0.0282
不对称+h5,2,持5天,不择时,-0.2517,-0.5301,0.0282
不对称+h5,2,持5天,均线投票≥3,-0.1969,-0.3444,0.0282
不对称+h5,2,持5天,接力赚钱(5日),-0.2544,-0.5532,0.0282
不对称+h5,2,持5天,涨停多于跌停(5日),-0.0808,-0.4977,0.0282
不对称+h5,2,持5天,连板高度≥4(5日均),1.0535,-0.2399,0.0282
不对称+h5,2,持5天,非恐慌(大跌家数z<1),0.3244,-0.3113,0.0282
不对称+h5,2,跌出前30,不择时,0.2891,-0.3669,0.0282
不对称+h5,2,跌出前30,均线投票≥3,0.0906,-0.2786,0.0282
不对称+h5,2,跌出前30,接力赚钱(5日),0.2521,-0.4011,0.0282
不对称+h5,2,跌出前30,涨停多于跌停(5日),0.2916,-0.3656,0.0282
不对称+h5,2,跌出前30,连板高度≥4(5日均),0.7773,-0.2650,0.0282
不对称+h5,2,跌出前30,非恐慌(大跌家数z<1),0.5293,-0.2946,0.0282
不对称+h5,2,跌出前60,不择时,-0.2744,-0.5180,0.0282
不对称+h5,2,跌出前60,均线投票≥3,-0.2642,-0.4683,0.0282
不对称+h5,2,跌出前60,接力赚钱(5日),-0.3194,-0.5534,0.0282
不对称+h5,2,跌出前60,涨停多于跌停(5日),-0.2804,-0.5239,0.0282
不对称+h5,2,跌出前60,连板高度≥4(5日均),0.4313,-0.2827,0.0282
不对称+h5,2,跌出前60,非恐慌(大跌家数z<1),-0.0683,-0.4244,0.0282
不对称+h5,3,持5天,不择时,0.2415,-0.3232,0.0282
不对称+h5,3,持5天,均线投票≥3,0.0057,-0.2445,0.0282
不对称+h5,3,持5天,接力赚钱(5日),0.1218,-0.4010,0.0282
不对称+h5,3,持5天,涨停多于跌停(5日),0.1903,-0.3498,0.0282
不对称+h5,3,持5天,连板高度≥4(5日均),0.8699,-0.1809,0.0282
不对称+h5,3,持5天,非恐慌(大跌家数z<1),-0.0240,-0.3459,0.0282
不对称+h5,3,跌出前30,不择时,0.4500,-0.3910,0.0282
不对称+h5,3,跌出前30,均线投票≥3,0.0895,-0.2350,0.0282
不对称+h5,3,跌出前30,接力赚钱(5日),0.4058,-0.4076,0.0282
不对称+h5,3,跌出前30,涨停多于跌停(5日),0.4482,-0.3917,0.0282
不对称+h5,3,跌出前30,连板高度≥4(5日均),0.8989,-0.1635,0.0282
不对称+h5,3,跌出前30,非恐慌(大跌家数z<1),0.2403,-0.3015,0.0282
不对称+h5,3,跌出前60,不择时,0.1651,-0.3722,0.0282
不对称+h5,3,跌出前60,均线投票≥3,-0.2299,-0.4338,0.0282
不对称+h5,3,跌出前60,接力赚钱(5日),0.0308,-0.4414,0.0282
不对称+h5,3,跌出前60,涨停多于跌停(5日),0.1184,-0.4005,0.0282
不对称+h5,3,跌出前60,连板高度≥4(5日均),0.8639,-0.2556,0.0282
不对称+h5,3,跌出前60,非恐慌(大跌家数z<1),0.3818,-0.3350,0.0282
