区间,方案,超额年化,信息比率,超额回撤,策略年化,策略回撤,日均换手,+千1滑点,超额超额2023,超额超额2024,超额超额2025,超额超额2026,超额超额2020,超额超额2021,超额超额2022
研究期,A 基线 Top50,0.0927,1.2410,-0.1508,0.1583,-0.3497,0.0778,0.0632,0.1365,0.0711,0.1532,0.0013,,,
研究期,B 反散户规则 Top50,0.0140,0.1548,-0.1871,0.0772,-0.3710,0.0778,-0.0020,0.0317,0.0198,0.0731,-0.0804,,,
研究期,B 反散户规则 Top20,-0.0268,-0.3246,-0.2215,0.0314,-0.4009,0.0970,-0.0293,0.0232,-0.0564,0.0065,-0.0820,,,
研究期,A+B 打分平均 Top50,0.0625,0.7949,-0.1587,0.1280,-0.3405,0.0774,0.0430,0.1065,0.0820,0.0526,-0.0063,,,
研究期,A 基线 Top20,0.1212,1.2220,-0.1494,0.1872,-0.4011,0.0978,0.0763,0.1302,0.0682,0.2711,0.0119,,,
研究期,A+B 打分平均 Top20,0.0497,0.5437,-0.1493,0.1118,-0.3873,0.0967,0.0242,0.1151,0.0237,0.0866,-0.0422,,,
样本外,A 基线 Top50,0.1637,2.0108,-0.0711,0.2270,-0.2954,0.0770,0.1491,,,,,0.0747,0.2089,0.2571
样本外,B 反散户规则 Top50,0.0959,0.9963,-0.1424,0.1522,-0.3172,0.0744,0.0788,,,,,0.0441,0.0677,0.1861
样本外,B 反散户规则 Top20,0.0602,0.5824,-0.1715,0.1117,-0.3279,0.0952,0.0169,,,,,0.0270,-0.0327,0.1906
样本外,A+B 打分平均 Top50,0.1776,1.9719,-0.0624,0.2453,-0.3124,0.0745,0.1598,,,,,0.1164,0.3044,0.1676
样本外,A 基线 Top20,0.1557,1.4930,-0.1076,0.2128,-0.2908,0.0985,0.1675,,,,,0.1109,0.0735,0.3276
样本外,A+B 打分平均 Top20,0.1362,1.2236,-0.0923,0.1891,-0.3466,0.0941,0.1197,,,,,0.0415,0.2722,0.1232
