区间,打分,共识前q,最多持股,缓冲M,择时,成交,止损,年化,最大回撤,卡玛,夏普,平均仓位,空仓天数占比,日换手,Y2023,Y2024,Y2025,Y2026,Y2020,Y2021,Y2022
研究期,C,无,5,20,不择时,open,无,-0.0945,-0.6083,-0.1554,-0.1260,1.0000,0.0000,0.2706,-0.1356,-0.2570,0.2181,-0.1137,,,
研究期,C,无,5,20,不择时,open,-10%,-0.1275,-0.6252,-0.2040,-0.2393,1.0000,0.0000,0.2834,-0.1519,-0.2818,0.1826,-0.1606,,,
研究期,C,无,5,20,不择时,close,无,-0.0696,-0.5414,-0.1285,-0.0432,1.0000,0.0000,0.2694,0.0602,-0.3031,0.1207,-0.0744,,,
研究期,C,无,5,20,不择时,close,-10%,-0.0860,-0.5549,-0.1550,-0.0968,1.0000,0.0000,0.2801,0.0489,-0.3205,0.1030,-0.0871,,,
研究期,C,无,5,20,投票≥3,open,无,-0.0256,-0.3387,-0.0755,-0.0037,0.4644,0.5356,0.1416,-0.0211,0.0328,0.0587,-0.1509,,,
研究期,C,无,5,20,投票≥3,open,-10%,-0.0245,-0.3385,-0.0725,-0.0015,0.4644,0.5356,0.1453,-0.0203,0.0384,0.0694,-0.1614,,,
研究期,C,无,5,20,投票≥3,close,无,-0.0219,-0.2930,-0.0749,0.0205,0.4644,0.5356,0.1409,0.0098,0.0451,0.0458,-0.1652,,,
研究期,C,无,5,20,投票≥3,close,-10%,-0.0117,-0.3031,-0.0385,0.0662,0.4644,0.5356,0.1436,0.0098,0.0387,0.0460,-0.1272,,,
研究期,C,无,5,60,不择时,open,无,-0.0692,-0.6247,-0.1108,-0.0522,1.0000,0.0000,0.1566,0.0868,-0.3368,0.1927,-0.1070,,,
研究期,C,无,5,60,不择时,open,-10%,-0.1042,-0.6057,-0.1720,-0.1647,1.0000,0.0000,0.1712,0.0789,-0.3230,0.0659,-0.1440,,,
研究期,C,无,5,60,不择时,close,无,-0.0848,-0.6126,-0.1384,-0.1070,1.0000,0.0000,0.1559,0.1068,-0.3381,0.0353,-0.0490,,,
研究期,C,无,5,60,不择时,close,-10%,-0.1420,-0.6568,-0.2162,-0.3008,1.0000,0.0000,0.1690,0.0632,-0.4054,-0.0411,-0.0622,,,
研究期,C,无,5,60,投票≥3,open,无,0.0089,-0.3558,0.0251,0.1531,0.4644,0.5356,0.0862,0.1576,-0.0048,0.0707,-0.1623,,,
研究期,C,无,5,60,投票≥3,open,-10%,0.0029,-0.3171,0.0092,0.1292,0.4644,0.5356,0.0900,0.1576,-0.0246,0.0003,-0.1050,,,
研究期,C,无,5,60,投票≥3,close,无,-0.0105,-0.3209,-0.0328,0.0688,0.4647,0.5344,0.0856,0.1476,-0.0464,0.0090,-0.1290,,,
研究期,C,无,5,60,投票≥3,close,-10%,-0.0148,-0.3242,-0.0456,0.0546,0.4647,0.5344,0.0898,0.1476,-0.0680,-0.0497,-0.0687,,,
研究期,C,无,10,20,不择时,open,无,-0.1253,-0.6418,-0.1952,-0.2620,1.0000,0.0000,0.3511,-0.1381,-0.3115,0.2097,-0.1499,,,
研究期,C,无,10,20,不择时,open,-10%,-0.1398,-0.6408,-0.2182,-0.3176,1.0000,0.0000,0.3629,-0.1380,-0.3128,0.2060,-0.1969,,,
研究期,C,无,10,20,不择时,close,无,-0.1340,-0.6145,-0.2180,-0.3059,1.0000,0.0000,0.3496,-0.0401,-0.3737,0.0939,-0.1055,,,
研究期,C,无,10,20,不择时,close,-10%,-0.1471,-0.6245,-0.2355,-0.3539,1.0000,0.0000,0.3564,-0.0339,-0.4009,0.0898,-0.1184,,,
研究期,C,无,10,20,投票≥3,open,无,-0.0109,-0.2826,-0.0385,0.0487,0.4644,0.5356,0.1756,-0.0082,0.0900,0.0350,-0.1415,,,
研究期,C,无,10,20,投票≥3,open,-10%,-0.0247,-0.3026,-0.0815,-0.0205,0.4644,0.5356,0.1782,-0.0078,0.0776,0.0374,-0.1778,,,
研究期,C,无,10,20,投票≥3,close,无,-0.0512,-0.2960,-0.1731,-0.1539,0.4644,0.5356,0.1747,-0.0301,-0.0093,0.0262,-0.1647,,,
研究期,C,无,10,20,投票≥3,close,-10%,-0.0595,-0.3013,-0.1973,-0.1949,0.4644,0.5356,0.1756,-0.0284,-0.0241,0.0272,-0.1810,,,
研究期,C,无,10,60,不择时,open,无,-0.0027,-0.5510,-0.0050,0.1490,1.0000,0.0000,0.1854,0.1425,-0.2692,0.3750,-0.1377,,,
研究期,C,无,10,60,不择时,open,-10%,-0.0177,-0.5509,-0.0322,0.0991,1.0000,0.0000,0.2013,0.1053,-0.2647,0.3309,-0.1346,,,
研究期,C,无,10,60,不择时,close,无,-0.0076,-0.5598,-0.0135,0.1339,1.0000,0.0000,0.1850,0.1604,-0.2988,0.2772,-0.0643,,,
研究期,C,无,10,60,不择时,close,-10%,-0.0254,-0.5748,-0.0442,0.0756,1.0000,0.0000,0.1980,0.1763,-0.3458,0.2574,-0.0602,,,
研究期,C,无,10,60,投票≥3,open,无,0.0382,-0.3012,0.1269,0.2854,0.4644,0.5356,0.0974,0.0831,0.1078,0.1248,-0.1491,,,
研究期,C,无,10,60,投票≥3,open,-10%,0.0361,-0.3194,0.1131,0.2757,0.4644,0.5356,0.1031,0.0831,0.0896,0.1633,-0.1697,,,
研究期,C,无,10,60,投票≥3,close,无,-0.0181,-0.3030,-0.0599,0.0211,0.4647,0.5333,0.0971,0.0292,-0.0036,0.0642,-0.1435,,,
研究期,C,无,10,60,投票≥3,close,-10%,-0.0204,-0.2995,-0.0682,0.0079,0.4647,0.5333,0.1016,0.0292,-0.0204,0.0642,-0.1363,,,
研究期,C,30,5,20,不择时,open,无,-0.1613,-0.6035,-0.2672,-0.4678,0.8304,0.0144,0.3081,-0.2816,-0.3424,0.1689,-0.0534,,,
研究期,C,30,5,20,不择时,open,-10%,-0.1880,-0.6200,-0.3032,-0.5899,0.8253,0.0144,0.3148,-0.2738,-0.3752,0.1645,-0.1220,,,
研究期,C,30,5,20,不择时,close,无,-0.1119,-0.5476,-0.2044,-0.2749,0.8304,0.0144,0.3066,0.0463,-0.3843,0.0504,-0.0463,,,
研究期,C,30,5,20,不择时,close,-10%,-0.1297,-0.5654,-0.2295,-0.3520,0.8249,0.0144,0.3108,0.0513,-0.4226,0.0708,-0.0786,,,
研究期,C,30,5,20,投票≥3,open,无,-0.0686,-0.2725,-0.2517,-0.3783,0.3651,0.5433,0.1538,-0.0947,-0.1291,0.0733,-0.0908,,,
研究期,C,30,5,20,投票≥3,open,-10%,-0.0826,-0.2994,-0.2759,-0.4744,0.3640,0.5433,0.1553,-0.0947,-0.1289,0.0723,-0.1396,,,
研究期,C,30,5,20,投票≥3,close,无,-0.1067,-0.4111,-0.2595,-0.6192,0.3649,0.5433,0.1520,0.0510,-0.1990,-0.0610,-0.1656,,,
研究期,C,30,5,20,投票≥3,close,-10%,-0.1007,-0.3963,-0.2540,-0.5711,0.3640,0.5433,0.1533,0.0510,-0.1990,-0.0428,-0.1609,,,
研究期,C,30,5,60,不择时,open,无,-0.0329,-0.5224,-0.0630,0.0322,0.9351,0.0011,0.1521,-0.0334,-0.2579,0.4660,-0.1596,,,
研究期,C,30,5,60,不择时,open,-10%,-0.0275,-0.5450,-0.0504,0.0518,0.9342,0.0011,0.1650,-0.0593,-0.3071,0.5523,-0.1081,,,
研究期,C,30,5,60,不择时,close,无,-0.0438,-0.5308,-0.0825,-0.0087,0.9349,0.0011,0.1517,0.0587,-0.3061,0.2861,-0.1027,,,
研究期,C,30,5,60,不择时,close,-10%,-0.0442,-0.5348,-0.0826,-0.0126,0.9327,0.0011,0.1628,0.0642,-0.3354,0.3953,-0.1423,,,
研究期,C,30,5,60,投票≥3,open,无,-0.0156,-0.2690,-0.0581,-0.0059,0.4260,0.5367,0.0807,-0.0135,-0.0261,0.1545,-0.1494,,,
研究期,C,30,5,60,投票≥3,open,-10%,-0.0040,-0.2691,-0.0147,0.0626,0.4256,0.5367,0.0838,-0.0135,-0.0340,0.2253,-0.1559,,,
研究期,C,30,5,60,投票≥3,close,无,-0.0945,-0.3688,-0.2563,-0.4758,0.4262,0.5356,0.0802,0.0221,-0.1294,-0.0432,-0.1857,,,
研究期,C,30,5,60,投票≥3,close,-10%,-0.0792,-0.3284,-0.2411,-0.3779,0.4256,0.5356,0.0833,0.0221,-0.1291,0.0178,-0.1858,,,
研究期,C,30,10,20,不择时,open,无,-0.1118,-0.4718,-0.2368,-0.4422,0.5551,0.0133,0.2364,-0.1406,-0.2194,0.0898,-0.1165,,,
研究期,C,30,10,20,不择时,open,-10%,-0.1293,-0.5018,-0.2577,-0.5520,0.5478,0.0133,0.2398,-0.1410,-0.2540,0.0898,-0.1409,,,
研究期,C,30,10,20,不择时,close,无,-0.1098,-0.4493,-0.2444,-0.4516,0.5543,0.0133,0.2351,-0.0104,-0.2826,0.0479,-0.1248,,,
研究期,C,30,10,20,不择时,close,-10%,-0.1165,-0.4610,-0.2528,-0.4983,0.5491,0.0133,0.2367,-0.0081,-0.3068,0.0530,-0.1255,,,
研究期,C,30,10,20,投票≥3,open,无,-0.0586,-0.2347,-0.2495,-0.5650,0.2249,0.5433,0.1024,-0.0556,-0.0312,0.0122,-0.1357,,,
研究期,C,30,10,20,投票≥3,open,-10%,-0.0626,-0.2440,-0.2563,-0.6056,0.2236,0.5433,0.1030,-0.0556,-0.0311,0.0135,-0.1504,,,
研究期,C,30,10,20,投票≥3,close,无,-0.0897,-0.3263,-0.2749,-0.8727,0.2246,0.5433,0.1017,0.0080,-0.0943,-0.0644,-0.1723,,,
研究期,C,30,10,20,投票≥3,close,-10%,-0.0879,-0.3215,-0.2735,-0.8504,0.2233,0.5433,0.1017,0.0080,-0.0943,-0.0598,-0.1704,,,
研究期,C,30,10,60,不择时,open,无,0.0281,-0.4137,0.0679,0.2359,0.7626,0.0011,0.1414,0.0121,-0.2157,0.4137,-0.0130,,,
研究期,C,30,10,60,不择时,open,-10%,0.0059,-0.4286,0.0138,0.1480,0.7560,0.0011,0.1489,0.0063,-0.2677,0.4090,-0.0159,,,
研究期,C,30,10,60,不择时,close,无,-0.0152,-0.4350,-0.0350,0.0656,0.7627,0.0011,0.1408,-0.0001,-0.2706,0.2244,0.0583,,,
研究期,C,30,10,60,不择时,close,-10%,-0.0224,-0.4528,-0.0495,0.0334,0.7548,0.0011,0.1466,-0.0013,-0.2985,0.2386,0.0600,,,
研究期,C,30,10,60,投票≥3,open,无,0.0210,-0.2019,0.1038,0.2270,0.3274,0.5367,0.0661,-0.0107,-0.0081,0.1663,-0.0568,,,
研究期,C,30,10,60,投票≥3,open,-10%,0.0096,-0.2199,0.0436,0.1388,0.3270,0.5367,0.0672,-0.0107,-0.0113,0.1630,-0.0894,,,
研究期,C,30,10,60,投票≥3,close,无,-0.0402,-0.2169,-0.1853,-0.2471,0.3274,0.5356,0.0657,-0.0082,-0.0856,0.0272,-0.0773,,,
研究期,C,30,10,60,投票≥3,close,-10%,-0.0392,-0.2191,-0.1789,-0.2409,0.3256,0.5356,0.0664,-0.0082,-0.0811,0.0290,-0.0799,,,
研究期,C,100,5,20,不择时,open,无,-0.0468,-0.5550,-0.0844,0.0103,1.0000,0.0000,0.3059,-0.0435,-0.3224,0.3302,-0.0281,,,
研究期,C,100,5,20,不择时,open,-10%,-0.0796,-0.5766,-0.1381,-0.0973,1.0000,0.0000,0.3141,-0.0757,-0.3498,0.3419,-0.0868,,,
研究期,C,100,5,20,不择时,close,无,0.0619,-0.4631,0.1337,0.3473,1.0000,0.0000,0.3048,0.3045,-0.3047,0.3185,0.0435,,,
研究期,C,100,5,20,不择时,close,-10%,0.0928,-0.4496,0.2064,0.4371,1.0000,0.0000,0.3103,0.3192,-0.2871,0.3841,0.0657,,,
研究期,C,100,5,20,投票≥3,open,无,0.0079,-0.2400,0.0330,0.1390,0.4644,0.5356,0.1607,-0.0240,0.0022,0.1287,-0.0675,,,
研究期,C,100,5,20,投票≥3,open,-10%,-0.0074,-0.2471,-0.0300,0.0613,0.4644,0.5356,0.1627,-0.0661,0.0110,0.1464,-0.1012,,,
研究期,C,100,5,20,投票≥3,close,无,-0.0268,-0.2681,-0.0999,-0.0342,0.4644,0.5356,0.1596,0.0006,-0.0964,0.1022,-0.0921,,,
研究期,C,100,5,20,投票≥3,close,-10%,-0.0106,-0.2680,-0.0396,0.0484,0.4644,0.5356,0.1609,0.0006,-0.0963,0.1571,-0.0812,,,
研究期,C,100,5,60,不择时,open,无,0.0501,-0.5341,0.0938,0.3128,1.0000,0.0000,0.1539,0.1515,-0.2497,0.3875,-0.0009,,,
研究期,C,100,5,60,不择时,open,-10%,0.0420,-0.5564,0.0755,0.2877,1.0000,0.0000,0.1663,0.0906,-0.2468,0.3616,0.0407,,,
研究期,C,100,5,60,不择时,close,无,0.0896,-0.5477,0.1636,0.4340,1.0000,0.0000,0.1546,0.3454,-0.2296,0.1845,0.1179,,,
研究期,C,100,5,60,不择时,close,-10%,0.0844,-0.5687,0.1485,0.4172,1.0000,0.0000,0.1661,0.3433,-0.2694,0.2259,0.1209,,,
研究期,C,100,5,60,投票≥3,open,无,0.1041,-0.2359,0.4415,0.5793,0.4644,0.5356,0.0860,0.1566,0.0506,0.1318,0.0480,,,
研究期,C,100,5,60,投票≥3,open,-10%,0.1012,-0.2352,0.4302,0.5707,0.4644,0.5356,0.0898,0.1566,0.0609,0.1527,0.0089,,,
研究期,C,100,5,60,投票≥3,close,无,0.0395,-0.2960,0.1335,0.2917,0.4647,0.5344,0.0849,0.1377,-0.0063,-0.0261,0.0479,,,
研究期,C,100,5,60,投票≥3,close,-10%,0.0665,-0.2863,0.2324,0.4175,0.4647,0.5344,0.0882,0.1377,0.0069,0.0023,0.1046,,,
研究期,C,100,10,20,不择时,open,无,-0.1712,-0.6313,-0.2712,-0.4670,1.0000,0.0000,0.4344,-0.2601,-0.3593,0.1741,-0.1012,,,
研究期,C,100,10,20,不择时,open,-10%,-0.1950,-0.6649,-0.2933,-0.5575,1.0000,0.0000,0.4430,-0.2692,-0.3856,0.1512,-0.1308,,,
研究期,C,100,10,20,不择时,close,无,-0.1355,-0.5820,-0.2328,-0.3433,1.0000,0.0000,0.4338,-0.0192,-0.4009,0.1258,-0.1166,,,
研究期,C,100,10,20,不择时,close,-10%,-0.1489,-0.6051,-0.2461,-0.3952,1.0000,0.0000,0.4383,-0.0181,-0.4217,0.1204,-0.1327,,,
研究期,C,100,10,20,投票≥3,open,无,-0.0440,-0.2518,-0.1747,-0.1544,0.4644,0.5356,0.2213,-0.0414,-0.0666,0.0368,-0.0869,,,
研究期,C,100,10,20,投票≥3,open,-10%,-0.0494,-0.2621,-0.1886,-0.1857,0.4644,0.5356,0.2227,-0.0446,-0.0639,0.0279,-0.0977,,,
研究期,C,100,10,20,投票≥3,close,无,-0.0702,-0.3356,-0.2091,-0.3069,0.4646,0.5344,0.2207,0.0420,-0.1342,0.0044,-0.1562,,,
研究期,C,100,10,20,投票≥3,close,-10%,-0.0743,-0.3464,-0.2145,-0.3294,0.4646,0.5344,0.2212,0.0420,-0.1342,-0.0005,-0.1658,,,
研究期,C,100,10,60,不择时,open,无,0.0405,-0.5262,0.0769,0.2818,1.0000,0.0000,0.1854,0.1555,-0.2946,0.3941,0.0186,,,
研究期,C,100,10,60,不择时,open,-10%,0.0332,-0.5214,0.0636,0.2581,1.0000,0.0000,0.1966,0.1433,-0.2997,0.4069,0.0014,,,
研究期,C,100,10,60,不择时,close,无,0.0003,-0.5120,0.0006,0.1457,1.0000,0.0000,0.1838,0.1832,-0.2823,0.1615,0.0151,,,
研究期,C,100,10,60,不择时,close,-10%,0.0131,-0.5175,0.0253,0.1897,1.0000,0.0000,0.1916,0.1677,-0.2751,0.2168,0.0186,,,
研究期,C,100,10,60,投票≥3,open,无,0.1047,-0.2458,0.4259,0.6349,0.4644,0.5356,0.0997,0.1647,0.0669,0.1987,-0.0308,,,
研究期,C,100,10,60,投票≥3,open,-10%,0.0969,-0.2634,0.3680,0.6010,0.4644,0.5356,0.1010,0.1647,0.0495,0.2115,-0.0501,,,
研究期,C,100,10,60,投票≥3,close,无,0.0134,-0.2712,0.0493,0.1642,0.4646,0.5344,0.0986,0.1111,-0.0079,0.0093,-0.0560,,,
研究期,C,100,10,60,投票≥3,close,-10%,0.0273,-0.2704,0.1010,0.2384,0.4646,0.5344,0.0999,0.1111,0.0045,0.0530,-0.0602,,,
研究期,H5,无,5,20,不择时,open,无,-0.0287,-0.4519,-0.0636,0.0488,1.0000,0.0000,0.1410,-0.0106,-0.1175,0.0606,-0.0303,,,
研究期,H5,无,5,20,不择时,open,-10%,0.0394,-0.4360,0.0904,0.2786,1.0000,0.0000,0.1506,-0.0074,-0.0866,0.2070,0.0539,,,
研究期,H5,无,5,20,不择时,close,无,-0.0593,-0.4355,-0.1361,-0.0575,1.0000,0.0000,0.1399,-0.0318,-0.0847,-0.0451,-0.0567,,,
研究期,H5,无,5,20,不择时,close,-10%,0.0132,-0.4278,0.0308,0.1923,1.0000,0.0000,0.1452,-0.0386,-0.0041,0.0939,0.0020,,,
研究期,H5,无,5,20,投票≥3,open,无,0.0405,-0.2336,0.1732,0.3166,0.4644,0.5356,0.0851,-0.0364,0.2695,0.0543,-0.1025,,,
研究期,H5,无,5,20,投票≥3,open,-10%,0.0455,-0.2272,0.2001,0.3445,0.4644,0.5356,0.0864,-0.0364,0.2358,0.0543,-0.0616,,,
研究期,H5,无,5,20,投票≥3,close,无,-0.0658,-0.3075,-0.2138,-0.2874,0.4644,0.5356,0.0847,-0.0496,0.1209,-0.1095,-0.1797,,,
研究期,H5,无,5,20,投票≥3,close,-10%,-0.0611,-0.3080,-0.1982,-0.2584,0.4644,0.5356,0.0853,-0.0496,0.1209,-0.1095,-0.1644,,,
研究期,H5,无,5,60,不择时,open,无,0.1644,-0.3754,0.4378,0.6729,1.0000,0.0000,0.0670,0.1807,0.0946,0.1510,0.1785,,,
研究期,H5,无,5,60,不择时,open,-10%,0.2209,-0.3914,0.5643,0.8432,1.0000,0.0000,0.0757,0.1785,0.0743,0.3099,0.2589,,,
研究期,H5,无,5,60,不择时,close,无,0.0984,-0.3926,0.2507,0.4693,1.0000,0.0000,0.0639,0.1147,-0.1122,0.1313,0.2628,,,
研究期,H5,无,5,60,不择时,close,-10%,0.1477,-0.3721,0.3968,0.6246,1.0000,0.0000,0.0714,0.1038,-0.0753,0.3211,0.2325,,,
研究期,H5,无,5,60,投票≥3,open,无,0.1255,-0.2481,0.5058,0.7917,0.4644,0.5356,0.0480,0.0686,0.3346,0.1295,-0.0398,,,
研究期,H5,无,5,60,投票≥3,open,-10%,0.1252,-0.2502,0.5004,0.7896,0.4644,0.5356,0.0491,0.0686,0.2986,0.1295,-0.0141,,,
研究期,H5,无,5,60,投票≥3,close,无,0.0753,-0.2460,0.3063,0.4981,0.4644,0.5356,0.0476,0.0503,0.1628,0.0926,-0.0202,,,
研究期,H5,无,5,60,投票≥3,close,-10%,0.0757,-0.2421,0.3127,0.5017,0.4644,0.5356,0.0482,0.0503,0.1605,0.0926,-0.0172,,,
研究期,H5,无,10,20,不择时,open,无,-0.0001,-0.4488,-0.0003,0.1375,1.0000,0.0000,0.1693,-0.0903,0.0131,0.1472,-0.0547,,,
研究期,H5,无,10,20,不择时,open,-10%,0.0091,-0.4509,0.0203,0.1708,1.0000,0.0000,0.1781,-0.0993,0.0526,0.1824,-0.0776,,,
研究期,H5,无,10,20,不择时,close,无,-0.0023,-0.4401,-0.0052,0.1280,1.0000,0.0000,0.1683,-0.0625,0.0458,0.0382,-0.0259,,,
研究期,H5,无,10,20,不择时,close,-10%,0.0109,-0.4311,0.0252,0.1752,1.0000,0.0000,0.1747,-0.0567,0.0602,0.0713,-0.0287,,,
研究期,H5,无,10,20,投票≥3,open,无,0.0120,-0.1878,0.0637,0.1546,0.4644,0.5356,0.0979,-0.0641,0.2152,-0.0108,-0.0714,,,
研究期,H5,无,10,20,投票≥3,open,-10%,0.0096,-0.1993,0.0479,0.1385,0.4644,0.5356,0.0984,-0.0641,0.2252,-0.0108,-0.0870,,,
研究期,H5,无,10,20,投票≥3,close,无,-0.0428,-0.2548,-0.1679,-0.2066,0.4644,0.5356,0.0974,-0.0073,0.0693,-0.0967,-0.1124,,,
研究期,H5,无,10,20,投票≥3,close,-10%,-0.0447,-0.2561,-0.1746,-0.2196,0.4644,0.5356,0.0979,-0.0073,0.0693,-0.0967,-0.1190,,,
研究期,H5,无,10,60,不择时,open,无,0.1216,-0.3960,0.3071,0.5592,1.0000,0.0000,0.0743,0.0473,0.1107,0.2361,0.0621,,,
研究期,H5,无,10,60,不择时,open,-10%,0.1031,-0.3734,0.2761,0.5027,1.0000,0.0000,0.0811,0.0463,0.1156,0.1779,0.0445,,,
研究期,H5,无,10,60,不择时,close,无,0.1077,-0.3585,0.3003,0.5110,1.0000,0.0000,0.0741,0.0761,0.0511,0.1162,0.1549,,,
研究期,H5,无,10,60,不择时,close,-10%,0.1051,-0.3516,0.2991,0.5058,1.0000,0.0000,0.0803,0.0710,0.0210,0.0943,0.2085,,,
研究期,H5,无,10,60,投票≥3,open,无,0.0374,-0.2022,0.1852,0.3279,0.4644,0.5356,0.0520,-0.0232,0.1593,0.0597,-0.0457,,,
研究期,H5,无,10,60,投票≥3,open,-10%,0.0363,-0.2024,0.1795,0.3204,0.4644,0.5356,0.0531,-0.0232,0.1424,0.0597,-0.0354,,,
研究期,H5,无,10,60,投票≥3,close,无,0.0085,-0.2137,0.0400,0.1322,0.4644,0.5356,0.0518,0.0120,0.0572,0.0300,-0.0637,,,
研究期,H5,无,10,60,投票≥3,close,-10%,0.0174,-0.1891,0.0921,0.1892,0.4644,0.5356,0.0529,0.0120,0.0582,0.0300,-0.0338,,,
研究期,H5,30,5,20,不择时,open,无,-0.0024,-0.5018,-0.0047,0.1411,0.8991,0.0022,0.2263,-0.2250,-0.1211,0.3972,0.0416,,,
研究期,H5,30,5,20,不择时,open,-10%,-0.0400,-0.5104,-0.0785,0.0131,0.8980,0.0011,0.2412,-0.2314,-0.1586,0.4033,-0.0523,,,
研究期,H5,30,5,20,不择时,close,无,-0.0654,-0.5098,-0.1282,-0.0757,0.8989,0.0022,0.2252,-0.1355,-0.1926,-0.0535,0.1797,,,
研究期,H5,30,5,20,不择时,close,-10%,-0.0654,-0.4963,-0.1317,-0.0802,0.8976,0.0022,0.2339,-0.1355,-0.1895,-0.0350,0.1527,,,
研究期,H5,30,5,20,投票≥3,open,无,0.0346,-0.1986,0.1744,0.2818,0.3996,0.5378,0.1218,-0.1235,0.1930,0.1340,-0.0438,,,
研究期,H5,30,5,20,投票≥3,open,-10%,0.0286,-0.1986,0.1440,0.2484,0.3996,0.5367,0.1227,-0.1235,0.1642,0.1340,-0.0411,,,
研究期,H5,30,5,20,投票≥3,close,无,-0.0643,-0.2514,-0.2559,-0.2758,0.3993,0.5378,0.1198,-0.1014,-0.0167,-0.1318,0.0200,,,
研究期,H5,30,5,20,投票≥3,close,-10%,-0.0624,-0.2514,-0.2481,-0.2652,0.3993,0.5378,0.1207,-0.1014,-0.0167,-0.1318,0.0279,,,
研究期,H5,30,5,60,不择时,open,无,0.1098,-0.4391,0.2502,0.4983,0.9780,0.0000,0.0926,-0.0785,-0.1037,0.6014,0.1106,,,
研究期,H5,30,5,60,不择时,open,-10%,0.1023,-0.4232,0.2417,0.4779,0.9798,0.0000,0.1019,-0.0951,-0.0679,0.6832,0.0087,,,
研究期,H5,30,5,60,不择时,close,无,0.1053,-0.4957,0.2125,0.4811,0.9789,0.0000,0.0908,0.0097,-0.1926,0.2802,0.3863,,,
研究期,H5,30,5,60,不择时,close,-10%,0.1429,-0.4440,0.3219,0.5962,0.9784,0.0000,0.0986,0.0097,-0.0692,0.3056,0.3338,,,
研究期,H5,30,5,60,投票≥3,open,无,0.0809,-0.2818,0.2870,0.5112,0.4456,0.5356,0.0582,-0.0047,0.1480,0.3445,-0.1328,,,
研究期,H5,30,5,60,投票≥3,open,-10%,0.0972,-0.2518,0.3858,0.5935,0.4456,0.5356,0.0587,-0.0047,0.1571,0.3445,-0.0908,,,
研究期,H5,30,5,60,投票≥3,close,无,0.0339,-0.2957,0.1147,0.2677,0.4449,0.5356,0.0560,0.0037,0.0079,0.1306,-0.0113,,,
研究期,H5,30,5,60,投票≥3,close,-10%,0.0463,-0.2552,0.1815,0.3295,0.4451,0.5356,0.0576,0.0037,-0.0040,0.1306,0.0456,,,
研究期,H5,30,10,20,不择时,open,无,-0.0186,-0.4381,-0.0424,0.0422,0.6508,0.0022,0.2011,-0.1814,-0.0003,0.1848,-0.0376,,,
研究期,H5,30,10,20,不择时,open,-10%,-0.0253,-0.3972,-0.0637,0.0090,0.6439,0.0011,0.2084,-0.1844,0.0158,0.1778,-0.0678,,,
研究期,H5,30,10,20,不择时,close,无,-0.0580,-0.3720,-0.1560,-0.1301,0.6509,0.0022,0.2002,-0.0985,-0.0897,-0.0089,-0.0138,,,
研究期,H5,30,10,20,不择时,close,-10%,-0.0566,-0.3693,-0.1534,-0.1351,0.6458,0.0022,0.2062,-0.0985,-0.0768,0.0008,-0.0318,,,
研究期,H5,30,10,20,投票≥3,open,无,-0.0222,-0.1910,-0.1163,-0.1413,0.2657,0.5378,0.0973,-0.0790,0.0806,0.0129,-0.0868,,,
研究期,H5,30,10,20,投票≥3,open,-10%,-0.0257,-0.1910,-0.1346,-0.1726,0.2654,0.5367,0.0978,-0.0790,0.0681,0.0129,-0.0883,,,
研究期,H5,30,10,20,投票≥3,close,无,-0.0689,-0.2450,-0.2814,-0.5431,0.2653,0.5378,0.0963,-0.0310,-0.0444,-0.0818,-0.0962,,,
研究期,H5,30,10,20,投票≥3,close,-10%,-0.0699,-0.2479,-0.2820,-0.5536,0.2649,0.5378,0.0968,-0.0310,-0.0444,-0.0818,-0.0997,,,
研究期,H5,30,10,60,不择时,open,无,0.0860,-0.4313,0.1994,0.4420,0.9021,0.0000,0.0910,-0.0525,-0.0153,0.3161,0.1040,,,
研究期,H5,30,10,60,不择时,open,-10%,0.0120,-0.4441,0.0271,0.1753,0.8984,0.0000,0.0999,-0.0748,-0.1702,0.3072,0.0414,,,
研究期,H5,30,10,60,不择时,close,无,0.0926,-0.4121,0.2248,0.4605,0.8988,0.0000,0.0903,-0.0254,-0.0516,0.1501,0.3041,,,
研究期,H5,30,10,60,不择时,close,-10%,0.0626,-0.4690,0.1335,0.3614,0.8959,0.0000,0.0968,-0.0254,-0.1648,0.1612,0.3237,,,
研究期,H5,30,10,60,投票≥3,open,无,0.0236,-0.2203,0.1070,0.2337,0.3854,0.5356,0.0497,0.0283,0.0841,0.0667,-0.0835,,,
研究期,H5,30,10,60,投票≥3,open,-10%,0.0205,-0.2208,0.0929,0.2129,0.3854,0.5356,0.0504,0.0283,0.0841,0.0667,-0.0936,,,
研究期,H5,30,10,60,投票≥3,close,无,-0.0081,-0.2254,-0.0359,0.0233,0.3821,0.5356,0.0491,0.0289,-0.0028,-0.0092,-0.0454,,,
研究期,H5,30,10,60,投票≥3,close,-10%,-0.0093,-0.2251,-0.0413,0.0153,0.3823,0.5356,0.0499,0.0289,-0.0077,-0.0092,-0.0449,,,
研究期,H5,100,5,20,不择时,open,无,0.0779,-0.4383,0.1778,0.4016,1.0000,0.0000,0.1719,-0.0996,0.0559,0.1660,0.1899,,,
研究期,H5,100,5,20,不择时,open,-10%,0.0844,-0.4500,0.1877,0.4215,1.0000,0.0000,0.1814,-0.1328,0.1396,0.1694,0.1668,,,
研究期,H5,100,5,20,不择时,close,无,0.0048,-0.4296,0.0113,0.1637,1.0000,0.0000,0.1694,-0.0882,-0.0426,0.0142,0.1499,,,
研究期,H5,100,5,20,不择时,close,-10%,-0.0058,-0.4446,-0.0130,0.1284,1.0000,0.0000,0.1777,-0.1087,-0.0512,0.0263,0.1277,,,
研究期,H5,100,5,20,投票≥3,open,无,0.0802,-0.1805,0.4444,0.5519,0.4644,0.5356,0.1033,-0.0666,0.3005,0.0534,0.0395,,,
研究期,H5,100,5,20,投票≥3,open,-10%,0.0789,-0.1805,0.4372,0.5432,0.4644,0.5356,0.1040,-0.0666,0.2914,0.0534,0.0422,,,
研究期,H5,100,5,20,投票≥3,close,无,-0.0288,-0.2244,-0.1284,-0.0818,0.4644,0.5356,0.1018,-0.1104,0.0606,-0.0596,0.0119,,,
研究期,H5,100,5,20,投票≥3,close,-10%,-0.0247,-0.2244,-0.1100,-0.0561,0.4644,0.5356,0.1033,-0.1104,0.0606,-0.0596,0.0279,,,
研究期,H5,100,5,60,不择时,open,无,0.0919,-0.4250,0.2163,0.4427,1.0000,0.0000,0.0803,-0.0834,0.0790,0.1942,0.1712,,,
研究期,H5,100,5,60,不择时,open,-10%,0.0914,-0.4226,0.2162,0.4482,1.0000,0.0000,0.0888,-0.0951,0.0783,0.3058,0.0836,,,
研究期,H5,100,5,60,不择时,close,无,0.0835,-0.4247,0.1966,0.4163,1.0000,0.0000,0.0788,-0.0089,-0.0738,0.1438,0.2803,,,
研究期,H5,100,5,60,不择时,close,-10%,0.0331,-0.4923,0.0673,0.2577,1.0000,0.0000,0.0852,-0.0215,-0.1528,0.1575,0.1751,,,
研究期,H5,100,5,60,投票≥3,open,无,0.0542,-0.2305,0.2349,0.3964,0.4644,0.5356,0.0536,-0.0015,0.1786,0.0708,-0.0360,,,
研究期,H5,100,5,60,投票≥3,open,-10%,0.0567,-0.2318,0.2447,0.4088,0.4644,0.5356,0.0544,-0.0015,0.1607,0.0708,-0.0123,,,
研究期,H5,100,5,60,投票≥3,close,无,0.0420,-0.2512,0.1672,0.3142,0.4644,0.5356,0.0536,0.0083,0.0628,0.0834,0.0024,,,
研究期,H5,100,5,60,投票≥3,close,-10%,0.0522,-0.2187,0.2386,0.3662,0.4644,0.5356,0.0551,0.0083,0.0558,0.0834,0.0459,,,
研究期,H5,100,10,20,不择时,open,无,-0.0747,-0.4411,-0.1693,-0.1292,1.0000,0.0000,0.2683,-0.1464,-0.1004,0.1625,-0.1587,,,
研究期,H5,100,10,20,不择时,open,-10%,-0.0854,-0.4291,-0.1989,-0.1738,1.0000,0.0000,0.2797,-0.1460,-0.1148,0.1638,-0.1821,,,
研究期,H5,100,10,20,不择时,close,无,-0.0986,-0.4509,-0.2188,-0.2273,1.0000,0.0000,0.2672,-0.1224,-0.0931,-0.0710,-0.0779,,,
研究期,H5,100,10,20,不择时,close,-10%,-0.0926,-0.4405,-0.2102,-0.2087,1.0000,0.0000,0.2748,-0.1231,-0.0839,-0.0527,-0.0818,,,
研究期,H5,100,10,20,投票≥3,open,无,-0.0100,-0.2236,-0.0449,0.0118,0.4644,0.5356,0.1516,-0.0971,0.1912,0.0037,-0.1075,,,
研究期,H5,100,10,20,投票≥3,open,-10%,-0.0147,-0.2374,-0.0619,-0.0180,0.4644,0.5356,0.1527,-0.0971,0.1928,0.0037,-0.1241,,,
研究期,H5,100,10,20,投票≥3,close,无,-0.0551,-0.2935,-0.1879,-0.2652,0.4644,0.5356,0.1504,-0.0636,0.1023,-0.1091,-0.1179,,,
研究期,H5,100,10,20,投票≥3,close,-10%,-0.0562,-0.2965,-0.1897,-0.2724,0.4644,0.5356,0.1511,-0.0636,0.1023,-0.1091,-0.1216,,,
研究期,H5,100,10,60,不择时,open,无,0.0854,-0.4219,0.2025,0.4385,1.0000,0.0000,0.0844,-0.1262,0.1467,0.2484,0.0818,,,
研究期,H5,100,10,60,不择时,open,-10%,0.0591,-0.4100,0.1441,0.3480,1.0000,0.0000,0.0923,-0.1045,0.0536,0.2688,0.0323,,,
研究期,H5,100,10,60,不择时,close,无,0.0683,-0.4243,0.1610,0.3767,1.0000,0.0000,0.0841,-0.0822,0.0396,0.1118,0.2029,,,
研究期,H5,100,10,60,不择时,close,-10%,0.0596,-0.4174,0.1429,0.3478,1.0000,0.0000,0.0911,-0.0681,-0.0059,0.1302,0.1826,,,
研究期,H5,100,10,60,投票≥3,open,无,0.0733,-0.2274,0.3222,0.5404,0.4644,0.5356,0.0562,-0.0035,0.1462,0.1091,0.0246,,,
研究期,H5,100,10,60,投票≥3,open,-10%,0.0809,-0.2285,0.3539,0.5869,0.4644,0.5356,0.0576,-0.0035,0.1693,0.1091,0.0308,,,
研究期,H5,100,10,60,投票≥3,close,无,0.0616,-0.2129,0.2896,0.4410,0.4644,0.5356,0.0564,-0.0005,0.0788,0.0487,0.1027,,,
研究期,H5,100,10,60,投票≥3,close,-10%,0.0575,-0.2178,0.2641,0.4175,0.4644,0.5356,0.0574,-0.0005,0.0702,0.0487,0.0958,,,
研究期,C+H5,无,5,20,不择时,open,无,-0.0424,-0.5032,-0.0843,0.0120,1.0000,0.0000,0.1697,-0.1627,-0.1384,0.1141,0.0603,,,
研究期,C+H5,无,5,20,不择时,open,-10%,-0.0612,-0.5420,-0.1129,-0.0535,1.0000,0.0000,0.1792,-0.1636,-0.1992,0.1171,0.0588,,,
研究期,C+H5,无,5,20,不择时,close,无,0.0280,-0.4233,0.0662,0.2426,1.0000,0.0000,0.1692,-0.0107,-0.1049,0.1434,0.0935,,,
研究期,C+H5,无,5,20,不择时,close,-10%,0.0352,-0.4108,0.0857,0.2654,1.0000,0.0000,0.1766,-0.0107,-0.0766,0.1821,0.0520,,,
研究期,C+H5,无,5,20,投票≥3,open,无,0.0405,-0.2154,0.1882,0.3143,0.4644,0.5356,0.0869,-0.0414,0.1884,0.0827,-0.0613,,,
研究期,C+H5,无,5,20,投票≥3,open,-10%,0.0377,-0.2235,0.1686,0.2991,0.4644,0.5356,0.0887,-0.0414,0.1888,0.0827,-0.0710,,,
研究期,C+H5,无,5,20,投票≥3,close,无,-0.0443,-0.2638,-0.1677,-0.1544,0.4644,0.5356,0.0860,-0.0606,-0.0137,-0.0649,-0.0232,,,
研究期,C+H5,无,5,20,投票≥3,close,-10%,-0.0440,-0.2619,-0.1679,-0.1528,0.4644,0.5356,0.0871,-0.0606,-0.0111,-0.0649,-0.0247,,,
研究期,C+H5,无,5,60,不择时,open,无,-0.0264,-0.4820,-0.0548,0.0635,1.0000,0.0000,0.0968,-0.0782,-0.1849,0.2242,-0.0150,,,
研究期,C+H5,无,5,60,不择时,open,-10%,-0.0369,-0.5434,-0.0678,0.0175,1.0000,0.0000,0.1068,-0.0985,-0.2605,0.2205,0.0700,,,
研究期,C+H5,无,5,60,不择时,close,无,0.0290,-0.4897,0.0592,0.2462,1.0000,0.0000,0.0959,-0.0469,-0.1839,0.2026,0.1879,,,
研究期,C+H5,无,5,60,不择时,close,-10%,0.0247,-0.4769,0.0517,0.2307,1.0000,0.0000,0.1046,-0.0469,-0.1643,0.2061,0.1388,,,
研究期,C+H5,无,5,60,投票≥3,open,无,0.0940,-0.2216,0.4243,0.5697,0.4644,0.5356,0.0584,-0.0373,0.2243,0.2396,-0.0466,,,
研究期,C+H5,无,5,60,投票≥3,open,-10%,0.0862,-0.2156,0.3997,0.5350,0.4644,0.5356,0.0596,-0.0373,0.2281,0.2361,-0.0718,,,
研究期,C+H5,无,5,60,投票≥3,close,无,0.0292,-0.2650,0.1103,0.2433,0.4647,0.5344,0.0576,-0.0670,0.0831,0.1466,-0.0402,,,
研究期,C+H5,无,5,60,投票≥3,close,-10%,0.0252,-0.2641,0.0955,0.2237,0.4647,0.5344,0.0600,-0.0670,0.0911,0.1254,-0.0432,,,
研究期,C+H5,无,10,20,不择时,open,无,-0.0231,-0.4842,-0.0476,0.0666,1.0000,0.0000,0.2249,-0.1087,-0.1604,0.1885,0.0317,,,
研究期,C+H5,无,10,20,不择时,open,-10%,-0.0378,-0.4861,-0.0778,0.0122,1.0000,0.0000,0.2358,-0.1025,-0.1730,0.1844,-0.0134,,,
研究期,C+H5,无,10,20,不择时,close,无,-0.0051,-0.5065,-0.0101,0.1256,1.0000,0.0000,0.2239,-0.0716,-0.1791,0.1857,0.0858,,,
研究期,C+H5,无,10,20,不择时,close,-10%,-0.0122,-0.5037,-0.0242,0.1001,1.0000,0.0000,0.2317,-0.0741,-0.1849,0.1971,0.0577,,,
研究期,C+H5,无,10,20,投票≥3,open,无,0.0342,-0.1976,0.1732,0.2867,0.4644,0.5356,0.1111,-0.0120,0.0878,0.0617,-0.0078,,,
研究期,C+H5,无,10,20,投票≥3,open,-10%,0.0213,-0.2126,0.1002,0.2106,0.4644,0.5356,0.1124,-0.0120,0.0762,0.0617,-0.0425,,,
研究期,C+H5,无,10,20,投票≥3,close,无,-0.0191,-0.2559,-0.0745,-0.0267,0.4646,0.5344,0.1102,-0.0490,-0.0048,0.0081,-0.0238,,,
研究期,C+H5,无,10,20,投票≥3,close,-10%,-0.0180,-0.2532,-0.0711,-0.0205,0.4646,0.5344,0.1111,-0.0490,-0.0012,0.0081,-0.0234,,,
研究期,C+H5,无,10,60,不择时,open,无,0.0092,-0.4954,0.0187,0.1743,1.0000,0.0000,0.1083,-0.1219,-0.1162,0.2877,0.0353,,,
研究期,C+H5,无,10,60,不择时,open,-10%,0.0230,-0.4708,0.0489,0.2220,1.0000,0.0000,0.1188,-0.0947,-0.1255,0.3686,0.0038,,,
研究期,C+H5,无,10,60,不择时,close,无,0.0573,-0.4627,0.1237,0.3370,1.0000,0.0000,0.1078,-0.0737,-0.0048,0.1540,0.1543,,,
研究期,C+H5,无,10,60,不择时,close,-10%,0.0469,-0.4375,0.1071,0.3029,1.0000,0.0000,0.1146,-0.0410,-0.0450,0.1636,0.1110,,,
研究期,C+H5,无,10,60,投票≥3,open,无,0.0709,-0.2408,0.2944,0.4975,0.4644,0.5356,0.0626,0.0208,0.1800,0.1130,-0.0398,,,
研究期,C+H5,无,10,60,投票≥3,open,-10%,0.0777,-0.2591,0.2999,0.5357,0.4644,0.5356,0.0641,0.0208,0.2197,0.1663,-0.0925,,,
研究期,C+H5,无,10,60,投票≥3,close,无,0.0033,-0.2536,0.0131,0.1063,0.4646,0.5344,0.0626,-0.0240,0.0782,0.0021,-0.0401,,,
研究期,C+H5,无,10,60,投票≥3,close,-10%,0.0028,-0.2732,0.0101,0.1031,0.4646,0.5344,0.0634,-0.0240,0.0843,0.0263,-0.0698,,,
研究期,C+H5,30,5,20,不择时,open,无,-0.0114,-0.5014,-0.0228,0.1144,0.9438,0.0000,0.1583,-0.1848,-0.1297,0.2304,0.0978,,,
研究期,C+H5,30,5,20,不择时,open,-10%,-0.0596,-0.5365,-0.1110,-0.0499,0.9429,0.0000,0.1677,-0.1886,-0.2183,0.2293,0.0226,,,
研究期,C+H5,30,5,20,不择时,close,无,0.0545,-0.4292,0.1270,0.3269,0.9431,0.0000,0.1574,-0.0363,-0.1099,0.2292,0.1536,,,
研究期,C+H5,30,5,20,不择时,close,-10%,0.0614,-0.4180,0.1469,0.3486,0.9424,0.0000,0.1643,-0.0363,-0.0799,0.2536,0.1208,,,
研究期,C+H5,30,5,20,投票≥3,open,无,0.0310,-0.2204,0.1407,0.2656,0.4309,0.5356,0.0800,-0.0640,0.1293,0.1126,-0.0483,,,
研究期,C+H5,30,5,20,投票≥3,open,-10%,0.0197,-0.2328,0.0847,0.2004,0.4304,0.5356,0.0818,-0.0640,0.1242,0.1126,-0.0820,,,
研究期,C+H5,30,5,20,投票≥3,close,无,-0.0326,-0.2525,-0.1291,-0.0967,0.4313,0.5356,0.0793,-0.0294,-0.0224,-0.0452,-0.0233,,,
研究期,C+H5,30,5,20,投票≥3,close,-10%,-0.0305,-0.2485,-0.1228,-0.0854,0.4313,0.5356,0.0813,-0.0294,-0.0198,-0.0452,-0.0181,,,
研究期,C+H5,30,5,60,不择时,open,无,0.0439,-0.4617,0.0952,0.2931,0.9796,0.0000,0.0919,-0.0725,-0.1047,0.3171,0.0716,,,
研究期,C+H5,30,5,60,不择时,open,-10%,0.0250,-0.4953,0.0505,0.2300,0.9791,0.0000,0.1028,-0.0689,-0.2078,0.3598,0.0920,,,
研究期,C+H5,30,5,60,不择时,close,无,0.0531,-0.4723,0.1125,0.3230,0.9793,0.0000,0.0910,-0.0284,-0.1451,0.1962,0.2183,,,
研究期,C+H5,30,5,60,不择时,close,-10%,0.0687,-0.4302,0.1596,0.3724,0.9791,0.0000,0.0997,-0.0284,-0.0863,0.2298,0.1701,,,
研究期,C+H5,30,5,60,投票≥3,open,无,0.0797,-0.2237,0.3565,0.5106,0.4509,0.5356,0.0536,-0.0870,0.1995,0.1992,0.0105,,,
研究期,C+H5,30,5,60,投票≥3,open,-10%,0.0718,-0.2130,0.3369,0.4695,0.4502,0.5356,0.0560,-0.0870,0.1910,0.1910,-0.0029,,,
研究期,C+H5,30,5,60,投票≥3,close,无,0.0132,-0.2697,0.0491,0.1635,0.4507,0.5344,0.0529,-0.0763,0.0898,0.0038,0.0389,,,
研究期,C+H5,30,5,60,投票≥3,close,-10%,0.0188,-0.2688,0.0698,0.1919,0.4509,0.5344,0.0553,-0.0763,0.1166,0.0109,0.0273,,,
研究期,C+H5,30,10,20,不择时,open,无,-0.0387,-0.4792,-0.0808,-0.0325,0.7640,0.0000,0.1512,-0.1130,-0.2286,0.2387,0.0200,,,
研究期,C+H5,30,10,20,不择时,open,-10%,-0.0476,-0.4775,-0.0997,-0.0754,0.7594,0.0000,0.1591,-0.1219,-0.2156,0.2286,-0.0127,,,
研究期,C+H5,30,10,20,不择时,close,无,-0.0262,-0.4581,-0.0571,0.0175,0.7638,0.0000,0.1503,-0.0901,-0.2058,0.1372,0.1036,,,
研究期,C+H5,30,10,20,不择时,close,-10%,-0.0364,-0.4732,-0.0770,-0.0275,0.7613,0.0000,0.1548,-0.0901,-0.2393,0.1473,0.0983,,,
研究期,C+H5,30,10,20,投票≥3,open,无,0.0156,-0.1734,0.0898,0.1871,0.3326,0.5356,0.0697,-0.0250,0.0277,0.0922,-0.0326,,,
研究期,C+H5,30,10,20,投票≥3,open,-10%,0.0100,-0.1820,0.0550,0.1425,0.3320,0.5356,0.0708,-0.0250,0.0302,0.0922,-0.0543,,,
研究期,C+H5,30,10,20,投票≥3,close,无,-0.0274,-0.1963,-0.1396,-0.1484,0.3322,0.5344,0.0690,-0.0307,-0.0542,-0.0038,-0.0116,,,
研究期,C+H5,30,10,20,投票≥3,close,-10%,-0.0283,-0.2015,-0.1405,-0.1570,0.3317,0.5344,0.0697,-0.0307,-0.0504,-0.0048,-0.0181,,,
研究期,C+H5,30,10,60,不择时,open,无,0.0492,-0.4944,0.0995,0.3127,0.9007,0.0000,0.0919,-0.1253,-0.0773,0.4178,0.0433,,,
研究期,C+H5,30,10,60,不择时,open,-10%,0.0428,-0.4701,0.0911,0.2907,0.8974,0.0000,0.1006,-0.1355,-0.0948,0.4390,0.0365,,,
研究期,C+H5,30,10,60,不择时,close,无,0.1071,-0.4534,0.2362,0.5081,0.8996,0.0000,0.0915,-0.0606,-0.0178,0.3508,0.1677,,,
研究期,C+H5,30,10,60,不择时,close,-10%,0.0996,-0.4403,0.2263,0.4875,0.8952,0.0000,0.0984,-0.0544,-0.0551,0.3992,0.1355,,,
研究期,C+H5,30,10,60,投票≥3,open,无,0.0896,-0.2271,0.3944,0.6537,0.3941,0.5356,0.0468,0.0201,0.1247,0.1948,0.0011,,,
研究期,C+H5,30,10,60,投票≥3,open,-10%,0.0834,-0.2246,0.3714,0.6157,0.3933,0.5356,0.0482,0.0201,0.1181,0.1971,-0.0158,,,
研究期,C+H5,30,10,60,投票≥3,close,无,0.0319,-0.2390,0.1334,0.2805,0.3941,0.5344,0.0462,0.0113,0.0448,0.0726,-0.0094,,,
研究期,C+H5,30,10,60,投票≥3,close,-10%,0.0248,-0.2494,0.0996,0.2362,0.3926,0.5344,0.0474,0.0113,0.0317,0.0759,-0.0248,,,
研究期,C+H5,100,5,20,不择时,open,无,-0.0424,-0.5032,-0.0843,0.0120,1.0000,0.0000,0.1697,-0.1627,-0.1384,0.1141,0.0603,,,
研究期,C+H5,100,5,20,不择时,open,-10%,-0.0612,-0.5420,-0.1129,-0.0535,1.0000,0.0000,0.1792,-0.1636,-0.1992,0.1171,0.0588,,,
研究期,C+H5,100,5,20,不择时,close,无,0.0280,-0.4233,0.0662,0.2426,1.0000,0.0000,0.1692,-0.0107,-0.1049,0.1434,0.0935,,,
研究期,C+H5,100,5,20,不择时,close,-10%,0.0352,-0.4108,0.0857,0.2654,1.0000,0.0000,0.1766,-0.0107,-0.0766,0.1821,0.0520,,,
研究期,C+H5,100,5,20,投票≥3,open,无,0.0405,-0.2154,0.1882,0.3143,0.4644,0.5356,0.0869,-0.0414,0.1884,0.0827,-0.0613,,,
研究期,C+H5,100,5,20,投票≥3,open,-10%,0.0377,-0.2235,0.1686,0.2991,0.4644,0.5356,0.0887,-0.0414,0.1888,0.0827,-0.0710,,,
研究期,C+H5,100,5,20,投票≥3,close,无,-0.0443,-0.2638,-0.1677,-0.1544,0.4644,0.5356,0.0860,-0.0606,-0.0137,-0.0649,-0.0232,,,
研究期,C+H5,100,5,20,投票≥3,close,-10%,-0.0440,-0.2619,-0.1679,-0.1528,0.4644,0.5356,0.0871,-0.0606,-0.0111,-0.0649,-0.0247,,,
研究期,C+H5,100,5,60,不择时,open,无,-0.0264,-0.4820,-0.0548,0.0635,1.0000,0.0000,0.0968,-0.0782,-0.1849,0.2242,-0.0150,,,
研究期,C+H5,100,5,60,不择时,open,-10%,-0.0369,-0.5434,-0.0678,0.0175,1.0000,0.0000,0.1068,-0.0985,-0.2605,0.2205,0.0700,,,
研究期,C+H5,100,5,60,不择时,close,无,0.0290,-0.4897,0.0592,0.2462,1.0000,0.0000,0.0959,-0.0469,-0.1839,0.2026,0.1879,,,
研究期,C+H5,100,5,60,不择时,close,-10%,0.0247,-0.4769,0.0517,0.2307,1.0000,0.0000,0.1046,-0.0469,-0.1643,0.2061,0.1388,,,
研究期,C+H5,100,5,60,投票≥3,open,无,0.0940,-0.2216,0.4243,0.5697,0.4644,0.5356,0.0584,-0.0373,0.2243,0.2396,-0.0466,,,
研究期,C+H5,100,5,60,投票≥3,open,-10%,0.0862,-0.2156,0.3997,0.5350,0.4644,0.5356,0.0596,-0.0373,0.2281,0.2361,-0.0718,,,
研究期,C+H5,100,5,60,投票≥3,close,无,0.0292,-0.2650,0.1103,0.2433,0.4647,0.5344,0.0576,-0.0670,0.0831,0.1466,-0.0402,,,
研究期,C+H5,100,5,60,投票≥3,close,-10%,0.0252,-0.2641,0.0955,0.2237,0.4647,0.5344,0.0600,-0.0670,0.0911,0.1254,-0.0432,,,
研究期,C+H5,100,10,20,不择时,open,无,-0.0233,-0.4847,-0.0481,0.0657,1.0000,0.0000,0.2249,-0.1087,-0.1612,0.1885,0.0317,,,
研究期,C+H5,100,10,20,不择时,open,-10%,-0.0381,-0.4866,-0.0783,0.0113,1.0000,0.0000,0.2358,-0.1025,-0.1738,0.1844,-0.0134,,,
研究期,C+H5,100,10,20,不择时,close,无,-0.0047,-0.5058,-0.0093,0.1270,1.0000,0.0000,0.2239,-0.0716,-0.1778,0.1857,0.0858,,,
研究期,C+H5,100,10,20,不择时,close,-10%,-0.0118,-0.5030,-0.0234,0.1015,1.0000,0.0000,0.2317,-0.0741,-0.1836,0.1971,0.0577,,,
研究期,C+H5,100,10,20,投票≥3,open,无,0.0342,-0.1976,0.1732,0.2867,0.4644,0.5356,0.1111,-0.0120,0.0878,0.0617,-0.0078,,,
研究期,C+H5,100,10,20,投票≥3,open,-10%,0.0213,-0.2126,0.1002,0.2106,0.4644,0.5356,0.1124,-0.0120,0.0762,0.0617,-0.0425,,,
研究期,C+H5,100,10,20,投票≥3,close,无,-0.0191,-0.2559,-0.0745,-0.0267,0.4646,0.5344,0.1102,-0.0490,-0.0048,0.0081,-0.0238,,,
研究期,C+H5,100,10,20,投票≥3,close,-10%,-0.0180,-0.2532,-0.0711,-0.0205,0.4646,0.5344,0.1111,-0.0490,-0.0012,0.0081,-0.0234,,,
研究期,C+H5,100,10,60,不择时,open,无,0.0092,-0.4954,0.0187,0.1743,1.0000,0.0000,0.1083,-0.1219,-0.1162,0.2877,0.0353,,,
研究期,C+H5,100,10,60,不择时,open,-10%,0.0230,-0.4708,0.0489,0.2220,1.0000,0.0000,0.1188,-0.0947,-0.1255,0.3686,0.0038,,,
研究期,C+H5,100,10,60,不择时,close,无,0.0573,-0.4627,0.1237,0.3370,1.0000,0.0000,0.1078,-0.0737,-0.0048,0.1540,0.1543,,,
研究期,C+H5,100,10,60,不择时,close,-10%,0.0469,-0.4375,0.1071,0.3029,1.0000,0.0000,0.1146,-0.0410,-0.0450,0.1636,0.1110,,,
研究期,C+H5,100,10,60,投票≥3,open,无,0.0709,-0.2408,0.2944,0.4975,0.4644,0.5356,0.0626,0.0208,0.1800,0.1130,-0.0398,,,
研究期,C+H5,100,10,60,投票≥3,open,-10%,0.0777,-0.2591,0.2999,0.5357,0.4644,0.5356,0.0641,0.0208,0.2197,0.1663,-0.0925,,,
研究期,C+H5,100,10,60,投票≥3,close,无,0.0033,-0.2536,0.0131,0.1063,0.4646,0.5344,0.0626,-0.0240,0.0782,0.0021,-0.0401,,,
研究期,C+H5,100,10,60,投票≥3,close,-10%,0.0028,-0.2732,0.0101,0.1031,0.4646,0.5344,0.0634,-0.0240,0.0843,0.0263,-0.0698,,,
样本外,C,无,5,20,不择时,open,无,-0.1607,-0.5445,-0.2952,-0.3531,1.0000,0.0000,0.4197,,,,,-0.0179,0.0814,-0.4414
样本外,C,无,5,20,不择时,open,-10%,-0.1617,-0.5467,-0.2958,-0.3549,1.0000,0.0000,0.4351,,,,,0.0258,-0.0221,-0.4107
样本外,C,无,5,20,不择时,close,无,-0.1777,-0.6097,-0.2915,-0.4227,1.0000,0.0000,0.4155,,,,,-0.2333,0.0282,-0.2918
样本外,C,无,5,20,不择时,close,-10%,-0.1892,-0.6152,-0.3075,-0.4653,1.0000,0.0000,0.4265,,,,,-0.1959,0.0001,-0.3343
样本外,C,无,5,20,投票≥3,open,无,-0.2099,-0.5497,-0.3818,-0.8650,0.5274,0.4704,0.2528,,,,,-0.3373,-0.0566,-0.2071
样本外,C,无,5,20,投票≥3,open,-10%,-0.1971,-0.5266,-0.3742,-0.7983,0.5274,0.4704,0.2586,,,,,-0.3034,-0.0586,-0.2071
样本外,C,无,5,20,投票≥3,close,无,-0.1738,-0.5684,-0.3058,-0.6778,0.5268,0.4732,0.2514,,,,,-0.3834,0.0481,-0.1239
样本外,C,无,5,20,投票≥3,close,-10%,-0.1581,-0.5460,-0.2895,-0.5997,0.5268,0.4732,0.2556,,,,,-0.3514,0.0540,-0.1239
样本外,C,无,5,60,不择时,open,无,-0.0050,-0.4453,-0.0113,0.1494,1.0000,0.0000,0.2587,,,,,0.1372,0.3258,-0.3467
样本外,C,无,5,60,不择时,open,-10%,-0.0672,-0.4905,-0.1371,-0.0541,1.0000,0.0000,0.2777,,,,,0.0948,0.3134,-0.4348
样本外,C,无,5,60,不择时,close,无,-0.0719,-0.4719,-0.1523,-0.0651,1.0000,0.0000,0.2557,,,,,-0.1537,0.3339,-0.2908
样本外,C,无,5,60,不择时,close,-10%,-0.1130,-0.4822,-0.2343,-0.2080,1.0000,0.0000,0.2706,,,,,-0.1415,0.3184,-0.3819
样本外,C,无,5,60,投票≥3,open,无,-0.1299,-0.4936,-0.2633,-0.4929,0.5274,0.4704,0.1634,,,,,-0.2304,-0.0133,-0.1301
样本外,C,无,5,60,投票≥3,open,-10%,-0.1356,-0.4962,-0.2733,-0.5270,0.5274,0.4704,0.1673,,,,,-0.2345,-0.0273,-0.1301
样本外,C,无,5,60,投票≥3,close,无,-0.1523,-0.5309,-0.2869,-0.6127,0.5271,0.4718,0.1612,,,,,-0.3210,0.1358,-0.2074
样本外,C,无,5,60,投票≥3,close,-10%,-0.1319,-0.5121,-0.2576,-0.5131,0.5268,0.4732,0.1648,,,,,-0.2938,0.1721,-0.2074
样本外,C,无,10,20,不择时,open,无,-0.2191,-0.5923,-0.3699,-0.6917,1.0000,0.0000,0.4873,,,,,-0.1337,0.0801,-0.4885
样本外,C,无,10,20,不择时,open,-10%,-0.2202,-0.5984,-0.3680,-0.6974,1.0000,0.0000,0.4999,,,,,-0.1370,0.0616,-0.4798
样本外,C,无,10,20,不择时,close,无,-0.2286,-0.5918,-0.3863,-0.7277,1.0000,0.0000,0.4842,,,,,-0.2299,-0.0054,-0.3975
样本外,C,无,10,20,不择时,close,-10%,-0.2277,-0.5945,-0.3831,-0.7185,1.0000,0.0000,0.4917,,,,,-0.2427,0.0159,-0.3982
样本外,C,无,10,20,投票≥3,open,无,-0.1840,-0.5007,-0.3675,-0.8968,0.5274,0.4691,0.2942,,,,,-0.3095,-0.0136,-0.1991
样本外,C,无,10,20,投票≥3,open,-10%,-0.1843,-0.5010,-0.3679,-0.9010,0.5274,0.4691,0.2977,,,,,-0.3087,-0.0150,-0.1997
样本外,C,无,10,20,投票≥3,close,无,-0.2110,-0.5305,-0.3977,-1.0205,0.5270,0.4718,0.2924,,,,,-0.3435,-0.1113,-0.1539
样本外,C,无,10,20,投票≥3,close,-10%,-0.2048,-0.5195,-0.3942,-0.9796,0.5270,0.4718,0.2938,,,,,-0.3360,-0.1007,-0.1539
样本外,C,无,10,60,不择时,open,无,-0.0134,-0.4452,-0.0302,0.1025,1.0000,0.0000,0.2827,,,,,0.0796,0.1943,-0.2551
样本外,C,无,10,60,不择时,open,-10%,-0.0045,-0.4392,-0.0103,0.1321,1.0000,0.0000,0.3055,,,,,0.0979,0.2328,-0.2711
样本外,C,无,10,60,不择时,close,无,-0.0363,-0.4765,-0.0762,0.0202,1.0000,0.0000,0.2803,,,,,-0.1328,0.3783,-0.2506
样本外,C,无,10,60,不择时,close,-10%,-0.0644,-0.4816,-0.1337,-0.0800,1.0000,0.0000,0.2939,,,,,-0.1095,0.2686,-0.2740
样本外,C,无,10,60,投票≥3,open,无,-0.0562,-0.4396,-0.1279,-0.1777,0.5272,0.4691,0.1823,,,,,-0.2317,0.0862,0.0085
样本外,C,无,10,60,投票≥3,open,-10%,-0.0533,-0.4360,-0.1224,-0.1639,0.5272,0.4691,0.1862,,,,,-0.2268,0.0895,0.0081
样本外,C,无,10,60,投票≥3,close,无,-0.1282,-0.5018,-0.2555,-0.5710,0.5270,0.4718,0.1810,,,,,-0.3299,0.1114,-0.1078
样本外,C,无,10,60,投票≥3,close,-10%,-0.1268,-0.4966,-0.2554,-0.5647,0.5268,0.4732,0.1834,,,,,-0.3229,0.1065,-0.1090
样本外,C,30,5,20,不择时,open,无,-0.1007,-0.3936,-0.2558,-0.1865,0.9464,0.0000,0.4281,,,,,-0.0484,0.2153,-0.3697
样本外,C,30,5,20,不择时,open,-10%,-0.0999,-0.3988,-0.2504,-0.1841,0.9464,0.0000,0.4393,,,,,-0.0710,0.1934,-0.3407
样本外,C,30,5,20,不择时,close,无,-0.1173,-0.4330,-0.2709,-0.2567,0.9453,0.0000,0.4267,,,,,-0.0069,0.1826,-0.4129
样本外,C,30,5,20,不择时,close,-10%,-0.1484,-0.4578,-0.3242,-0.3683,0.9455,0.0000,0.4338,,,,,-0.0683,0.1713,-0.4322
样本外,C,30,5,20,投票≥3,open,无,-0.1444,-0.5194,-0.2781,-0.6658,0.4938,0.4704,0.2611,,,,,-0.2468,-0.0778,-0.0956
样本外,C,30,5,20,投票≥3,open,-10%,-0.1408,-0.5090,-0.2767,-0.6474,0.4933,0.4704,0.2630,,,,,-0.2306,-0.0858,-0.0956
样本外,C,30,5,20,投票≥3,close,无,-0.1711,-0.4875,-0.3509,-0.8261,0.4919,0.4732,0.2600,,,,,-0.2716,-0.1381,-0.0892
样本外,C,30,5,20,投票≥3,close,-10%,-0.1699,-0.4853,-0.3501,-0.8228,0.4919,0.4732,0.2616,,,,,-0.2615,-0.1463,-0.0892
样本外,C,30,5,60,不择时,open,无,0.1218,-0.4537,0.2684,0.5162,0.9917,0.0000,0.2220,,,,,0.4867,0.2210,-0.2242
样本外,C,30,5,60,不择时,open,-10%,0.0595,-0.4987,0.1193,0.3407,0.9915,0.0000,0.2369,,,,,0.4244,0.1777,-0.2919
样本外,C,30,5,60,不择时,close,无,0.1293,-0.4756,0.2718,0.5350,0.9909,0.0000,0.2195,,,,,0.1719,0.5392,-0.2036
样本外,C,30,5,60,不择时,close,-10%,0.1707,-0.4347,0.3926,0.6472,0.9909,0.0000,0.2308,,,,,0.1875,0.5424,-0.1269
样本外,C,30,5,60,投票≥3,open,无,-0.0117,-0.4067,-0.0289,0.0504,0.5205,0.4704,0.1472,,,,,-0.0404,-0.0462,0.0547
样本外,C,30,5,60,投票≥3,open,-10%,-0.0159,-0.4077,-0.0389,0.0301,0.5202,0.4704,0.1488,,,,,-0.0509,-0.0509,0.0585
样本外,C,30,5,60,投票≥3,close,无,-0.0297,-0.3765,-0.0789,-0.0313,0.5199,0.4718,0.1469,,,,,-0.1271,0.0621,-0.0140
样本外,C,30,5,60,投票≥3,close,-10%,-0.0191,-0.3744,-0.0509,0.0175,0.5197,0.4732,0.1488,,,,,-0.1113,0.0621,0.0004
样本外,C,30,10,20,不择时,open,无,0.0150,-0.3641,0.0411,0.1808,0.6935,0.0000,0.3550,,,,,0.2004,0.2381,-0.2967
样本外,C,30,10,20,不择时,open,-10%,-0.0102,-0.3618,-0.0281,0.0718,0.6887,0.0000,0.3596,,,,,0.1678,0.1838,-0.2983
样本外,C,30,10,20,不择时,close,无,0.0007,-0.3726,0.0020,0.1172,0.6911,0.0000,0.3522,,,,,0.1538,0.1137,-0.2201
样本外,C,30,10,20,不择时,close,-10%,-0.0230,-0.3779,-0.0610,0.0106,0.6873,0.0000,0.3562,,,,,0.1038,0.1186,-0.2445
样本外,C,30,10,20,投票≥3,open,无,-0.0741,-0.3522,-0.2104,-0.4942,0.3356,0.4691,0.1946,,,,,-0.1500,-0.0105,-0.0548
样本外,C,30,10,20,投票≥3,open,-10%,-0.0719,-0.3487,-0.2063,-0.4785,0.3348,0.4691,0.1952,,,,,-0.1445,-0.0099,-0.0548
样本外,C,30,10,20,投票≥3,close,无,-0.0767,-0.3189,-0.2404,-0.5198,0.3337,0.4718,0.1931,,,,,-0.1171,-0.1047,-0.0026
样本外,C,30,10,20,投票≥3,close,-10%,-0.0762,-0.3235,-0.2355,-0.5159,0.3330,0.4718,0.1935,,,,,-0.1148,-0.1055,-0.0026
样本外,C,30,10,60,不择时,open,无,0.1317,-0.3438,0.3832,0.5879,0.8996,0.0000,0.2290,,,,,0.2012,0.3297,-0.0947
样本外,C,30,10,60,不择时,open,-10%,0.1001,-0.3598,0.2781,0.4858,0.8939,0.0000,0.2398,,,,,0.2081,0.2720,-0.1354
样本外,C,30,10,60,不择时,close,无,0.1339,-0.4125,0.3245,0.5967,0.8999,0.0000,0.2268,,,,,0.2003,0.4173,-0.1453
样本外,C,30,10,60,不择时,close,-10%,0.1072,-0.4135,0.2592,0.5115,0.8941,0.0000,0.2348,,,,,0.1489,0.3679,-0.1383
样本外,C,30,10,60,投票≥3,open,无,-0.0222,-0.3845,-0.0578,-0.0483,0.4492,0.4622,0.1400,,,,,-0.1492,0.0481,0.0488
样本外,C,30,10,60,投票≥3,open,-10%,-0.0285,-0.3891,-0.0733,-0.0888,0.4480,0.4622,0.1414,,,,,-0.1549,0.0392,0.0445
样本外,C,30,10,60,投票≥3,close,无,-0.0450,-0.3501,-0.1285,-0.1886,0.4480,0.4649,0.1385,,,,,-0.1677,0.0362,0.0109
样本外,C,30,10,60,投票≥3,close,-10%,-0.0471,-0.3509,-0.1343,-0.2033,0.4470,0.4649,0.1393,,,,,-0.1665,0.0259,0.0128
样本外,C,100,5,20,不择时,open,无,-0.1139,-0.5208,-0.2187,-0.2180,1.0000,0.0000,0.4098,,,,,0.1908,0.1488,-0.4901
样本外,C,100,5,20,不择时,open,-10%,-0.1062,-0.5291,-0.2006,-0.1894,1.0000,0.0000,0.4210,,,,,0.2650,0.1517,-0.5087
样本外,C,100,5,20,不择时,close,无,-0.0691,-0.4186,-0.1651,-0.0680,1.0000,0.0000,0.4070,,,,,-0.0157,0.2958,-0.3666
样本外,C,100,5,20,不择时,close,-10%,-0.0820,-0.4487,-0.1828,-0.1092,1.0000,0.0000,0.4139,,,,,0.0010,0.2860,-0.3980
样本外,C,100,5,20,投票≥3,open,无,-0.1487,-0.4550,-0.3269,-0.6345,0.5274,0.4704,0.2514,,,,,-0.1863,-0.0198,-0.2241
样本外,C,100,5,20,投票≥3,open,-10%,-0.1354,-0.4323,-0.3131,-0.5693,0.5268,0.4732,0.2542,,,,,-0.1524,-0.0142,-0.2241
样本外,C,100,5,20,投票≥3,close,无,-0.1400,-0.4843,-0.2891,-0.5906,0.5268,0.4732,0.2506,,,,,-0.2288,-0.0534,-0.1260
样本外,C,100,5,20,投票≥3,close,-10%,-0.1333,-0.4783,-0.2788,-0.5548,0.5268,0.4732,0.2523,,,,,-0.2198,-0.0425,-0.1260
样本外,C,100,5,60,不择时,open,无,0.1159,-0.4915,0.2357,0.5026,1.0000,0.0000,0.2304,,,,,0.3973,0.3486,-0.2644
样本外,C,100,5,60,不择时,open,-10%,0.1277,-0.4799,0.2661,0.5332,1.0000,0.0000,0.2475,,,,,0.3269,0.4120,-0.2364
样本外,C,100,5,60,不择时,close,无,0.0700,-0.4791,0.1460,0.3720,1.0000,0.0000,0.2287,,,,,0.0730,0.4701,-0.2246
样本外,C,100,5,60,不择时,close,-10%,0.0585,-0.4801,0.1218,0.3376,1.0000,0.0000,0.2414,,,,,0.0638,0.4516,-0.2328
样本外,C,100,5,60,投票≥3,open,无,-0.0408,-0.3665,-0.1112,-0.0929,0.5274,0.4704,0.1510,,,,,-0.0759,-0.0014,-0.0428
样本外,C,100,5,60,投票≥3,open,-10%,-0.0504,-0.3874,-0.1300,-0.1400,0.5274,0.4704,0.1546,,,,,-0.1063,0.0022,-0.0428
样本外,C,100,5,60,投票≥3,close,无,-0.0967,-0.4179,-0.2314,-0.3758,0.5271,0.4718,0.1494,,,,,-0.1365,0.0267,-0.1670
样本外,C,100,5,60,投票≥3,close,-10%,-0.0900,-0.4262,-0.2112,-0.3393,0.5268,0.4732,0.1519,,,,,-0.1494,0.0655,-0.1670
样本外,C,100,10,20,不择时,open,无,-0.1247,-0.4605,-0.2707,-0.3155,1.0000,0.0000,0.5048,,,,,-0.0393,0.1355,-0.3835
样本外,C,100,10,20,不择时,open,-10%,-0.1467,-0.4993,-0.2939,-0.4002,1.0000,0.0000,0.5142,,,,,-0.0335,0.0735,-0.3992
样本外,C,100,10,20,不择时,close,无,-0.1641,-0.5041,-0.3256,-0.4871,1.0000,0.0000,0.5017,,,,,-0.1538,0.1307,-0.3874
样本外,C,100,10,20,不择时,close,-10%,-0.1682,-0.5032,-0.3342,-0.5048,1.0000,0.0000,0.5083,,,,,-0.1616,0.1272,-0.3887
样本外,C,100,10,20,投票≥3,open,无,-0.1680,-0.4629,-0.3631,-0.8662,0.5272,0.4691,0.3006,,,,,-0.2543,-0.0841,-0.1537
样本外,C,100,10,20,投票≥3,open,-10%,-0.1671,-0.4563,-0.3661,-0.8637,0.5272,0.4691,0.3026,,,,,-0.2452,-0.0920,-0.1537
样本外,C,100,10,20,投票≥3,close,无,-0.1277,-0.4379,-0.2915,-0.6185,0.5268,0.4732,0.2996,,,,,-0.2453,-0.0732,-0.0483
样本外,C,100,10,20,投票≥3,close,-10%,-0.1244,-0.4298,-0.2894,-0.5972,0.5268,0.4732,0.3010,,,,,-0.2332,-0.0777,-0.0483
样本外,C,100,10,60,不择时,open,无,0.0778,-0.3840,0.2026,0.4050,1.0000,0.0000,0.2557,,,,,0.2790,0.3005,-0.2484
样本外,C,100,10,60,不择时,open,-10%,0.0565,-0.3851,0.1467,0.3357,1.0000,0.0000,0.2708,,,,,0.2240,0.2702,-0.2423
样本外,C,100,10,60,不择时,close,无,0.0859,-0.4435,0.1936,0.4333,1.0000,0.0000,0.2536,,,,,0.1308,0.4142,-0.2008
样本外,C,100,10,60,不择时,close,-10%,0.0789,-0.4650,0.1696,0.4080,1.0000,0.0000,0.2649,,,,,0.1659,0.4179,-0.2415
样本外,C,100,10,60,投票≥3,open,无,-0.0206,-0.3550,-0.0580,-0.0082,0.5271,0.4704,0.1697,,,,,-0.1176,0.0245,0.0397
样本外,C,100,10,60,投票≥3,open,-10%,-0.0400,-0.3691,-0.1084,-0.1128,0.5271,0.4704,0.1715,,,,,-0.1369,-0.0133,0.0397
样本外,C,100,10,60,投票≥3,close,无,-0.0601,-0.3748,-0.1603,-0.2249,0.5270,0.4718,0.1691,,,,,-0.1728,0.0163,-0.0109
样本外,C,100,10,60,投票≥3,close,-10%,-0.0529,-0.3741,-0.1413,-0.1860,0.5268,0.4732,0.1707,,,,,-0.1699,0.0360,-0.0109
样本外,H5,无,5,20,不择时,open,无,0.3281,-0.3963,0.8278,1.0521,1.0000,0.0000,0.1558,,,,,0.2999,0.6973,0.0555
样本外,H5,无,5,20,不择时,open,-10%,0.2872,-0.3898,0.7369,0.9582,1.0000,0.0000,0.1699,,,,,0.3376,0.6470,-0.0368
样本外,H5,无,5,20,不择时,close,无,0.2083,-0.3885,0.5363,0.7561,1.0000,0.0000,0.1545,,,,,0.0548,0.6501,0.0097
样本外,H5,无,5,20,不择时,close,-10%,0.1498,-0.3947,0.3795,0.6054,1.0000,0.0000,0.1699,,,,,-0.0630,0.6944,-0.0453
样本外,H5,无,5,20,投票≥3,open,无,0.2080,-0.3202,0.6496,1.0512,0.5276,0.4691,0.1065,,,,,-0.0555,0.6115,0.1537
样本外,H5,无,5,20,投票≥3,open,-10%,0.1980,-0.3156,0.6273,1.0028,0.5276,0.4691,0.1076,,,,,-0.0492,0.6579,0.0866
样本外,H5,无,5,20,投票≥3,close,无,0.0787,-0.2890,0.2723,0.4743,0.5274,0.4704,0.1051,,,,,-0.0860,0.3624,0.0064
样本外,H5,无,5,20,投票≥3,close,-10%,0.0832,-0.2656,0.3130,0.4946,0.5274,0.4704,0.1065,,,,,-0.0499,0.3624,-0.0199
样本外,H5,无,5,60,不择时,open,无,0.3003,-0.4120,0.7288,0.9901,1.0000,0.0000,0.0912,,,,,0.4240,0.6086,-0.0454
样本外,H5,无,5,60,不择时,open,-10%,0.4065,-0.3266,1.2447,1.2465,1.0000,0.0000,0.1058,,,,,0.3465,0.8137,0.1315
样本外,H5,无,5,60,不择时,close,无,0.2864,-0.4286,0.6683,0.9507,1.0000,0.0000,0.0887,,,,,0.4614,0.5875,-0.0872
样本外,H5,无,5,60,不择时,close,-10%,0.3388,-0.4250,0.7973,1.0726,1.0000,0.0000,0.1017,,,,,0.3421,0.7326,0.0259
样本外,H5,无,5,60,投票≥3,open,无,0.1643,-0.2960,0.5550,0.8575,0.5276,0.4691,0.0806,,,,,0.0556,0.3126,0.1355
样本外,H5,无,5,60,投票≥3,open,-10%,0.2207,-0.2803,0.7877,1.0750,0.5276,0.4691,0.0828,,,,,0.0792,0.5329,0.0951
样本外,H5,无,5,60,投票≥3,close,无,0.0968,-0.2993,0.3235,0.5498,0.5274,0.4704,0.0803,,,,,0.0015,0.2198,0.0781
样本外,H5,无,5,60,投票≥3,close,-10%,0.1132,-0.2783,0.4068,0.6163,0.5274,0.4704,0.0814,,,,,0.0218,0.3440,0.0023
样本外,H5,无,10,20,不择时,open,无,0.3484,-0.3266,1.0669,1.1907,1.0000,0.0000,0.2051,,,,,0.4509,0.6389,0.0247
样本外,H5,无,10,20,不择时,open,-10%,0.3653,-0.3249,1.1241,1.2318,1.0000,0.0000,0.2175,,,,,0.4840,0.6043,0.0621
样本外,H5,无,10,20,不择时,close,无,0.1968,-0.3882,0.5069,0.7812,1.0000,0.0000,0.2039,,,,,0.1779,0.5071,-0.0379
样本外,H5,无,10,20,不择时,close,-10%,0.1929,-0.3785,0.5097,0.7715,1.0000,0.0000,0.2154,,,,,0.1773,0.4708,-0.0232
样本外,H5,无,10,20,投票≥3,open,无,0.1547,-0.2321,0.6666,0.9384,0.5276,0.4663,0.1283,,,,,0.0264,0.3775,0.0858
样本外,H5,无,10,20,投票≥3,open,-10%,0.1540,-0.2297,0.6705,0.9341,0.5276,0.4663,0.1293,,,,,0.0338,0.3730,0.0795
样本外,H5,无,10,20,投票≥3,close,无,0.0916,-0.2223,0.4121,0.5946,0.5274,0.4691,0.1272,,,,,0.0151,0.2160,0.0519
样本外,H5,无,10,20,投票≥3,close,-10%,0.1002,-0.2209,0.4537,0.6396,0.5274,0.4691,0.1283,,,,,0.0386,0.2136,0.0545
样本外,H5,无,10,60,不择时,open,无,0.4553,-0.3435,1.3254,1.4618,1.0000,0.0000,0.1080,,,,,0.7539,0.5861,0.0994
样本外,H5,无,10,60,不择时,open,-10%,0.4445,-0.3460,1.2847,1.4298,1.0000,0.0000,0.1177,,,,,0.6902,0.6534,0.0704
样本外,H5,无,10,60,不择时,close,无,0.3215,-0.3839,0.8375,1.1283,1.0000,0.0000,0.1058,,,,,0.4739,0.4661,0.0618
样本外,H5,无,10,60,不择时,close,-10%,0.2642,-0.3859,0.6846,0.9812,1.0000,0.0000,0.1157,,,,,0.3722,0.4687,-0.0024
样本外,H5,无,10,60,投票≥3,open,无,0.1995,-0.1958,1.0188,1.1551,0.5275,0.4663,0.0843,,,,,0.2090,0.2604,0.1283
样本外,H5,无,10,60,投票≥3,open,-10%,0.2040,-0.1965,1.0381,1.1713,0.5275,0.4663,0.0850,,,,,0.2221,0.2638,0.1257
样本外,H5,无,10,60,投票≥3,close,无,0.1304,-0.1948,0.6695,0.8007,0.5274,0.4691,0.0834,,,,,0.1579,0.1744,0.0595
样本外,H5,无,10,60,投票≥3,close,-10%,0.1444,-0.1892,0.7632,0.8696,0.5274,0.4691,0.0838,,,,,0.1769,0.1847,0.0719
样本外,H5,30,5,20,不择时,open,无,0.2612,-0.4340,0.6018,0.8813,0.9741,0.0000,0.2547,,,,,0.5550,0.4737,-0.1288
样本外,H5,30,5,20,不择时,open,-10%,0.2829,-0.3726,0.7593,0.9342,0.9739,0.0000,0.2726,,,,,0.4032,0.4261,0.0497
样本外,H5,30,5,20,不择时,close,无,0.2042,-0.4574,0.4464,0.7410,0.9739,0.0000,0.2547,,,,,0.3684,0.4742,-0.1377
样本外,H5,30,5,20,不择时,close,-10%,0.1466,-0.4742,0.3092,0.5860,0.9736,0.0000,0.2674,,,,,0.2814,0.4285,-0.1788
样本外,H5,30,5,20,投票≥3,open,无,0.0070,-0.4257,0.0164,0.1363,0.5095,0.4704,0.1670,,,,,0.0189,-0.0155,0.0177
样本外,H5,30,5,20,投票≥3,open,-10%,-0.0125,-0.4274,-0.0292,0.0398,0.5089,0.4704,0.1684,,,,,-0.0169,-0.0584,0.0407
样本外,H5,30,5,20,投票≥3,close,无,0.0151,-0.3958,0.0380,0.1761,0.5092,0.4704,0.1667,,,,,0.0019,-0.0205,0.0655
样本外,H5,30,5,20,投票≥3,close,-10%,0.0242,-0.3958,0.0612,0.2194,0.5092,0.4704,0.1678,,,,,0.0154,-0.0205,0.0798
样本外,H5,30,5,60,不择时,open,无,0.2556,-0.4300,0.5944,0.8696,0.9953,0.0000,0.1289,,,,,0.6661,0.1945,-0.0101
样本外,H5,30,5,60,不择时,open,-10%,0.2784,-0.4312,0.6458,0.9307,0.9956,0.0000,0.1435,,,,,0.6452,0.2963,-0.0251
样本外,H5,30,5,60,不择时,close,无,0.2263,-0.4623,0.4895,0.7918,0.9953,0.0000,0.1264,,,,,0.5196,0.2010,0.0063
样本外,H5,30,5,60,不择时,close,-10%,0.2607,-0.4332,0.6018,0.8782,0.9948,0.0000,0.1410,,,,,0.5727,0.2903,-0.0173
样本外,H5,30,5,60,投票≥3,open,无,0.0519,-0.4299,0.1208,0.3440,0.5213,0.4704,0.0999,,,,,0.0526,-0.0599,0.1751
样本外,H5,30,5,60,投票≥3,open,-10%,0.0460,-0.4257,0.1080,0.3189,0.5208,0.4732,0.1007,,,,,0.0378,-0.0624,0.1751
样本外,H5,30,5,60,投票≥3,close,无,0.0321,-0.4155,0.0773,0.2543,0.5213,0.4704,0.0996,,,,,0.0965,-0.1507,0.1799
样本外,H5,30,5,60,投票≥3,close,-10%,0.0308,-0.3910,0.0789,0.2490,0.5213,0.4704,0.1001,,,,,0.0485,-0.1152,0.1799
样本外,H5,30,10,20,不择时,open,无,0.2119,-0.3136,0.6758,0.8611,0.8014,0.0000,0.3005,,,,,0.4318,0.3687,-0.0952
样本外,H5,30,10,20,不择时,open,-10%,0.2066,-0.2863,0.7216,0.8596,0.7908,0.0000,0.3115,,,,,0.4383,0.3240,-0.0811
样本外,H5,30,10,20,不择时,close,无,0.1264,-0.3962,0.3190,0.5907,0.7994,0.0000,0.2981,,,,,0.2548,0.3549,-0.1615
样本外,H5,30,10,20,不择时,close,-10%,0.0937,-0.3753,0.2497,0.4782,0.7930,0.0000,0.3046,,,,,0.2093,0.3310,-0.1887
样本外,H5,30,10,20,投票≥3,open,无,0.0090,-0.3283,0.0273,0.1355,0.3999,0.4704,0.1682,,,,,0.0005,0.0112,0.0151
样本外,H5,30,10,20,投票≥3,open,-10%,-0.0075,-0.3290,-0.0228,0.0281,0.3977,0.4704,0.1689,,,,,-0.0240,-0.0023,0.0041
样本外,H5,30,10,20,投票≥3,close,无,-0.0289,-0.3058,-0.0947,-0.1101,0.3985,0.4704,0.1670,,,,,-0.0842,-0.0040,0.0044
样本外,H5,30,10,20,投票≥3,close,-10%,-0.0257,-0.3058,-0.0842,-0.0885,0.3983,0.4704,0.1674,,,,,-0.0769,-0.0040,0.0063
样本外,H5,30,10,60,不择时,open,无,0.2441,-0.4316,0.5655,0.9011,0.9641,0.0000,0.1432,,,,,0.6645,0.3689,-0.1587
样本外,H5,30,10,60,不择时,open,-10%,0.3181,-0.3624,0.8778,1.1096,0.9619,0.0000,0.1597,,,,,0.7112,0.3685,-0.0276
样本外,H5,30,10,60,不择时,close,无,0.1261,-0.4629,0.2724,0.5592,0.9641,0.0000,0.1426,,,,,0.3878,0.2873,-0.2026
样本外,H5,30,10,60,不择时,close,-10%,0.1449,-0.4242,0.3417,0.6205,0.9627,0.0000,0.1538,,,,,0.3575,0.2404,-0.1112
样本外,H5,30,10,60,投票≥3,open,无,0.0690,-0.3423,0.2016,0.4718,0.4849,0.4704,0.0983,,,,,0.0851,0.0150,0.1077
样本外,H5,30,10,60,投票≥3,open,-10%,0.0603,-0.3429,0.1758,0.4258,0.4842,0.4732,0.0994,,,,,0.0748,0.0080,0.0989
样本外,H5,30,10,60,投票≥3,close,无,0.0167,-0.3214,0.0519,0.1825,0.4842,0.4704,0.0978,,,,,0.0294,-0.0557,0.0808
样本外,H5,30,10,60,投票≥3,close,-10%,0.0211,-0.3055,0.0692,0.2076,0.4847,0.4704,0.0982,,,,,0.0259,-0.0419,0.0828
样本外,H5,100,5,20,不择时,open,无,0.1872,-0.4489,0.4170,0.6912,1.0000,0.0000,0.1812,,,,,0.4975,0.3148,-0.1532
样本外,H5,100,5,20,不择时,open,-10%,0.1237,-0.4415,0.2801,0.5251,1.0000,0.0000,0.1963,,,,,0.3283,0.2693,-0.1605
样本外,H5,100,5,20,不择时,close,无,0.1604,-0.4651,0.3449,0.6215,1.0000,0.0000,0.1803,,,,,0.3286,0.3960,-0.1601
样本外,H5,100,5,20,不择时,close,-10%,0.1183,-0.4675,0.2531,0.5114,1.0000,0.0000,0.1941,,,,,0.2453,0.3386,-0.1629
样本外,H5,100,5,20,投票≥3,open,无,0.1136,-0.3878,0.2929,0.6183,0.5274,0.4704,0.1188,,,,,0.0892,0.1542,0.0961
样本外,H5,100,5,20,投票≥3,open,-10%,0.1163,-0.3858,0.3014,0.6288,0.5274,0.4704,0.1202,,,,,0.0965,0.1623,0.0889
样本外,H5,100,5,20,投票≥3,close,无,0.0802,-0.3159,0.2538,0.4671,0.5274,0.4704,0.1183,,,,,0.0208,0.1210,0.0996
样本外,H5,100,5,20,投票≥3,close,-10%,0.0992,-0.3159,0.3139,0.5476,0.5274,0.4704,0.1202,,,,,0.0775,0.1189,0.0993
样本外,H5,100,5,60,不择时,open,无,0.3680,-0.4058,0.9067,1.1150,1.0000,0.0000,0.1044,,,,,0.7394,0.5304,-0.0444
样本外,H5,100,5,60,不择时,open,-10%,0.2598,-0.4071,0.6382,0.8651,1.0000,0.0000,0.1217,,,,,0.5059,0.3097,0.0090
样本外,H5,100,5,60,不择时,close,无,0.3974,-0.4321,0.9197,1.1767,1.0000,0.0000,0.1036,,,,,0.6800,0.6902,-0.0456
样本外,H5,100,5,60,不择时,close,-10%,0.3049,-0.4643,0.6567,0.9704,1.0000,0.0000,0.1168,,,,,0.6128,0.4587,-0.0606
样本外,H5,100,5,60,投票≥3,open,无,0.0594,-0.3972,0.1496,0.3821,0.5274,0.4704,0.0861,,,,,0.1409,-0.0475,0.0929
样本外,H5,100,5,60,投票≥3,open,-10%,0.0826,-0.3968,0.2082,0.4875,0.5274,0.4704,0.0891,,,,,0.1683,0.0075,0.0762
样本外,H5,100,5,60,投票≥3,close,无,0.0709,-0.3635,0.1950,0.4223,0.5274,0.4704,0.0861,,,,,0.1858,-0.0412,0.0786
样本外,H5,100,5,60,投票≥3,close,-10%,0.1065,-0.3370,0.3161,0.5760,0.5271,0.4718,0.0878,,,,,0.2097,0.0479,0.0666
样本外,H5,100,10,20,不择时,open,无,0.1284,-0.3944,0.3255,0.5600,1.0000,0.0000,0.2736,,,,,0.4389,0.2634,-0.2117
样本外,H5,100,10,20,不择时,open,-10%,0.1140,-0.4058,0.2809,0.5171,1.0000,0.0000,0.2872,,,,,0.4220,0.2338,-0.2138
样本外,H5,100,10,20,不择时,close,无,0.1335,-0.4010,0.3330,0.5817,1.0000,0.0000,0.2732,,,,,0.3672,0.2631,-0.1588
样本外,H5,100,10,20,不择时,close,-10%,0.1157,-0.4135,0.2797,0.5274,1.0000,0.0000,0.2843,,,,,0.3438,0.2301,-0.1618
样本外,H5,100,10,20,投票≥3,open,无,0.0483,-0.3331,0.1450,0.3593,0.5272,0.4691,0.1664,,,,,0.0508,0.0923,0.0028
样本外,H5,100,10,20,投票≥3,open,-10%,0.0538,-0.3341,0.1611,0.3894,0.5272,0.4691,0.1680,,,,,0.0680,0.0901,0.0042
样本外,H5,100,10,20,投票≥3,close,无,0.0582,-0.3315,0.1757,0.4104,0.5272,0.4691,0.1659,,,,,0.1060,0.0463,0.0230
样本外,H5,100,10,20,投票≥3,close,-10%,0.0616,-0.3315,0.1859,0.4285,0.5272,0.4691,0.1675,,,,,0.1153,0.0392,0.0311
样本外,H5,100,10,60,不择时,open,无,0.2781,-0.3890,0.7150,0.9918,1.0000,0.0000,0.1242,,,,,0.7799,0.2277,-0.0493
样本外,H5,100,10,60,不择时,open,-10%,0.3295,-0.3759,0.8766,1.1292,1.0000,0.0000,0.1370,,,,,0.8332,0.3011,-0.0204
样本外,H5,100,10,60,不择时,close,无,0.2380,-0.4144,0.5742,0.8833,1.0000,0.0000,0.1224,,,,,0.5807,0.2779,-0.0649
样本外,H5,100,10,60,不择时,close,-10%,0.2252,-0.3948,0.5703,0.8523,1.0000,0.0000,0.1344,,,,,0.5037,0.3004,-0.0634
样本外,H5,100,10,60,投票≥3,open,无,0.1141,-0.3404,0.3351,0.6956,0.5274,0.4677,0.0912,,,,,0.2457,-0.0064,0.1146
样本外,H5,100,10,60,投票≥3,open,-10%,0.1323,-0.3406,0.3885,0.7847,0.5274,0.4677,0.0926,,,,,0.2700,0.0227,0.1149
样本外,H5,100,10,60,投票≥3,close,无,0.0974,-0.3330,0.2924,0.5939,0.5272,0.4691,0.0905,,,,,0.2157,-0.0197,0.1068
样本外,H5,100,10,60,投票≥3,close,-10%,0.1088,-0.3212,0.3386,0.6504,0.5272,0.4691,0.0915,,,,,0.2381,-0.0016,0.1004
样本外,C+H5,无,5,20,不择时,open,无,0.1405,-0.3901,0.3602,0.5680,1.0000,0.0000,0.2794,,,,,0.2814,0.2550,-0.0800
样本外,C+H5,无,5,20,不择时,open,-10%,0.1110,-0.3937,0.2818,0.4875,1.0000,0.0000,0.2890,,,,,0.2239,0.2423,-0.1001
样本外,C+H5,无,5,20,不择时,close,无,0.0692,-0.4681,0.1478,0.3681,1.0000,0.0000,0.2766,,,,,0.1250,0.3357,-0.1877
样本外,C+H5,无,5,20,不择时,close,-10%,0.0676,-0.4643,0.1456,0.3639,1.0000,0.0000,0.2827,,,,,0.1147,0.3180,-0.1729
样本外,C+H5,无,5,20,投票≥3,open,无,-0.0248,-0.4668,-0.0531,-0.0106,0.5274,0.4704,0.1733,,,,,-0.1161,-0.0162,0.0671
样本外,C+H5,无,5,20,投票≥3,open,-10%,-0.0270,-0.4625,-0.0583,-0.0221,0.5274,0.4704,0.1747,,,,,-0.1256,-0.0133,0.0683
样本外,C+H5,无,5,20,投票≥3,close,无,-0.1066,-0.4143,-0.2574,-0.4375,0.5271,0.4718,0.1719,,,,,-0.1961,-0.0367,-0.0772
样本外,C+H5,无,5,20,投票≥3,close,-10%,-0.0954,-0.4100,-0.2328,-0.3761,0.5271,0.4718,0.1736,,,,,-0.1902,-0.0367,-0.0493
样本外,C+H5,无,5,60,不择时,open,无,0.2909,-0.3669,0.7928,0.9481,1.0000,0.0000,0.1602,,,,,0.7566,0.3121,-0.0715
样本外,C+H5,无,5,60,不择时,open,-10%,0.2979,-0.4066,0.7326,0.9516,1.0000,0.0000,0.1759,,,,,0.6227,0.3873,-0.0340
样本外,C+H5,无,5,60,不择时,close,无,0.2065,-0.4532,0.4555,0.7345,1.0000,0.0000,0.1589,,,,,0.6061,0.2586,-0.1346
样本外,C+H5,无,5,60,不择时,close,-10%,0.1981,-0.4675,0.4237,0.7141,1.0000,0.0000,0.1685,,,,,0.4256,0.3197,-0.0893
样本外,C+H5,无,5,60,投票≥3,open,无,0.0750,-0.3881,0.1932,0.4430,0.5274,0.4704,0.1103,,,,,0.0651,0.1034,0.0555
样本外,C+H5,无,5,60,投票≥3,open,-10%,0.0812,-0.3881,0.2091,0.4677,0.5274,0.4704,0.1120,,,,,0.0713,0.1102,0.0608
样本外,C+H5,无,5,60,投票≥3,close,无,0.0064,-0.3348,0.0191,0.1378,0.5271,0.4718,0.1092,,,,,-0.1082,0.1655,-0.0194
样本外,C+H5,无,5,60,投票≥3,close,-10%,0.0116,-0.3327,0.0349,0.1619,0.5271,0.4718,0.1106,,,,,-0.1041,0.1655,-0.0088
样本外,C+H5,无,10,20,不择时,open,无,0.1083,-0.3477,0.3114,0.4998,1.0000,0.0000,0.3382,,,,,0.1624,0.3140,-0.1107
样本外,C+H5,无,10,20,不择时,open,-10%,0.1098,-0.3246,0.3384,0.5056,1.0000,0.0000,0.3487,,,,,0.1708,0.2886,-0.0958
样本外,C+H5,无,10,20,不择时,close,无,0.0081,-0.4305,0.0187,0.1712,1.0000,0.0000,0.3343,,,,,-0.0002,0.2790,-0.1990
样本外,C+H5,无,10,20,不择时,close,-10%,0.0015,-0.4337,0.0035,0.1486,1.0000,0.0000,0.3429,,,,,-0.0238,0.2865,-0.2002
样本外,C+H5,无,10,20,投票≥3,open,无,-0.0098,-0.4168,-0.0236,0.0382,0.5272,0.4691,0.1988,,,,,-0.1377,0.0354,0.0875
样本外,C+H5,无,10,20,投票≥3,open,-10%,-0.0113,-0.4130,-0.0275,0.0301,0.5272,0.4691,0.2001,,,,,-0.1330,0.0328,0.0794
样本外,C+H5,无,10,20,投票≥3,close,无,-0.0563,-0.3456,-0.1628,-0.2281,0.5271,0.4704,0.1979,,,,,-0.1577,-0.0136,0.0130
样本外,C+H5,无,10,20,投票≥3,close,-10%,-0.0539,-0.3456,-0.1560,-0.2152,0.5271,0.4704,0.1990,,,,,-0.1516,-0.0178,0.0174
样本外,C+H5,无,10,60,不择时,open,无,0.2126,-0.4359,0.4877,0.8114,1.0000,0.0000,0.1779,,,,,0.5795,0.3386,-0.1600
样本外,C+H5,无,10,60,不择时,open,-10%,0.2196,-0.4074,0.5390,0.8304,1.0000,0.0000,0.1913,,,,,0.5736,0.3148,-0.1267
样本外,C+H5,无,10,60,不择时,close,无,0.1953,-0.4581,0.4264,0.7629,1.0000,0.0000,0.1762,,,,,0.4717,0.4277,-0.1902
样本外,C+H5,无,10,60,不择时,close,-10%,0.2143,-0.4436,0.4831,0.8206,1.0000,0.0000,0.1871,,,,,0.4743,0.4651,-0.1743
样本外,C+H5,无,10,60,投票≥3,open,无,0.0530,-0.3443,0.1539,0.3717,0.5274,0.4677,0.1205,,,,,0.0159,0.0294,0.1152
样本外,C+H5,无,10,60,投票≥3,open,-10%,0.0500,-0.3415,0.1463,0.3553,0.5274,0.4677,0.1210,,,,,0.0214,0.0312,0.0979
样本外,C+H5,无,10,60,投票≥3,close,无,0.0224,-0.3216,0.0697,0.2123,0.5272,0.4691,0.1199,,,,,-0.0529,0.0584,0.0658
样本外,C+H5,无,10,60,投票≥3,close,-10%,0.0295,-0.3216,0.0918,0.2488,0.5272,0.4691,0.1202,,,,,-0.0402,0.0600,0.0720
样本外,C+H5,30,5,20,不择时,open,无,0.1547,-0.3580,0.4322,0.6117,0.9791,0.0000,0.2677,,,,,0.4292,0.1379,-0.0560
样本外,C+H5,30,5,20,不择时,open,-10%,0.1276,-0.3781,0.3376,0.5365,0.9791,0.0000,0.2779,,,,,0.3647,0.1264,-0.0695
样本外,C+H5,30,5,20,不择时,close,无,0.0817,-0.4558,0.1792,0.4041,0.9791,0.0000,0.2649,,,,,0.1927,0.3014,-0.1860
样本外,C+H5,30,5,20,不择时,close,-10%,0.0813,-0.4525,0.1796,0.4033,0.9785,0.0000,0.2721,,,,,0.1818,0.2842,-0.1683
样本外,C+H5,30,5,20,投票≥3,open,无,-0.0127,-0.4418,-0.0288,0.0447,0.5144,0.4704,0.1634,,,,,-0.0272,-0.0789,0.0742
样本外,C+H5,30,5,20,投票≥3,open,-10%,-0.0149,-0.4373,-0.0341,0.0333,0.5144,0.4704,0.1648,,,,,-0.0376,-0.0761,0.0755
样本外,C+H5,30,5,20,投票≥3,close,无,-0.1044,-0.4089,-0.2553,-0.4235,0.5139,0.4718,0.1626,,,,,-0.1690,-0.1064,-0.0304
样本外,C+H5,30,5,20,投票≥3,close,-10%,-0.0932,-0.4046,-0.2303,-0.3624,0.5139,0.4718,0.1642,,,,,-0.1629,-0.1064,-0.0010
样本外,C+H5,30,5,60,不择时,open,无,0.2742,-0.3628,0.7557,0.9143,0.9939,0.0000,0.1593,,,,,0.8590,0.1916,-0.0708
样本外,C+H5,30,5,60,不择时,open,-10%,0.2729,-0.4013,0.6802,0.8983,0.9939,0.0000,0.1747,,,,,0.7173,0.2748,-0.0625
样本外,C+H5,30,5,60,不择时,close,无,0.1932,-0.4423,0.4368,0.7054,0.9939,0.0000,0.1590,,,,,0.6588,0.2280,-0.1690
样本外,C+H5,30,5,60,不择时,close,-10%,0.1950,-0.4606,0.4233,0.7119,0.9931,0.0000,0.1681,,,,,0.5102,0.3097,-0.1404
样本外,C+H5,30,5,60,投票≥3,open,无,0.0446,-0.3792,0.1177,0.3121,0.5210,0.4704,0.1098,,,,,0.0853,0.0140,0.0349
样本外,C+H5,30,5,60,投票≥3,open,-10%,0.0543,-0.3792,0.1432,0.3545,0.5210,0.4704,0.1114,,,,,0.0917,0.0202,0.0511
样本外,C+H5,30,5,60,投票≥3,close,无,-0.0139,-0.3719,-0.0373,0.0430,0.5210,0.4718,0.1081,,,,,-0.0914,0.0688,-0.0123
样本外,C+H5,30,5,60,投票≥3,close,-10%,-0.0088,-0.3691,-0.0238,0.0677,0.5210,0.4718,0.1095,,,,,-0.0872,0.0688,-0.0016
样本外,C+H5,30,10,20,不择时,open,无,0.1763,-0.3032,0.5812,0.7460,0.8415,0.0000,0.2699,,,,,0.3503,0.2882,-0.0675
样本外,C+H5,30,10,20,不择时,open,-10%,0.1647,-0.2931,0.5620,0.7176,0.8366,0.0000,0.2763,,,,,0.3720,0.2623,-0.0905
样本外,C+H5,30,10,20,不择时,close,无,0.0974,-0.3498,0.2784,0.4876,0.8403,0.0000,0.2669,,,,,0.2029,0.2542,-0.1257
样本外,C+H5,30,10,20,不择时,close,-10%,0.0734,-0.3515,0.2090,0.4047,0.8365,0.0000,0.2724,,,,,0.1843,0.2378,-0.1574
样本外,C+H5,30,10,20,投票≥3,open,无,0.0104,-0.3477,0.0299,0.1454,0.4272,0.4691,0.1527,,,,,-0.0583,0.0205,0.0732
样本外,C+H5,30,10,20,投票≥3,open,-10%,0.0054,-0.3483,0.0155,0.1150,0.4265,0.4691,0.1534,,,,,-0.0644,0.0162,0.0688
样本外,C+H5,30,10,20,投票≥3,close,无,-0.0581,-0.3172,-0.1832,-0.2947,0.4257,0.4704,0.1513,,,,,-0.1125,-0.0683,0.0118
样本外,C+H5,30,10,20,投票≥3,close,-10%,-0.0587,-0.3172,-0.1852,-0.3000,0.4253,0.4704,0.1520,,,,,-0.1079,-0.0767,0.0137
样本外,C+H5,30,10,60,不择时,open,无,0.2048,-0.4036,0.5073,0.7986,0.9567,0.0000,0.1677,,,,,0.5981,0.3115,-0.1688
样本外,C+H5,30,10,60,不择时,open,-10%,0.2210,-0.3730,0.5925,0.8496,0.9539,0.0000,0.1818,,,,,0.5653,0.2854,-0.0989
样本外,C+H5,30,10,60,不择时,close,无,0.1092,-0.4475,0.2441,0.5093,0.9565,0.0000,0.1655,,,,,0.2906,0.3903,-0.2410
样本外,C+H5,30,10,60,不择时,close,-10%,0.1276,-0.4178,0.3055,0.5699,0.9542,0.0000,0.1765,,,,,0.2652,0.3659,-0.1723
样本外,C+H5,30,10,60,投票≥3,open,无,-0.0052,-0.3414,-0.0152,0.0593,0.4869,0.4622,0.1065,,,,,-0.0726,-0.0043,0.0663
样本外,C+H5,30,10,60,投票≥3,open,-10%,-0.0091,-0.3385,-0.0268,0.0372,0.4865,0.4622,0.1074,,,,,-0.0676,-0.0132,0.0578
样本外,C+H5,30,10,60,投票≥3,close,无,-0.0370,-0.3409,-0.1086,-0.1191,0.4865,0.4635,0.1055,,,,,-0.1616,0.0351,0.0297
样本外,C+H5,30,10,60,投票≥3,close,-10%,-0.0316,-0.3250,-0.0974,-0.0888,0.4862,0.4635,0.1061,,,,,-0.1413,0.0257,0.0316
样本外,C+H5,100,5,20,不择时,open,无,0.1405,-0.3901,0.3602,0.5680,1.0000,0.0000,0.2794,,,,,0.2814,0.2550,-0.0800
样本外,C+H5,100,5,20,不择时,open,-10%,0.1110,-0.3937,0.2818,0.4875,1.0000,0.0000,0.2890,,,,,0.2239,0.2423,-0.1001
样本外,C+H5,100,5,20,不择时,close,无,0.0692,-0.4681,0.1478,0.3681,1.0000,0.0000,0.2766,,,,,0.1250,0.3357,-0.1877
样本外,C+H5,100,5,20,不择时,close,-10%,0.0676,-0.4643,0.1456,0.3639,1.0000,0.0000,0.2827,,,,,0.1147,0.3180,-0.1729
样本外,C+H5,100,5,20,投票≥3,open,无,-0.0248,-0.4668,-0.0531,-0.0106,0.5274,0.4704,0.1733,,,,,-0.1161,-0.0162,0.0671
样本外,C+H5,100,5,20,投票≥3,open,-10%,-0.0270,-0.4625,-0.0583,-0.0221,0.5274,0.4704,0.1747,,,,,-0.1256,-0.0133,0.0683
样本外,C+H5,100,5,20,投票≥3,close,无,-0.1066,-0.4143,-0.2574,-0.4375,0.5271,0.4718,0.1719,,,,,-0.1961,-0.0367,-0.0772
样本外,C+H5,100,5,20,投票≥3,close,-10%,-0.0954,-0.4100,-0.2328,-0.3761,0.5271,0.4718,0.1736,,,,,-0.1902,-0.0367,-0.0493
样本外,C+H5,100,5,60,不择时,open,无,0.2909,-0.3669,0.7928,0.9481,1.0000,0.0000,0.1602,,,,,0.7566,0.3121,-0.0715
样本外,C+H5,100,5,60,不择时,open,-10%,0.2979,-0.4066,0.7326,0.9516,1.0000,0.0000,0.1759,,,,,0.6227,0.3873,-0.0340
样本外,C+H5,100,5,60,不择时,close,无,0.2065,-0.4532,0.4555,0.7345,1.0000,0.0000,0.1589,,,,,0.6061,0.2586,-0.1346
样本外,C+H5,100,5,60,不择时,close,-10%,0.1981,-0.4675,0.4237,0.7141,1.0000,0.0000,0.1685,,,,,0.4256,0.3197,-0.0893
样本外,C+H5,100,5,60,投票≥3,open,无,0.0750,-0.3881,0.1932,0.4430,0.5274,0.4704,0.1103,,,,,0.0651,0.1034,0.0555
样本外,C+H5,100,5,60,投票≥3,open,-10%,0.0812,-0.3881,0.2091,0.4677,0.5274,0.4704,0.1120,,,,,0.0713,0.1102,0.0608
样本外,C+H5,100,5,60,投票≥3,close,无,0.0064,-0.3348,0.0191,0.1378,0.5271,0.4718,0.1092,,,,,-0.1082,0.1655,-0.0194
样本外,C+H5,100,5,60,投票≥3,close,-10%,0.0116,-0.3327,0.0349,0.1619,0.5271,0.4718,0.1106,,,,,-0.1041,0.1655,-0.0088
样本外,C+H5,100,10,20,不择时,open,无,0.1083,-0.3477,0.3114,0.4998,1.0000,0.0000,0.3382,,,,,0.1624,0.3140,-0.1107
样本外,C+H5,100,10,20,不择时,open,-10%,0.1098,-0.3246,0.3384,0.5056,1.0000,0.0000,0.3487,,,,,0.1708,0.2886,-0.0958
样本外,C+H5,100,10,20,不择时,close,无,0.0081,-0.4305,0.0187,0.1712,1.0000,0.0000,0.3343,,,,,-0.0002,0.2790,-0.1990
样本外,C+H5,100,10,20,不择时,close,-10%,0.0015,-0.4337,0.0035,0.1486,1.0000,0.0000,0.3429,,,,,-0.0238,0.2865,-0.2002
样本外,C+H5,100,10,20,投票≥3,open,无,-0.0098,-0.4168,-0.0236,0.0382,0.5272,0.4691,0.1988,,,,,-0.1377,0.0354,0.0875
样本外,C+H5,100,10,20,投票≥3,open,-10%,-0.0113,-0.4130,-0.0275,0.0301,0.5272,0.4691,0.2001,,,,,-0.1330,0.0328,0.0794
样本外,C+H5,100,10,20,投票≥3,close,无,-0.0563,-0.3456,-0.1628,-0.2281,0.5271,0.4704,0.1979,,,,,-0.1577,-0.0136,0.0130
样本外,C+H5,100,10,20,投票≥3,close,-10%,-0.0539,-0.3456,-0.1560,-0.2152,0.5271,0.4704,0.1990,,,,,-0.1516,-0.0178,0.0174
样本外,C+H5,100,10,60,不择时,open,无,0.2126,-0.4359,0.4877,0.8114,1.0000,0.0000,0.1779,,,,,0.5795,0.3386,-0.1600
样本外,C+H5,100,10,60,不择时,open,-10%,0.2196,-0.4074,0.5390,0.8304,1.0000,0.0000,0.1913,,,,,0.5736,0.3148,-0.1267
样本外,C+H5,100,10,60,不择时,close,无,0.1953,-0.4581,0.4264,0.7629,1.0000,0.0000,0.1762,,,,,0.4717,0.4277,-0.1902
样本外,C+H5,100,10,60,不择时,close,-10%,0.2143,-0.4436,0.4831,0.8206,1.0000,0.0000,0.1871,,,,,0.4743,0.4651,-0.1743
样本外,C+H5,100,10,60,投票≥3,open,无,0.0530,-0.3443,0.1539,0.3717,0.5274,0.4677,0.1205,,,,,0.0159,0.0294,0.1152
样本外,C+H5,100,10,60,投票≥3,open,-10%,0.0500,-0.3415,0.1463,0.3553,0.5274,0.4677,0.1210,,,,,0.0214,0.0312,0.0979
样本外,C+H5,100,10,60,投票≥3,close,无,0.0224,-0.3216,0.0697,0.2123,0.5272,0.4691,0.1199,,,,,-0.0529,0.0584,0.0658
样本外,C+H5,100,10,60,投票≥3,close,-10%,0.0295,-0.3216,0.0918,0.2488,0.5272,0.4691,0.1202,,,,,-0.0402,0.0600,0.0720
