打分,共识前q,最多持股,缓冲M,择时,成交,止损,年化_研,最大回撤_研,卡玛_研,平均仓位,年化_外,最大回撤_外,卡玛_外,两段较差年化,两段最大回撤
C,无,5,20,不择时,open,无,-0.0945,-0.6083,-0.1554,1.0000,-0.1607,-0.5445,-0.2952,-0.1607,-0.6083
C,无,5,20,不择时,open,-10%,-0.1275,-0.6252,-0.2040,1.0000,-0.1617,-0.5467,-0.2958,-0.1617,-0.6252
C,无,5,20,不择时,close,无,-0.0696,-0.5414,-0.1285,1.0000,-0.1777,-0.6097,-0.2915,-0.1777,-0.6097
C,无,5,20,不择时,close,-10%,-0.0860,-0.5549,-0.1550,1.0000,-0.1892,-0.6152,-0.3075,-0.1892,-0.6152
C,无,5,20,投票≥3,open,无,-0.0256,-0.3387,-0.0755,0.4644,-0.2099,-0.5497,-0.3818,-0.2099,-0.5497
C,无,5,20,投票≥3,open,-10%,-0.0245,-0.3385,-0.0725,0.4644,-0.1971,-0.5266,-0.3742,-0.1971,-0.5266
C,无,5,20,投票≥3,close,无,-0.0219,-0.2930,-0.0749,0.4644,-0.1738,-0.5684,-0.3058,-0.1738,-0.5684
C,无,5,20,投票≥3,close,-10%,-0.0117,-0.3031,-0.0385,0.4644,-0.1581,-0.5460,-0.2895,-0.1581,-0.5460
C,无,5,60,不择时,open,无,-0.0692,-0.6247,-0.1108,1.0000,-0.0050,-0.4453,-0.0113,-0.0692,-0.6247
C,无,5,60,不择时,open,-10%,-0.1042,-0.6057,-0.1720,1.0000,-0.0672,-0.4905,-0.1371,-0.1042,-0.6057
C,无,5,60,不择时,close,无,-0.0848,-0.6126,-0.1384,1.0000,-0.0719,-0.4719,-0.1523,-0.0848,-0.6126
C,无,5,60,不择时,close,-10%,-0.1420,-0.6568,-0.2162,1.0000,-0.1130,-0.4822,-0.2343,-0.1420,-0.6568
C,无,5,60,投票≥3,open,无,0.0089,-0.3558,0.0251,0.4644,-0.1299,-0.4936,-0.2633,-0.1299,-0.4936
C,无,5,60,投票≥3,open,-10%,0.0029,-0.3171,0.0092,0.4644,-0.1356,-0.4962,-0.2733,-0.1356,-0.4962
C,无,5,60,投票≥3,close,无,-0.0105,-0.3209,-0.0328,0.4647,-0.1523,-0.5309,-0.2869,-0.1523,-0.5309
C,无,5,60,投票≥3,close,-10%,-0.0148,-0.3242,-0.0456,0.4647,-0.1319,-0.5121,-0.2576,-0.1319,-0.5121
C,无,10,20,不择时,open,无,-0.1253,-0.6418,-0.1952,1.0000,-0.2191,-0.5923,-0.3699,-0.2191,-0.6418
C,无,10,20,不择时,open,-10%,-0.1398,-0.6408,-0.2182,1.0000,-0.2202,-0.5984,-0.3680,-0.2202,-0.6408
C,无,10,20,不择时,close,无,-0.1340,-0.6145,-0.2180,1.0000,-0.2286,-0.5918,-0.3863,-0.2286,-0.6145
C,无,10,20,不择时,close,-10%,-0.1471,-0.6245,-0.2355,1.0000,-0.2277,-0.5945,-0.3831,-0.2277,-0.6245
C,无,10,20,投票≥3,open,无,-0.0109,-0.2826,-0.0385,0.4644,-0.1840,-0.5007,-0.3675,-0.1840,-0.5007
C,无,10,20,投票≥3,open,-10%,-0.0247,-0.3026,-0.0815,0.4644,-0.1843,-0.5010,-0.3679,-0.1843,-0.5010
C,无,10,20,投票≥3,close,无,-0.0512,-0.2960,-0.1731,0.4644,-0.2110,-0.5305,-0.3977,-0.2110,-0.5305
C,无,10,20,投票≥3,close,-10%,-0.0595,-0.3013,-0.1973,0.4644,-0.2048,-0.5195,-0.3942,-0.2048,-0.5195
C,无,10,60,不择时,open,无,-0.0027,-0.5510,-0.0050,1.0000,-0.0134,-0.4452,-0.0302,-0.0134,-0.5510
C,无,10,60,不择时,open,-10%,-0.0177,-0.5509,-0.0322,1.0000,-0.0045,-0.4392,-0.0103,-0.0177,-0.5509
C,无,10,60,不择时,close,无,-0.0076,-0.5598,-0.0135,1.0000,-0.0363,-0.4765,-0.0762,-0.0363,-0.5598
C,无,10,60,不择时,close,-10%,-0.0254,-0.5748,-0.0442,1.0000,-0.0644,-0.4816,-0.1337,-0.0644,-0.5748
C,无,10,60,投票≥3,open,无,0.0382,-0.3012,0.1269,0.4644,-0.0562,-0.4396,-0.1279,-0.0562,-0.4396
C,无,10,60,投票≥3,open,-10%,0.0361,-0.3194,0.1131,0.4644,-0.0533,-0.4360,-0.1224,-0.0533,-0.4360
C,无,10,60,投票≥3,close,无,-0.0181,-0.3030,-0.0599,0.4647,-0.1282,-0.5018,-0.2555,-0.1282,-0.5018
C,无,10,60,投票≥3,close,-10%,-0.0204,-0.2995,-0.0682,0.4647,-0.1268,-0.4966,-0.2554,-0.1268,-0.4966
C,30,5,20,不择时,open,无,-0.1613,-0.6035,-0.2672,0.8304,-0.1007,-0.3936,-0.2558,-0.1613,-0.6035
C,30,5,20,不择时,open,-10%,-0.1880,-0.6200,-0.3032,0.8253,-0.0999,-0.3988,-0.2504,-0.1880,-0.6200
C,30,5,20,不择时,close,无,-0.1119,-0.5476,-0.2044,0.8304,-0.1173,-0.4330,-0.2709,-0.1173,-0.5476
C,30,5,20,不择时,close,-10%,-0.1297,-0.5654,-0.2295,0.8249,-0.1484,-0.4578,-0.3242,-0.1484,-0.5654
C,30,5,20,投票≥3,open,无,-0.0686,-0.2725,-0.2517,0.3651,-0.1444,-0.5194,-0.2781,-0.1444,-0.5194
C,30,5,20,投票≥3,open,-10%,-0.0826,-0.2994,-0.2759,0.3640,-0.1408,-0.5090,-0.2767,-0.1408,-0.5090
C,30,5,20,投票≥3,close,无,-0.1067,-0.4111,-0.2595,0.3649,-0.1711,-0.4875,-0.3509,-0.1711,-0.4875
C,30,5,20,投票≥3,close,-10%,-0.1007,-0.3963,-0.2540,0.3640,-0.1699,-0.4853,-0.3501,-0.1699,-0.4853
C,30,5,60,不择时,open,无,-0.0329,-0.5224,-0.0630,0.9351,0.1218,-0.4537,0.2684,-0.0329,-0.5224
C,30,5,60,不择时,open,-10%,-0.0275,-0.5450,-0.0504,0.9342,0.0595,-0.4987,0.1193,-0.0275,-0.5450
C,30,5,60,不择时,close,无,-0.0438,-0.5308,-0.0825,0.9349,0.1293,-0.4756,0.2718,-0.0438,-0.5308
C,30,5,60,不择时,close,-10%,-0.0442,-0.5348,-0.0826,0.9327,0.1707,-0.4347,0.3926,-0.0442,-0.5348
C,30,5,60,投票≥3,open,无,-0.0156,-0.2690,-0.0581,0.4260,-0.0117,-0.4067,-0.0289,-0.0156,-0.4067
C,30,5,60,投票≥3,open,-10%,-0.0040,-0.2691,-0.0147,0.4256,-0.0159,-0.4077,-0.0389,-0.0159,-0.4077
C,30,5,60,投票≥3,close,无,-0.0945,-0.3688,-0.2563,0.4262,-0.0297,-0.3765,-0.0789,-0.0945,-0.3765
C,30,5,60,投票≥3,close,-10%,-0.0792,-0.3284,-0.2411,0.4256,-0.0191,-0.3744,-0.0509,-0.0792,-0.3744
C,30,10,20,不择时,open,无,-0.1118,-0.4718,-0.2368,0.5551,0.0150,-0.3641,0.0411,-0.1118,-0.4718
C,30,10,20,不择时,open,-10%,-0.1293,-0.5018,-0.2577,0.5478,-0.0102,-0.3618,-0.0281,-0.1293,-0.5018
C,30,10,20,不择时,close,无,-0.1098,-0.4493,-0.2444,0.5543,0.0007,-0.3726,0.0020,-0.1098,-0.4493
C,30,10,20,不择时,close,-10%,-0.1165,-0.4610,-0.2528,0.5491,-0.0230,-0.3779,-0.0610,-0.1165,-0.4610
C,30,10,20,投票≥3,open,无,-0.0586,-0.2347,-0.2495,0.2249,-0.0741,-0.3522,-0.2104,-0.0741,-0.3522
C,30,10,20,投票≥3,open,-10%,-0.0626,-0.2440,-0.2563,0.2236,-0.0719,-0.3487,-0.2063,-0.0719,-0.3487
C,30,10,20,投票≥3,close,无,-0.0897,-0.3263,-0.2749,0.2246,-0.0767,-0.3189,-0.2404,-0.0897,-0.3263
C,30,10,20,投票≥3,close,-10%,-0.0879,-0.3215,-0.2735,0.2233,-0.0762,-0.3235,-0.2355,-0.0879,-0.3235
C,30,10,60,不择时,open,无,0.0281,-0.4137,0.0679,0.7626,0.1317,-0.3438,0.3832,0.0281,-0.4137
C,30,10,60,不择时,open,-10%,0.0059,-0.4286,0.0138,0.7560,0.1001,-0.3598,0.2781,0.0059,-0.4286
C,30,10,60,不择时,close,无,-0.0152,-0.4350,-0.0350,0.7627,0.1339,-0.4125,0.3245,-0.0152,-0.4350
C,30,10,60,不择时,close,-10%,-0.0224,-0.4528,-0.0495,0.7548,0.1072,-0.4135,0.2592,-0.0224,-0.4528
C,30,10,60,投票≥3,open,无,0.0210,-0.2019,0.1038,0.3274,-0.0222,-0.3845,-0.0578,-0.0222,-0.3845
C,30,10,60,投票≥3,open,-10%,0.0096,-0.2199,0.0436,0.3270,-0.0285,-0.3891,-0.0733,-0.0285,-0.3891
C,30,10,60,投票≥3,close,无,-0.0402,-0.2169,-0.1853,0.3274,-0.0450,-0.3501,-0.1285,-0.0450,-0.3501
C,30,10,60,投票≥3,close,-10%,-0.0392,-0.2191,-0.1789,0.3256,-0.0471,-0.3509,-0.1343,-0.0471,-0.3509
C,100,5,20,不择时,open,无,-0.0468,-0.5550,-0.0844,1.0000,-0.1139,-0.5208,-0.2187,-0.1139,-0.5550
C,100,5,20,不择时,open,-10%,-0.0796,-0.5766,-0.1381,1.0000,-0.1062,-0.5291,-0.2006,-0.1062,-0.5766
C,100,5,20,不择时,close,无,0.0619,-0.4631,0.1337,1.0000,-0.0691,-0.4186,-0.1651,-0.0691,-0.4631
C,100,5,20,不择时,close,-10%,0.0928,-0.4496,0.2064,1.0000,-0.0820,-0.4487,-0.1828,-0.0820,-0.4496
C,100,5,20,投票≥3,open,无,0.0079,-0.2400,0.0330,0.4644,-0.1487,-0.4550,-0.3269,-0.1487,-0.4550
C,100,5,20,投票≥3,open,-10%,-0.0074,-0.2471,-0.0300,0.4644,-0.1354,-0.4323,-0.3131,-0.1354,-0.4323
C,100,5,20,投票≥3,close,无,-0.0268,-0.2681,-0.0999,0.4644,-0.1400,-0.4843,-0.2891,-0.1400,-0.4843
C,100,5,20,投票≥3,close,-10%,-0.0106,-0.2680,-0.0396,0.4644,-0.1333,-0.4783,-0.2788,-0.1333,-0.4783
C,100,5,60,不择时,open,无,0.0501,-0.5341,0.0938,1.0000,0.1159,-0.4915,0.2357,0.0501,-0.5341
C,100,5,60,不择时,open,-10%,0.0420,-0.5564,0.0755,1.0000,0.1277,-0.4799,0.2661,0.0420,-0.5564
C,100,5,60,不择时,close,无,0.0896,-0.5477,0.1636,1.0000,0.0700,-0.4791,0.1460,0.0700,-0.5477
C,100,5,60,不择时,close,-10%,0.0844,-0.5687,0.1485,1.0000,0.0585,-0.4801,0.1218,0.0585,-0.5687
C,100,5,60,投票≥3,open,无,0.1041,-0.2359,0.4415,0.4644,-0.0408,-0.3665,-0.1112,-0.0408,-0.3665
C,100,5,60,投票≥3,open,-10%,0.1012,-0.2352,0.4302,0.4644,-0.0504,-0.3874,-0.1300,-0.0504,-0.3874
C,100,5,60,投票≥3,close,无,0.0395,-0.2960,0.1335,0.4647,-0.0967,-0.4179,-0.2314,-0.0967,-0.4179
C,100,5,60,投票≥3,close,-10%,0.0665,-0.2863,0.2324,0.4647,-0.0900,-0.4262,-0.2112,-0.0900,-0.4262
C,100,10,20,不择时,open,无,-0.1712,-0.6313,-0.2712,1.0000,-0.1247,-0.4605,-0.2707,-0.1712,-0.6313
C,100,10,20,不择时,open,-10%,-0.1950,-0.6649,-0.2933,1.0000,-0.1467,-0.4993,-0.2939,-0.1950,-0.6649
C,100,10,20,不择时,close,无,-0.1355,-0.5820,-0.2328,1.0000,-0.1641,-0.5041,-0.3256,-0.1641,-0.5820
C,100,10,20,不择时,close,-10%,-0.1489,-0.6051,-0.2461,1.0000,-0.1682,-0.5032,-0.3342,-0.1682,-0.6051
C,100,10,20,投票≥3,open,无,-0.0440,-0.2518,-0.1747,0.4644,-0.1680,-0.4629,-0.3631,-0.1680,-0.4629
C,100,10,20,投票≥3,open,-10%,-0.0494,-0.2621,-0.1886,0.4644,-0.1671,-0.4563,-0.3661,-0.1671,-0.4563
C,100,10,20,投票≥3,close,无,-0.0702,-0.3356,-0.2091,0.4646,-0.1277,-0.4379,-0.2915,-0.1277,-0.4379
C,100,10,20,投票≥3,close,-10%,-0.0743,-0.3464,-0.2145,0.4646,-0.1244,-0.4298,-0.2894,-0.1244,-0.4298
C,100,10,60,不择时,open,无,0.0405,-0.5262,0.0769,1.0000,0.0778,-0.3840,0.2026,0.0405,-0.5262
C,100,10,60,不择时,open,-10%,0.0332,-0.5214,0.0636,1.0000,0.0565,-0.3851,0.1467,0.0332,-0.5214
C,100,10,60,不择时,close,无,0.0003,-0.5120,0.0006,1.0000,0.0859,-0.4435,0.1936,0.0003,-0.5120
C,100,10,60,不择时,close,-10%,0.0131,-0.5175,0.0253,1.0000,0.0789,-0.4650,0.1696,0.0131,-0.5175
C,100,10,60,投票≥3,open,无,0.1047,-0.2458,0.4259,0.4644,-0.0206,-0.3550,-0.0580,-0.0206,-0.3550
C,100,10,60,投票≥3,open,-10%,0.0969,-0.2634,0.3680,0.4644,-0.0400,-0.3691,-0.1084,-0.0400,-0.3691
C,100,10,60,投票≥3,close,无,0.0134,-0.2712,0.0493,0.4646,-0.0601,-0.3748,-0.1603,-0.0601,-0.3748
C,100,10,60,投票≥3,close,-10%,0.0273,-0.2704,0.1010,0.4646,-0.0529,-0.3741,-0.1413,-0.0529,-0.3741
H5,无,5,20,不择时,open,无,-0.0287,-0.4519,-0.0636,1.0000,0.3281,-0.3963,0.8278,-0.0287,-0.4519
H5,无,5,20,不择时,open,-10%,0.0394,-0.4360,0.0904,1.0000,0.2872,-0.3898,0.7369,0.0394,-0.4360
H5,无,5,20,不择时,close,无,-0.0593,-0.4355,-0.1361,1.0000,0.2083,-0.3885,0.5363,-0.0593,-0.4355
H5,无,5,20,不择时,close,-10%,0.0132,-0.4278,0.0308,1.0000,0.1498,-0.3947,0.3795,0.0132,-0.4278
H5,无,5,20,投票≥3,open,无,0.0405,-0.2336,0.1732,0.4644,0.2080,-0.3202,0.6496,0.0405,-0.3202
H5,无,5,20,投票≥3,open,-10%,0.0455,-0.2272,0.2001,0.4644,0.1980,-0.3156,0.6273,0.0455,-0.3156
H5,无,5,20,投票≥3,close,无,-0.0658,-0.3075,-0.2138,0.4644,0.0787,-0.2890,0.2723,-0.0658,-0.3075
H5,无,5,20,投票≥3,close,-10%,-0.0611,-0.3080,-0.1982,0.4644,0.0832,-0.2656,0.3130,-0.0611,-0.3080
H5,无,5,60,不择时,open,无,0.1644,-0.3754,0.4378,1.0000,0.3003,-0.4120,0.7288,0.1644,-0.4120
H5,无,5,60,不择时,open,-10%,0.2209,-0.3914,0.5643,1.0000,0.4065,-0.3266,1.2447,0.2209,-0.3914
H5,无,5,60,不择时,close,无,0.0984,-0.3926,0.2507,1.0000,0.2864,-0.4286,0.6683,0.0984,-0.4286
H5,无,5,60,不择时,close,-10%,0.1477,-0.3721,0.3968,1.0000,0.3388,-0.4250,0.7973,0.1477,-0.4250
H5,无,5,60,投票≥3,open,无,0.1255,-0.2481,0.5058,0.4644,0.1643,-0.2960,0.5550,0.1255,-0.2960
H5,无,5,60,投票≥3,open,-10%,0.1252,-0.2502,0.5004,0.4644,0.2207,-0.2803,0.7877,0.1252,-0.2803
H5,无,5,60,投票≥3,close,无,0.0753,-0.2460,0.3063,0.4644,0.0968,-0.2993,0.3235,0.0753,-0.2993
H5,无,5,60,投票≥3,close,-10%,0.0757,-0.2421,0.3127,0.4644,0.1132,-0.2783,0.4068,0.0757,-0.2783
H5,无,10,20,不择时,open,无,-0.0001,-0.4488,-0.0003,1.0000,0.3484,-0.3266,1.0669,-0.0001,-0.4488
H5,无,10,20,不择时,open,-10%,0.0091,-0.4509,0.0203,1.0000,0.3653,-0.3249,1.1241,0.0091,-0.4509
H5,无,10,20,不择时,close,无,-0.0023,-0.4401,-0.0052,1.0000,0.1968,-0.3882,0.5069,-0.0023,-0.4401
H5,无,10,20,不择时,close,-10%,0.0109,-0.4311,0.0252,1.0000,0.1929,-0.3785,0.5097,0.0109,-0.4311
H5,无,10,20,投票≥3,open,无,0.0120,-0.1878,0.0637,0.4644,0.1547,-0.2321,0.6666,0.0120,-0.2321
H5,无,10,20,投票≥3,open,-10%,0.0096,-0.1993,0.0479,0.4644,0.1540,-0.2297,0.6705,0.0096,-0.2297
H5,无,10,20,投票≥3,close,无,-0.0428,-0.2548,-0.1679,0.4644,0.0916,-0.2223,0.4121,-0.0428,-0.2548
H5,无,10,20,投票≥3,close,-10%,-0.0447,-0.2561,-0.1746,0.4644,0.1002,-0.2209,0.4537,-0.0447,-0.2561
H5,无,10,60,不择时,open,无,0.1216,-0.3960,0.3071,1.0000,0.4553,-0.3435,1.3254,0.1216,-0.3960
H5,无,10,60,不择时,open,-10%,0.1031,-0.3734,0.2761,1.0000,0.4445,-0.3460,1.2847,0.1031,-0.3734
H5,无,10,60,不择时,close,无,0.1077,-0.3585,0.3003,1.0000,0.3215,-0.3839,0.8375,0.1077,-0.3839
H5,无,10,60,不择时,close,-10%,0.1051,-0.3516,0.2991,1.0000,0.2642,-0.3859,0.6846,0.1051,-0.3859
H5,无,10,60,投票≥3,open,无,0.0374,-0.2022,0.1852,0.4644,0.1995,-0.1958,1.0188,0.0374,-0.2022
H5,无,10,60,投票≥3,open,-10%,0.0363,-0.2024,0.1795,0.4644,0.2040,-0.1965,1.0381,0.0363,-0.2024
H5,无,10,60,投票≥3,close,无,0.0085,-0.2137,0.0400,0.4644,0.1304,-0.1948,0.6695,0.0085,-0.2137
H5,无,10,60,投票≥3,close,-10%,0.0174,-0.1891,0.0921,0.4644,0.1444,-0.1892,0.7632,0.0174,-0.1892
H5,30,5,20,不择时,open,无,-0.0024,-0.5018,-0.0047,0.8991,0.2612,-0.4340,0.6018,-0.0024,-0.5018
H5,30,5,20,不择时,open,-10%,-0.0400,-0.5104,-0.0785,0.8980,0.2829,-0.3726,0.7593,-0.0400,-0.5104
H5,30,5,20,不择时,close,无,-0.0654,-0.5098,-0.1282,0.8989,0.2042,-0.4574,0.4464,-0.0654,-0.5098
H5,30,5,20,不择时,close,-10%,-0.0654,-0.4963,-0.1317,0.8976,0.1466,-0.4742,0.3092,-0.0654,-0.4963
H5,30,5,20,投票≥3,open,无,0.0346,-0.1986,0.1744,0.3996,0.0070,-0.4257,0.0164,0.0070,-0.4257
H5,30,5,20,投票≥3,open,-10%,0.0286,-0.1986,0.1440,0.3996,-0.0125,-0.4274,-0.0292,-0.0125,-0.4274
H5,30,5,20,投票≥3,close,无,-0.0643,-0.2514,-0.2559,0.3993,0.0151,-0.3958,0.0380,-0.0643,-0.3958
H5,30,5,20,投票≥3,close,-10%,-0.0624,-0.2514,-0.2481,0.3993,0.0242,-0.3958,0.0612,-0.0624,-0.3958
H5,30,5,60,不择时,open,无,0.1098,-0.4391,0.2502,0.9780,0.2556,-0.4300,0.5944,0.1098,-0.4391
H5,30,5,60,不择时,open,-10%,0.1023,-0.4232,0.2417,0.9798,0.2784,-0.4312,0.6458,0.1023,-0.4312
H5,30,5,60,不择时,close,无,0.1053,-0.4957,0.2125,0.9789,0.2263,-0.4623,0.4895,0.1053,-0.4957
H5,30,5,60,不择时,close,-10%,0.1429,-0.4440,0.3219,0.9784,0.2607,-0.4332,0.6018,0.1429,-0.4440
H5,30,5,60,投票≥3,open,无,0.0809,-0.2818,0.2870,0.4456,0.0519,-0.4299,0.1208,0.0519,-0.4299
H5,30,5,60,投票≥3,open,-10%,0.0972,-0.2518,0.3858,0.4456,0.0460,-0.4257,0.1080,0.0460,-0.4257
H5,30,5,60,投票≥3,close,无,0.0339,-0.2957,0.1147,0.4449,0.0321,-0.4155,0.0773,0.0321,-0.4155
H5,30,5,60,投票≥3,close,-10%,0.0463,-0.2552,0.1815,0.4451,0.0308,-0.3910,0.0789,0.0308,-0.3910
H5,30,10,20,不择时,open,无,-0.0186,-0.4381,-0.0424,0.6508,0.2119,-0.3136,0.6758,-0.0186,-0.4381
H5,30,10,20,不择时,open,-10%,-0.0253,-0.3972,-0.0637,0.6439,0.2066,-0.2863,0.7216,-0.0253,-0.3972
H5,30,10,20,不择时,close,无,-0.0580,-0.3720,-0.1560,0.6509,0.1264,-0.3962,0.3190,-0.0580,-0.3962
H5,30,10,20,不择时,close,-10%,-0.0566,-0.3693,-0.1534,0.6458,0.0937,-0.3753,0.2497,-0.0566,-0.3753
H5,30,10,20,投票≥3,open,无,-0.0222,-0.1910,-0.1163,0.2657,0.0090,-0.3283,0.0273,-0.0222,-0.3283
H5,30,10,20,投票≥3,open,-10%,-0.0257,-0.1910,-0.1346,0.2654,-0.0075,-0.3290,-0.0228,-0.0257,-0.3290
H5,30,10,20,投票≥3,close,无,-0.0689,-0.2450,-0.2814,0.2653,-0.0289,-0.3058,-0.0947,-0.0689,-0.3058
H5,30,10,20,投票≥3,close,-10%,-0.0699,-0.2479,-0.2820,0.2649,-0.0257,-0.3058,-0.0842,-0.0699,-0.3058
H5,30,10,60,不择时,open,无,0.0860,-0.4313,0.1994,0.9021,0.2441,-0.4316,0.5655,0.0860,-0.4316
H5,30,10,60,不择时,open,-10%,0.0120,-0.4441,0.0271,0.8984,0.3181,-0.3624,0.8778,0.0120,-0.4441
H5,30,10,60,不择时,close,无,0.0926,-0.4121,0.2248,0.8988,0.1261,-0.4629,0.2724,0.0926,-0.4629
H5,30,10,60,不择时,close,-10%,0.0626,-0.4690,0.1335,0.8959,0.1449,-0.4242,0.3417,0.0626,-0.4690
H5,30,10,60,投票≥3,open,无,0.0236,-0.2203,0.1070,0.3854,0.0690,-0.3423,0.2016,0.0236,-0.3423
H5,30,10,60,投票≥3,open,-10%,0.0205,-0.2208,0.0929,0.3854,0.0603,-0.3429,0.1758,0.0205,-0.3429
H5,30,10,60,投票≥3,close,无,-0.0081,-0.2254,-0.0359,0.3821,0.0167,-0.3214,0.0519,-0.0081,-0.3214
H5,30,10,60,投票≥3,close,-10%,-0.0093,-0.2251,-0.0413,0.3823,0.0211,-0.3055,0.0692,-0.0093,-0.3055
H5,100,5,20,不择时,open,无,0.0779,-0.4383,0.1778,1.0000,0.1872,-0.4489,0.4170,0.0779,-0.4489
H5,100,5,20,不择时,open,-10%,0.0844,-0.4500,0.1877,1.0000,0.1237,-0.4415,0.2801,0.0844,-0.4500
H5,100,5,20,不择时,close,无,0.0048,-0.4296,0.0113,1.0000,0.1604,-0.4651,0.3449,0.0048,-0.4651
H5,100,5,20,不择时,close,-10%,-0.0058,-0.4446,-0.0130,1.0000,0.1183,-0.4675,0.2531,-0.0058,-0.4675
H5,100,5,20,投票≥3,open,无,0.0802,-0.1805,0.4444,0.4644,0.1136,-0.3878,0.2929,0.0802,-0.3878
H5,100,5,20,投票≥3,open,-10%,0.0789,-0.1805,0.4372,0.4644,0.1163,-0.3858,0.3014,0.0789,-0.3858
H5,100,5,20,投票≥3,close,无,-0.0288,-0.2244,-0.1284,0.4644,0.0802,-0.3159,0.2538,-0.0288,-0.3159
H5,100,5,20,投票≥3,close,-10%,-0.0247,-0.2244,-0.1100,0.4644,0.0992,-0.3159,0.3139,-0.0247,-0.3159
H5,100,5,60,不择时,open,无,0.0919,-0.4250,0.2163,1.0000,0.3680,-0.4058,0.9067,0.0919,-0.4250
H5,100,5,60,不择时,open,-10%,0.0914,-0.4226,0.2162,1.0000,0.2598,-0.4071,0.6382,0.0914,-0.4226
H5,100,5,60,不择时,close,无,0.0835,-0.4247,0.1966,1.0000,0.3974,-0.4321,0.9197,0.0835,-0.4321
H5,100,5,60,不择时,close,-10%,0.0331,-0.4923,0.0673,1.0000,0.3049,-0.4643,0.6567,0.0331,-0.4923
H5,100,5,60,投票≥3,open,无,0.0542,-0.2305,0.2349,0.4644,0.0594,-0.3972,0.1496,0.0542,-0.3972
H5,100,5,60,投票≥3,open,-10%,0.0567,-0.2318,0.2447,0.4644,0.0826,-0.3968,0.2082,0.0567,-0.3968
H5,100,5,60,投票≥3,close,无,0.0420,-0.2512,0.1672,0.4644,0.0709,-0.3635,0.1950,0.0420,-0.3635
H5,100,5,60,投票≥3,close,-10%,0.0522,-0.2187,0.2386,0.4644,0.1065,-0.3370,0.3161,0.0522,-0.3370
H5,100,10,20,不择时,open,无,-0.0747,-0.4411,-0.1693,1.0000,0.1284,-0.3944,0.3255,-0.0747,-0.4411
H5,100,10,20,不择时,open,-10%,-0.0854,-0.4291,-0.1989,1.0000,0.1140,-0.4058,0.2809,-0.0854,-0.4291
H5,100,10,20,不择时,close,无,-0.0986,-0.4509,-0.2188,1.0000,0.1335,-0.4010,0.3330,-0.0986,-0.4509
H5,100,10,20,不择时,close,-10%,-0.0926,-0.4405,-0.2102,1.0000,0.1157,-0.4135,0.2797,-0.0926,-0.4405
H5,100,10,20,投票≥3,open,无,-0.0100,-0.2236,-0.0449,0.4644,0.0483,-0.3331,0.1450,-0.0100,-0.3331
H5,100,10,20,投票≥3,open,-10%,-0.0147,-0.2374,-0.0619,0.4644,0.0538,-0.3341,0.1611,-0.0147,-0.3341
H5,100,10,20,投票≥3,close,无,-0.0551,-0.2935,-0.1879,0.4644,0.0582,-0.3315,0.1757,-0.0551,-0.3315
H5,100,10,20,投票≥3,close,-10%,-0.0562,-0.2965,-0.1897,0.4644,0.0616,-0.3315,0.1859,-0.0562,-0.3315
H5,100,10,60,不择时,open,无,0.0854,-0.4219,0.2025,1.0000,0.2781,-0.3890,0.7150,0.0854,-0.4219
H5,100,10,60,不择时,open,-10%,0.0591,-0.4100,0.1441,1.0000,0.3295,-0.3759,0.8766,0.0591,-0.4100
H5,100,10,60,不择时,close,无,0.0683,-0.4243,0.1610,1.0000,0.2380,-0.4144,0.5742,0.0683,-0.4243
H5,100,10,60,不择时,close,-10%,0.0596,-0.4174,0.1429,1.0000,0.2252,-0.3948,0.5703,0.0596,-0.4174
H5,100,10,60,投票≥3,open,无,0.0733,-0.2274,0.3222,0.4644,0.1141,-0.3404,0.3351,0.0733,-0.3404
H5,100,10,60,投票≥3,open,-10%,0.0809,-0.2285,0.3539,0.4644,0.1323,-0.3406,0.3885,0.0809,-0.3406
H5,100,10,60,投票≥3,close,无,0.0616,-0.2129,0.2896,0.4644,0.0974,-0.3330,0.2924,0.0616,-0.3330
H5,100,10,60,投票≥3,close,-10%,0.0575,-0.2178,0.2641,0.4644,0.1088,-0.3212,0.3386,0.0575,-0.3212
C+H5,无,5,20,不择时,open,无,-0.0424,-0.5032,-0.0843,1.0000,0.1405,-0.3901,0.3602,-0.0424,-0.5032
C+H5,无,5,20,不择时,open,-10%,-0.0612,-0.5420,-0.1129,1.0000,0.1110,-0.3937,0.2818,-0.0612,-0.5420
C+H5,无,5,20,不择时,close,无,0.0280,-0.4233,0.0662,1.0000,0.0692,-0.4681,0.1478,0.0280,-0.4681
C+H5,无,5,20,不择时,close,-10%,0.0352,-0.4108,0.0857,1.0000,0.0676,-0.4643,0.1456,0.0352,-0.4643
C+H5,无,5,20,投票≥3,open,无,0.0405,-0.2154,0.1882,0.4644,-0.0248,-0.4668,-0.0531,-0.0248,-0.4668
C+H5,无,5,20,投票≥3,open,-10%,0.0377,-0.2235,0.1686,0.4644,-0.0270,-0.4625,-0.0583,-0.0270,-0.4625
C+H5,无,5,20,投票≥3,close,无,-0.0443,-0.2638,-0.1677,0.4644,-0.1066,-0.4143,-0.2574,-0.1066,-0.4143
C+H5,无,5,20,投票≥3,close,-10%,-0.0440,-0.2619,-0.1679,0.4644,-0.0954,-0.4100,-0.2328,-0.0954,-0.4100
C+H5,无,5,60,不择时,open,无,-0.0264,-0.4820,-0.0548,1.0000,0.2909,-0.3669,0.7928,-0.0264,-0.4820
C+H5,无,5,60,不择时,open,-10%,-0.0369,-0.5434,-0.0678,1.0000,0.2979,-0.4066,0.7326,-0.0369,-0.5434
C+H5,无,5,60,不择时,close,无,0.0290,-0.4897,0.0592,1.0000,0.2065,-0.4532,0.4555,0.0290,-0.4897
C+H5,无,5,60,不择时,close,-10%,0.0247,-0.4769,0.0517,1.0000,0.1981,-0.4675,0.4237,0.0247,-0.4769
C+H5,无,5,60,投票≥3,open,无,0.0940,-0.2216,0.4243,0.4644,0.0750,-0.3881,0.1932,0.0750,-0.3881
C+H5,无,5,60,投票≥3,open,-10%,0.0862,-0.2156,0.3997,0.4644,0.0812,-0.3881,0.2091,0.0812,-0.3881
C+H5,无,5,60,投票≥3,close,无,0.0292,-0.2650,0.1103,0.4647,0.0064,-0.3348,0.0191,0.0064,-0.3348
C+H5,无,5,60,投票≥3,close,-10%,0.0252,-0.2641,0.0955,0.4647,0.0116,-0.3327,0.0349,0.0116,-0.3327
C+H5,无,10,20,不择时,open,无,-0.0231,-0.4842,-0.0476,1.0000,0.1083,-0.3477,0.3114,-0.0231,-0.4842
C+H5,无,10,20,不择时,open,-10%,-0.0378,-0.4861,-0.0778,1.0000,0.1098,-0.3246,0.3384,-0.0378,-0.4861
C+H5,无,10,20,不择时,close,无,-0.0051,-0.5065,-0.0101,1.0000,0.0081,-0.4305,0.0187,-0.0051,-0.5065
C+H5,无,10,20,不择时,close,-10%,-0.0122,-0.5037,-0.0242,1.0000,0.0015,-0.4337,0.0035,-0.0122,-0.5037
C+H5,无,10,20,投票≥3,open,无,0.0342,-0.1976,0.1732,0.4644,-0.0098,-0.4168,-0.0236,-0.0098,-0.4168
C+H5,无,10,20,投票≥3,open,-10%,0.0213,-0.2126,0.1002,0.4644,-0.0113,-0.4130,-0.0275,-0.0113,-0.4130
C+H5,无,10,20,投票≥3,close,无,-0.0191,-0.2559,-0.0745,0.4646,-0.0563,-0.3456,-0.1628,-0.0563,-0.3456
C+H5,无,10,20,投票≥3,close,-10%,-0.0180,-0.2532,-0.0711,0.4646,-0.0539,-0.3456,-0.1560,-0.0539,-0.3456
C+H5,无,10,60,不择时,open,无,0.0092,-0.4954,0.0187,1.0000,0.2126,-0.4359,0.4877,0.0092,-0.4954
C+H5,无,10,60,不择时,open,-10%,0.0230,-0.4708,0.0489,1.0000,0.2196,-0.4074,0.5390,0.0230,-0.4708
C+H5,无,10,60,不择时,close,无,0.0573,-0.4627,0.1237,1.0000,0.1953,-0.4581,0.4264,0.0573,-0.4627
C+H5,无,10,60,不择时,close,-10%,0.0469,-0.4375,0.1071,1.0000,0.2143,-0.4436,0.4831,0.0469,-0.4436
C+H5,无,10,60,投票≥3,open,无,0.0709,-0.2408,0.2944,0.4644,0.0530,-0.3443,0.1539,0.0530,-0.3443
C+H5,无,10,60,投票≥3,open,-10%,0.0777,-0.2591,0.2999,0.4644,0.0500,-0.3415,0.1463,0.0500,-0.3415
C+H5,无,10,60,投票≥3,close,无,0.0033,-0.2536,0.0131,0.4646,0.0224,-0.3216,0.0697,0.0033,-0.3216
C+H5,无,10,60,投票≥3,close,-10%,0.0028,-0.2732,0.0101,0.4646,0.0295,-0.3216,0.0918,0.0028,-0.3216
C+H5,30,5,20,不择时,open,无,-0.0114,-0.5014,-0.0228,0.9438,0.1547,-0.3580,0.4322,-0.0114,-0.5014
C+H5,30,5,20,不择时,open,-10%,-0.0596,-0.5365,-0.1110,0.9429,0.1276,-0.3781,0.3376,-0.0596,-0.5365
C+H5,30,5,20,不择时,close,无,0.0545,-0.4292,0.1270,0.9431,0.0817,-0.4558,0.1792,0.0545,-0.4558
C+H5,30,5,20,不择时,close,-10%,0.0614,-0.4180,0.1469,0.9424,0.0813,-0.4525,0.1796,0.0614,-0.4525
C+H5,30,5,20,投票≥3,open,无,0.0310,-0.2204,0.1407,0.4309,-0.0127,-0.4418,-0.0288,-0.0127,-0.4418
C+H5,30,5,20,投票≥3,open,-10%,0.0197,-0.2328,0.0847,0.4304,-0.0149,-0.4373,-0.0341,-0.0149,-0.4373
C+H5,30,5,20,投票≥3,close,无,-0.0326,-0.2525,-0.1291,0.4313,-0.1044,-0.4089,-0.2553,-0.1044,-0.4089
C+H5,30,5,20,投票≥3,close,-10%,-0.0305,-0.2485,-0.1228,0.4313,-0.0932,-0.4046,-0.2303,-0.0932,-0.4046
C+H5,30,5,60,不择时,open,无,0.0439,-0.4617,0.0952,0.9796,0.2742,-0.3628,0.7557,0.0439,-0.4617
C+H5,30,5,60,不择时,open,-10%,0.0250,-0.4953,0.0505,0.9791,0.2729,-0.4013,0.6802,0.0250,-0.4953
C+H5,30,5,60,不择时,close,无,0.0531,-0.4723,0.1125,0.9793,0.1932,-0.4423,0.4368,0.0531,-0.4723
C+H5,30,5,60,不择时,close,-10%,0.0687,-0.4302,0.1596,0.9791,0.1950,-0.4606,0.4233,0.0687,-0.4606
C+H5,30,5,60,投票≥3,open,无,0.0797,-0.2237,0.3565,0.4509,0.0446,-0.3792,0.1177,0.0446,-0.3792
C+H5,30,5,60,投票≥3,open,-10%,0.0718,-0.2130,0.3369,0.4502,0.0543,-0.3792,0.1432,0.0543,-0.3792
C+H5,30,5,60,投票≥3,close,无,0.0132,-0.2697,0.0491,0.4507,-0.0139,-0.3719,-0.0373,-0.0139,-0.3719
C+H5,30,5,60,投票≥3,close,-10%,0.0188,-0.2688,0.0698,0.4509,-0.0088,-0.3691,-0.0238,-0.0088,-0.3691
C+H5,30,10,20,不择时,open,无,-0.0387,-0.4792,-0.0808,0.7640,0.1763,-0.3032,0.5812,-0.0387,-0.4792
C+H5,30,10,20,不择时,open,-10%,-0.0476,-0.4775,-0.0997,0.7594,0.1647,-0.2931,0.5620,-0.0476,-0.4775
C+H5,30,10,20,不择时,close,无,-0.0262,-0.4581,-0.0571,0.7638,0.0974,-0.3498,0.2784,-0.0262,-0.4581
C+H5,30,10,20,不择时,close,-10%,-0.0364,-0.4732,-0.0770,0.7613,0.0734,-0.3515,0.2090,-0.0364,-0.4732
C+H5,30,10,20,投票≥3,open,无,0.0156,-0.1734,0.0898,0.3326,0.0104,-0.3477,0.0299,0.0104,-0.3477
C+H5,30,10,20,投票≥3,open,-10%,0.0100,-0.1820,0.0550,0.3320,0.0054,-0.3483,0.0155,0.0054,-0.3483
C+H5,30,10,20,投票≥3,close,无,-0.0274,-0.1963,-0.1396,0.3322,-0.0581,-0.3172,-0.1832,-0.0581,-0.3172
C+H5,30,10,20,投票≥3,close,-10%,-0.0283,-0.2015,-0.1405,0.3317,-0.0587,-0.3172,-0.1852,-0.0587,-0.3172
C+H5,30,10,60,不择时,open,无,0.0492,-0.4944,0.0995,0.9007,0.2048,-0.4036,0.5073,0.0492,-0.4944
C+H5,30,10,60,不择时,open,-10%,0.0428,-0.4701,0.0911,0.8974,0.2210,-0.3730,0.5925,0.0428,-0.4701
C+H5,30,10,60,不择时,close,无,0.1071,-0.4534,0.2362,0.8996,0.1092,-0.4475,0.2441,0.1071,-0.4534
C+H5,30,10,60,不择时,close,-10%,0.0996,-0.4403,0.2263,0.8952,0.1276,-0.4178,0.3055,0.0996,-0.4403
C+H5,30,10,60,投票≥3,open,无,0.0896,-0.2271,0.3944,0.3941,-0.0052,-0.3414,-0.0152,-0.0052,-0.3414
C+H5,30,10,60,投票≥3,open,-10%,0.0834,-0.2246,0.3714,0.3933,-0.0091,-0.3385,-0.0268,-0.0091,-0.3385
C+H5,30,10,60,投票≥3,close,无,0.0319,-0.2390,0.1334,0.3941,-0.0370,-0.3409,-0.1086,-0.0370,-0.3409
C+H5,30,10,60,投票≥3,close,-10%,0.0248,-0.2494,0.0996,0.3926,-0.0316,-0.3250,-0.0974,-0.0316,-0.3250
C+H5,100,5,20,不择时,open,无,-0.0424,-0.5032,-0.0843,1.0000,0.1405,-0.3901,0.3602,-0.0424,-0.5032
C+H5,100,5,20,不择时,open,-10%,-0.0612,-0.5420,-0.1129,1.0000,0.1110,-0.3937,0.2818,-0.0612,-0.5420
C+H5,100,5,20,不择时,close,无,0.0280,-0.4233,0.0662,1.0000,0.0692,-0.4681,0.1478,0.0280,-0.4681
C+H5,100,5,20,不择时,close,-10%,0.0352,-0.4108,0.0857,1.0000,0.0676,-0.4643,0.1456,0.0352,-0.4643
C+H5,100,5,20,投票≥3,open,无,0.0405,-0.2154,0.1882,0.4644,-0.0248,-0.4668,-0.0531,-0.0248,-0.4668
C+H5,100,5,20,投票≥3,open,-10%,0.0377,-0.2235,0.1686,0.4644,-0.0270,-0.4625,-0.0583,-0.0270,-0.4625
C+H5,100,5,20,投票≥3,close,无,-0.0443,-0.2638,-0.1677,0.4644,-0.1066,-0.4143,-0.2574,-0.1066,-0.4143
C+H5,100,5,20,投票≥3,close,-10%,-0.0440,-0.2619,-0.1679,0.4644,-0.0954,-0.4100,-0.2328,-0.0954,-0.4100
C+H5,100,5,60,不择时,open,无,-0.0264,-0.4820,-0.0548,1.0000,0.2909,-0.3669,0.7928,-0.0264,-0.4820
C+H5,100,5,60,不择时,open,-10%,-0.0369,-0.5434,-0.0678,1.0000,0.2979,-0.4066,0.7326,-0.0369,-0.5434
C+H5,100,5,60,不择时,close,无,0.0290,-0.4897,0.0592,1.0000,0.2065,-0.4532,0.4555,0.0290,-0.4897
C+H5,100,5,60,不择时,close,-10%,0.0247,-0.4769,0.0517,1.0000,0.1981,-0.4675,0.4237,0.0247,-0.4769
C+H5,100,5,60,投票≥3,open,无,0.0940,-0.2216,0.4243,0.4644,0.0750,-0.3881,0.1932,0.0750,-0.3881
C+H5,100,5,60,投票≥3,open,-10%,0.0862,-0.2156,0.3997,0.4644,0.0812,-0.3881,0.2091,0.0812,-0.3881
C+H5,100,5,60,投票≥3,close,无,0.0292,-0.2650,0.1103,0.4647,0.0064,-0.3348,0.0191,0.0064,-0.3348
C+H5,100,5,60,投票≥3,close,-10%,0.0252,-0.2641,0.0955,0.4647,0.0116,-0.3327,0.0349,0.0116,-0.3327
C+H5,100,10,20,不择时,open,无,-0.0233,-0.4847,-0.0481,1.0000,0.1083,-0.3477,0.3114,-0.0233,-0.4847
C+H5,100,10,20,不择时,open,-10%,-0.0381,-0.4866,-0.0783,1.0000,0.1098,-0.3246,0.3384,-0.0381,-0.4866
C+H5,100,10,20,不择时,close,无,-0.0047,-0.5058,-0.0093,1.0000,0.0081,-0.4305,0.0187,-0.0047,-0.5058
C+H5,100,10,20,不择时,close,-10%,-0.0118,-0.5030,-0.0234,1.0000,0.0015,-0.4337,0.0035,-0.0118,-0.5030
C+H5,100,10,20,投票≥3,open,无,0.0342,-0.1976,0.1732,0.4644,-0.0098,-0.4168,-0.0236,-0.0098,-0.4168
C+H5,100,10,20,投票≥3,open,-10%,0.0213,-0.2126,0.1002,0.4644,-0.0113,-0.4130,-0.0275,-0.0113,-0.4130
C+H5,100,10,20,投票≥3,close,无,-0.0191,-0.2559,-0.0745,0.4646,-0.0563,-0.3456,-0.1628,-0.0563,-0.3456
C+H5,100,10,20,投票≥3,close,-10%,-0.0180,-0.2532,-0.0711,0.4646,-0.0539,-0.3456,-0.1560,-0.0539,-0.3456
C+H5,100,10,60,不择时,open,无,0.0092,-0.4954,0.0187,1.0000,0.2126,-0.4359,0.4877,0.0092,-0.4954
C+H5,100,10,60,不择时,open,-10%,0.0230,-0.4708,0.0489,1.0000,0.2196,-0.4074,0.5390,0.0230,-0.4708
C+H5,100,10,60,不择时,close,无,0.0573,-0.4627,0.1237,1.0000,0.1953,-0.4581,0.4264,0.0573,-0.4627
C+H5,100,10,60,不择时,close,-10%,0.0469,-0.4375,0.1071,1.0000,0.2143,-0.4436,0.4831,0.0469,-0.4436
C+H5,100,10,60,投票≥3,open,无,0.0709,-0.2408,0.2944,0.4644,0.0530,-0.3443,0.1539,0.0530,-0.3443
C+H5,100,10,60,投票≥3,open,-10%,0.0777,-0.2591,0.2999,0.4644,0.0500,-0.3415,0.1463,0.0500,-0.3415
C+H5,100,10,60,投票≥3,close,无,0.0033,-0.2536,0.0131,0.4646,0.0224,-0.3216,0.0697,0.0033,-0.3216
C+H5,100,10,60,投票≥3,close,-10%,0.0028,-0.2732,0.0101,0.4646,0.0295,-0.3216,0.0918,0.0028,-0.3216
