区间,持股,门槛,滑点,年化,最大回撤,日均毛收益,交易天数占比
研究期,1,不设,0.00000,0.11798,-0.25050,0.00161,1.00000
研究期,1,不设,0.00050,-0.12322,-0.43788,0.00161,1.00000
研究期,1,不设,0.00100,-0.31255,-0.76236,0.00161,1.00000
研究期,1,0.0%,0.00000,0.12410,-0.25050,0.00163,0.99889
研究期,1,0.0%,0.00050,-0.11818,-0.43788,0.00163,0.99889
研究期,1,0.0%,0.00100,-0.30841,-0.75701,0.00163,0.99889
研究期,1,0.1%,0.00000,0.12439,-0.25050,0.00163,0.99778
研究期,1,0.1%,0.00050,-0.11772,-0.43788,0.00163,0.99778
研究期,1,0.1%,0.00100,-0.30786,-0.75629,0.00163,0.99778
研究期,1,0.2%,0.00000,0.11513,-0.24996,0.00156,0.95893
研究期,1,0.2%,0.00050,-0.11668,-0.43593,0.00156,0.95893
研究期,1,0.2%,0.00100,-0.30047,-0.74651,0.00156,0.95893
研究期,1,0.3%,0.00000,0.06327,-0.24234,0.00070,0.38659
研究期,1,0.3%,0.00050,-0.03207,-0.30371,0.00070,0.38659
研究期,1,0.3%,0.00100,-0.11893,-0.42614,0.00070,0.38659
研究期,3,不设,0.00000,0.13404,-0.18788,0.00164,1.00000
研究期,3,不设,0.00050,-0.11061,-0.40718,0.00164,1.00000
研究期,3,不设,0.00100,-0.30265,-0.74112,0.00164,1.00000
研究期,3,0.0%,0.00000,0.13859,-0.18788,0.00166,0.99889
研究期,3,0.0%,0.00050,-0.10680,-0.39771,0.00166,0.99889
研究期,3,0.0%,0.00100,-0.29947,-0.73672,0.00166,0.99889
研究期,3,0.1%,0.00000,0.13822,-0.18788,0.00165,0.99778
研究期,3,0.1%,0.00050,-0.10668,-0.39743,0.00165,0.99778
研究期,3,0.1%,0.00100,-0.29906,-0.73615,0.00165,0.99778
研究期,3,0.2%,0.00000,0.12428,-0.19391,0.00153,0.95893
研究期,3,0.2%,0.00050,-0.10315,-0.38529,0.00153,0.95893
研究期,3,0.2%,0.00100,-0.28474,-0.71418,0.00153,0.95893
研究期,3,0.3%,0.00000,0.07719,-0.16859,0.00063,0.38659
研究期,3,0.3%,0.00050,0.00336,-0.19726,0.00063,0.38659
研究期,3,0.3%,0.00100,-0.06547,-0.27818,0.00063,0.38659
研究期,5,不设,0.00000,0.05804,-0.17906,0.00135,1.00000
研究期,5,不设,0.00050,-0.17027,-0.51876,0.00135,1.00000
研究期,5,不设,0.00100,-0.34947,-0.79739,0.00135,1.00000
研究期,5,0.0%,0.00000,0.06311,-0.17906,0.00137,0.99889
研究期,5,0.0%,0.00050,-0.16607,-0.50966,0.00137,0.99889
研究期,5,0.0%,0.00100,-0.34600,-0.79335,0.00137,0.99889
研究期,5,0.1%,0.00000,0.06166,-0.18242,0.00136,0.99778
研究期,5,0.1%,0.00050,-0.16667,-0.51097,0.00136,0.99778
研究期,5,0.1%,0.00100,-0.34605,-0.79340,0.00136,0.99778
研究期,5,0.2%,0.00000,0.05489,-0.19571,0.00123,0.95893
研究期,5,0.2%,0.00050,-0.15250,-0.47788,0.00123,0.95893
研究期,5,0.2%,0.00100,-0.31926,-0.75954,0.00123,0.95893
研究期,5,0.3%,0.00000,0.06806,-0.12008,0.00054,0.38659
研究期,5,0.3%,0.00050,0.00618,-0.14320,0.00054,0.38659
研究期,5,0.3%,0.00100,-0.05216,-0.24559,0.00054,0.38659
研究期,10,不设,0.00000,0.02441,-0.17401,0.00122,1.00000
研究期,10,不设,0.00050,-0.19667,-0.57096,0.00122,1.00000
研究期,10,不设,0.00100,-0.37019,-0.82011,0.00122,1.00000
研究期,10,0.0%,0.00000,0.03023,-0.17401,0.00124,0.99889
研究期,10,0.0%,0.00050,-0.19188,-0.56141,0.00124,0.99889
研究期,10,0.0%,0.00100,-0.36626,-0.81592,0.00124,0.99889
研究期,10,0.1%,0.00000,0.02807,-0.17965,0.00122,0.99778
研究期,10,0.1%,0.00050,-0.19282,-0.56329,0.00122,0.99778
研究期,10,0.1%,0.00100,-0.36640,-0.81607,0.00122,0.99778
研究期,10,0.2%,0.00000,0.02180,-0.17621,0.00101,0.95893
研究期,10,0.2%,0.00050,-0.16533,-0.50823,0.00101,0.95893
研究期,10,0.2%,0.00100,-0.31831,-0.75866,0.00101,0.95893
研究期,10,0.3%,0.00000,0.07101,-0.06089,0.00049,0.38659
研究期,10,0.3%,0.00050,0.02207,-0.07449,0.00049,0.38659
研究期,10,0.3%,0.00100,-0.02468,-0.16335,0.00049,0.38659
研究期,20,不设,0.00000,0.01998,-0.16963,0.00120,1.00000
研究期,20,不设,0.00050,-0.20015,-0.57077,0.00120,1.00000
研究期,20,不设,0.00100,-0.37292,-0.82321,0.00120,1.00000
研究期,20,0.0%,0.00000,0.02580,-0.16963,0.00122,0.99889
研究期,20,0.0%,0.00050,-0.19526,-0.56098,0.00122,0.99889
研究期,20,0.0%,0.00100,-0.36884,-0.81891,0.00122,0.99889
研究期,20,0.1%,0.00000,0.02318,-0.17903,0.00120,0.99778
研究期,20,0.1%,0.00050,-0.19650,-0.56347,0.00120,0.99778
研究期,20,0.1%,0.00100,-0.36916,-0.81926,0.00120,0.99778
研究期,20,0.2%,0.00000,0.01194,-0.15949,0.00084,0.95893
研究期,20,0.2%,0.00050,-0.15042,-0.47497,0.00084,0.95893
研究期,20,0.2%,0.00100,-0.28684,-0.71776,0.00084,0.95893
研究期,20,0.3%,0.00000,0.07880,-0.04239,0.00047,0.38659
研究期,20,0.3%,0.00050,0.04117,-0.04739,0.00047,0.38659
研究期,20,0.3%,0.00100,0.00482,-0.08553,0.00047,0.38659
样本外,1,不设,0.00000,-0.04721,-0.25010,0.00138,1.00000
样本外,1,不设,0.00050,-0.25290,-0.58912,0.00138,1.00000
样本外,1,不设,0.00100,-0.41432,-0.79866,0.00138,1.00000
样本外,1,0.0%,0.00000,-0.04721,-0.25010,0.00138,1.00000
样本外,1,0.0%,0.00050,-0.25290,-0.58912,0.00138,1.00000
样本外,1,0.0%,0.00100,-0.41432,-0.79866,0.00138,1.00000
样本外,1,0.1%,0.00000,-0.04721,-0.25010,0.00138,1.00000
样本外,1,0.1%,0.00050,-0.25290,-0.58912,0.00138,1.00000
样本外,1,0.1%,0.00100,-0.41432,-0.79866,0.00138,1.00000
样本外,1,0.2%,0.00000,-0.04251,-0.24236,0.00139,0.99451
样本外,1,0.2%,0.00050,-0.24821,-0.58134,0.00139,0.99451
样本外,1,0.2%,0.00100,-0.40985,-0.79402,0.00139,0.99451
样本外,1,0.3%,0.00000,-0.07638,-0.22495,0.00071,0.65120
样本外,1,0.3%,0.00050,-0.21169,-0.49949,0.00071,0.65120
样本外,1,0.3%,0.00100,-0.32729,-0.68395,0.00071,0.65120
样本外,3,不设,0.00000,-0.01961,-0.25315,0.00145,1.00000
样本外,3,不设,0.00050,-0.23122,-0.54915,0.00145,1.00000
样本外,3,不设,0.00100,-0.39731,-0.78083,0.00145,1.00000
样本外,3,0.0%,0.00000,-0.01961,-0.25315,0.00145,1.00000
样本外,3,0.0%,0.00050,-0.23122,-0.54915,0.00145,1.00000
样本外,3,0.0%,0.00100,-0.39731,-0.78083,0.00145,1.00000
样本外,3,0.1%,0.00000,-0.01961,-0.25315,0.00145,1.00000
样本外,3,0.1%,0.00050,-0.23122,-0.54915,0.00145,1.00000
样本外,3,0.1%,0.00100,-0.39731,-0.78083,0.00145,1.00000
样本外,3,0.2%,0.00000,-0.01485,-0.24574,0.00146,0.99451
样本外,3,0.2%,0.00050,-0.22568,-0.53934,0.00146,0.99451
样本外,3,0.2%,0.00100,-0.39153,-0.77448,0.00146,0.99451
样本外,3,0.3%,0.00000,-0.03127,-0.19607,0.00073,0.65120
样本外,3,0.3%,0.00050,-0.15350,-0.40048,0.00073,0.65120
样本外,3,0.3%,0.00100,-0.26040,-0.58817,0.00073,0.65120
样本外,5,不设,0.00000,-0.03095,-0.24194,0.00140,1.00000
样本外,5,不设,0.00050,-0.24012,-0.56304,0.00140,1.00000
样本外,5,不设,0.00100,-0.40429,-0.78781,0.00140,1.00000
样本外,5,0.0%,0.00000,-0.03095,-0.24194,0.00140,1.00000
样本外,5,0.0%,0.00050,-0.24012,-0.56304,0.00140,1.00000
样本外,5,0.0%,0.00100,-0.40429,-0.78781,0.00140,1.00000
样本外,5,0.1%,0.00000,-0.03095,-0.24194,0.00140,1.00000
样本外,5,0.1%,0.00050,-0.24012,-0.56304,0.00140,1.00000
样本外,5,0.1%,0.00100,-0.40429,-0.78781,0.00140,1.00000
样本外,5,0.2%,0.00000,-0.02626,-0.22670,0.00140,0.99451
样本外,5,0.2%,0.00050,-0.23374,-0.55194,0.00140,0.99451
样本外,5,0.2%,0.00100,-0.39715,-0.78009,0.00140,0.99451
样本外,5,0.3%,0.00000,-0.04310,-0.18580,0.00058,0.65120
样本外,5,0.3%,0.00050,-0.15165,-0.39525,0.00058,0.65120
样本外,5,0.3%,0.00100,-0.24797,-0.56681,0.00058,0.65120
样本外,10,不设,0.00000,-0.06884,-0.23435,0.00123,1.00000
样本外,10,不设,0.00050,-0.26987,-0.61188,0.00123,1.00000
样本外,10,不设,0.00100,-0.42763,-0.81197,0.00123,1.00000
样本外,10,0.0%,0.00000,-0.06884,-0.23435,0.00123,1.00000
样本外,10,0.0%,0.00050,-0.26987,-0.61188,0.00123,1.00000
样本外,10,0.0%,0.00100,-0.42763,-0.81197,0.00123,1.00000
样本外,10,0.1%,0.00000,-0.06920,-0.23342,0.00123,1.00000
样本外,10,0.1%,0.00050,-0.26998,-0.61206,0.00123,1.00000
样本外,10,0.1%,0.00100,-0.42758,-0.81193,0.00123,1.00000
样本外,10,0.2%,0.00000,-0.06443,-0.22134,0.00121,0.99451
样本外,10,0.2%,0.00050,-0.26198,-0.59919,0.00121,0.99451
样本外,10,0.2%,0.00100,-0.41795,-0.80229,0.00121,0.99451
样本外,10,0.3%,0.00000,-0.03092,-0.14471,0.00049,0.65120
样本外,10,0.3%,0.00050,-0.12119,-0.32904,0.00049,0.65120
样本外,10,0.3%,0.00100,-0.20312,-0.48609,0.00049,0.65120
样本外,20,不设,0.00000,-0.08488,-0.25513,0.00116,1.00000
样本外,20,不设,0.00050,-0.28245,-0.63163,0.00116,1.00000
样本外,20,不设,0.00100,-0.43751,-0.82158,0.00116,1.00000
样本外,20,0.0%,0.00000,-0.08488,-0.25513,0.00116,1.00000
样本外,20,0.0%,0.00050,-0.28245,-0.63163,0.00116,1.00000
样本外,20,0.0%,0.00100,-0.43751,-0.82158,0.00116,1.00000
样本外,20,0.1%,0.00000,-0.08575,-0.25725,0.00115,1.00000
样本外,20,0.1%,0.00050,-0.28280,-0.63216,0.00115,1.00000
样本外,20,0.1%,0.00100,-0.43751,-0.82159,0.00115,1.00000
样本外,20,0.2%,0.00000,-0.07355,-0.23076,0.00114,0.99451
样本外,20,0.2%,0.00050,-0.26570,-0.60480,0.00114,0.99451
样本外,20,0.2%,0.00100,-0.41814,-0.80253,0.00114,0.99451
样本外,20,0.3%,0.00000,-0.03587,-0.12806,0.00033,0.65120
样本外,20,0.3%,0.00050,-0.10662,-0.29153,0.00033,0.65120
样本外,20,0.3%,0.00100,-0.17223,-0.42654,0.00033,0.65120
