,研究期_on,研究期_id,样本外_on,样本外_id,研究期_onx,研究期_idx,样本外_onx,样本外_idx
ABVOL250,0.0,0.0,0.5,0.0,0.8,0.2,0.6,0.3
ABVOL5,0.0,0.0,0.3,0.0,1.5,0.9,1.7,0.8
AMIHUD20,0.0,0.0,0.0,0.0,0.3,0.2,0.2,0.2
AMP,2.8,0.0,13.6,0.0,11.3,1.9,3.1,1.4
ATTN60,0.0,0.0,0.0,0.0,0.2,0.0,0.2,0.0
BIGUP20,0.0,0.0,0.0,0.0,0.2,0.0,0.1,0.0
CGO250,0.0,0.0,0.1,0.0,0.1,0.6,0.0,0.5
CGO60,0.0,0.0,0.0,0.0,0.2,0.6,0.2,0.7
CLOSEVWAP,0.1,0.0,0.6,0.0,5.7,1.5,3.7,1.0
CPOS,0.0,0.1,1.5,0.0,4.6,1.6,2.3,1.3
DH20,0.0,0.0,0.0,0.0,0.4,2.5,0.1,1.2
DNLIM20,0.3,0.0,0.6,0.0,0.0,0.0,0.1,0.1
EXTREME60,0.0,0.0,0.5,0.0,0.9,0.2,0.3,0.0
GAP,0.0,0.0,3.6,0.0,3.5,0.6,4.0,0.2
HIGH250,0.0,0.0,0.1,0.0,0.3,0.8,0.1,0.8
INTRA20,0.0,0.0,0.0,0.0,0.7,0.7,0.6,0.6
LB,0.0,0.0,0.0,0.0,0.0,0.2,0.0,0.1
LOW250,0.0,0.0,0.1,0.0,0.3,1.2,0.3,1.3
LOWPRICE,0.0,0.0,0.0,0.0,0.5,0.5,0.1,0.7
MAX20,0.0,0.0,0.3,0.0,1.3,0.8,1.2,0.6
MIN20,0.0,0.0,1.4,0.0,0.7,0.1,0.6,0.4
M_AMT,0.2,0.4,6.5,2.7,0.4,0.3,0.2,0.4
M_AMT_5,0.0,2.5,12.0,0.0,0.2,1.1,0.1,0.5
M_AMT_z,1.6,0.0,8.6,0.0,0.3,0.4,0.2,0.3
M_BIGDN,0.0,3.9,10.6,4.5,1.3,0.5,1.5,0.1
M_BIGDN_5,0.9,22.3,8.4,40.6,0.4,0.4,0.2,0.2
M_BIGDN_z,0.0,1.9,2.1,4.0,0.1,0.1,0.1,0.7
M_BREADTH,0.1,4.8,3.6,1.1,0.2,0.2,0.3,0.2
M_BREADTH_5,0.5,1.2,2.6,1.8,0.4,0.1,0.1,0.4
M_BREADTH_z,8.7,7.4,2.1,1.2,0.3,0.2,0.0,0.1
M_DN,0.4,0.0,3.8,4.3,3.0,0.3,1.1,0.1
M_DN_5,0.9,49.7,8.3,33.1,0.6,0.1,0.4,0.2
M_DN_z,12.5,1.5,9.7,1.7,0.1,0.2,0.0,0.3
M_LB2,0.6,7.1,7.9,9.6,0.3,0.2,0.2,0.3
M_LB2_5,1.3,0.0,5.8,5.4,0.9,1.0,0.8,0.7
M_LB2_z,0.1,0.0,3.2,0.0,0.2,0.5,0.0,0.2
M_LBMAX,0.0,0.0,1.2,0.0,0.1,0.1,0.1,0.0
M_LBMAX_5,0.6,0.0,9.0,0.0,0.2,0.1,0.1,0.4
M_LBMAX_z,1.4,1.5,12.3,0.0,0.2,0.3,0.0,0.2
M_MED,0.3,3.0,25.8,3.6,0.7,0.1,0.3,0.2
M_MED_5,0.2,6.5,3.1,0.0,0.4,0.1,0.3,0.2
M_MED_z,0.1,0.0,0.7,0.0,0.2,0.1,0.2,0.1
M_RELAY,0.3,4.7,4.0,1.5,0.1,0.2,0.2,0.2
M_RELAY_5,1.1,4.7,4.0,3.5,0.1,0.7,0.2,0.6
M_RELAY_ON,0.3,2.6,28.3,0.0,0.9,0.1,0.2,0.1
M_RELAY_ON_5,0.1,7.0,3.3,1.5,0.1,0.3,0.0,0.1
M_RELAY_ON_z,4.3,1.7,10.6,0.5,2.4,0.2,1.1,0.1
M_RELAY_z,6.4,0.0,2.1,3.7,0.3,0.3,0.2,0.3
M_UP,0.1,0.0,4.7,5.7,0.6,0.5,0.4,0.4
M_UP_5,0.0,2.4,19.0,2.8,1.0,0.8,0.5,0.4
M_UP_z,0.1,0.0,1.8,0.0,0.3,0.4,0.1,0.6
M_ZB,0.6,5.3,4.0,0.2,0.1,0.1,0.0,0.0
M_ZB_5,0.0,16.6,4.0,6.6,0.1,0.4,0.0,0.2
M_ZB_z,0.0,0.0,1.9,0.0,0.1,0.1,0.0,0.0
NUP10,0.5,0.0,3.3,0.0,2.2,0.0,0.8,0.0
OVN20,0.0,0.0,0.8,0.0,2.3,0.5,1.7,0.3
PVCORR20,0.0,0.0,0.0,0.0,0.2,0.2,0.0,0.1
R1,6.5,0.9,39.9,0.9,11.1,0.5,6.7,0.7
R3,1.8,0.0,5.5,0.0,0.5,0.9,0.3,1.1
R5,0.0,0.0,0.9,0.0,1.2,0.7,0.5,0.6
REV120,0.0,0.0,0.4,0.0,0.1,0.2,0.1,0.3
REV20,0.0,0.0,0.0,0.0,0.5,0.3,0.4,0.3
REV5,0.0,0.0,0.9,0.0,0.4,0.7,1.0,0.6
SKEW20,0.0,0.0,0.0,0.0,0.1,0.1,0.1,0.0
SMALL20,0.0,0.0,0.2,0.0,0.6,0.8,0.4,0.6
TOUCH0,0.0,0.0,0.0,0.0,0.1,0.0,0.0,0.0
UP0,0.0,0.0,0.0,0.0,0.0,0.0,0.0,0.0
UPDAYS10,0.0,0.0,1.5,0.0,2.7,0.0,3.5,0.0
UPVOL20,0.0,0.0,0.0,0.0,0.0,0.1,0.0,0.1
USHADOW20,0.0,0.0,0.0,0.0,0.2,0.2,0.2,0.3
VOL20,0.0,0.0,0.5,0.0,1.0,0.5,0.2,0.5
VOLVOL20,0.0,0.0,0.1,0.0,0.8,0.1,0.3,0.1
VR20,0.4,0.0,7.3,0.0,18.9,2.6,12.4,2.3
VR5,0.1,0.0,1.7,0.0,2.7,1.0,1.5,0.8
ZB0,0.0,0.0,0.0,0.0,0.0,0.0,0.0,0.0
