低位,低开,每笔扣成本,每年笔数
20日中位×0.9,1%-2%,-0.0017,22.4167
20日中位×0.9,2%-3%,0.0077,11.5833
20日中位×0.9,3%-4%,0.0268,5.4167
20日中位×0.9,4%-5%,0.0075,2.4167
20日中位×0.9,5%-7%,0.0281,0.9167
20日中位×0.9,7%-10%,0.0433,0.5833
20日中位×0.9,2%-5%,0.0130,19.4167
20日中位×0.9,2%-7%,0.0137,20.3333
20日中位×1.0,1%-2%,-0.0001,66.3333
20日中位×1.0,2%-3%,0.0047,38.5000
20日中位×1.0,3%-4%,0.0140,17.3333
20日中位×1.0,4%-5%,0.0034,6.7500
20日中位×1.0,5%-7%,0.0027,2.5833
20日中位×1.0,7%-10%,0.0291,1.4167
20日中位×1.0,2%-5%,0.0071,62.5833
20日中位×1.0,2%-7%,0.0070,65.1667
20日中位×1.1,1%-2%,-0.0010,129.7500
20日中位×1.1,2%-3%,-0.0007,77.8333
20日中位×1.1,3%-4%,0.0077,36.1667
20日中位×1.1,4%-5%,0.0029,15.5833
20日中位×1.1,5%-7%,-0.0104,7.7500
20日中位×1.1,7%-10%,0.0100,3.7500
20日中位×1.1,2%-5%,0.0021,129.5833
20日中位×1.1,2%-7%,0.0014,137.3333
60日中位×0.9,1%-2%,-0.0000,37.5000
60日中位×0.9,2%-3%,0.0028,21.1667
60日中位×0.9,3%-4%,0.0274,10.0000
60日中位×0.9,4%-5%,0.0101,3.7500
60日中位×0.9,5%-7%,0.0347,1.1667
60日中位×0.9,7%-10%,0.0826,0.7500
60日中位×0.9,2%-5%,0.0107,34.9167
60日中位×0.9,2%-7%,0.0114,36.0833
60日中位×1.0,1%-2%,-0.0017,71.6667
60日中位×1.0,2%-3%,0.0011,43.6667
60日中位×1.0,3%-4%,0.0207,18.6667
60日中位×1.0,4%-5%,0.0056,7.1667
60日中位×1.0,5%-7%,0.0171,2.5833
60日中位×1.0,7%-10%,0.0269,1.7500
60日中位×1.0,2%-5%,0.0068,69.5000
60日中位×1.0,2%-7%,0.0072,72.0833
60日中位×1.1,1%-2%,-0.0019,109.8333
60日中位×1.1,2%-3%,-0.0003,65.7500
60日中位×1.1,3%-4%,0.0100,31.1667
60日中位×1.1,4%-5%,0.0032,12.1667
60日中位×1.1,5%-7%,0.0102,6.1667
60日中位×1.1,7%-10%,0.0116,2.5833
60日中位×1.1,2%-5%,0.0031,109.0833
60日中位×1.1,2%-7%,0.0034,115.2500
120日中位×0.9,1%-2%,0.0020,42.3333
120日中位×0.9,2%-3%,0.0030,24.9167
120日中位×0.9,3%-4%,0.0233,10.6667
120日中位×0.9,4%-5%,-0.0002,4.5833
120日中位×0.9,5%-7%,0.0283,1.7500
120日中位×0.9,7%-10%,0.0529,1.3333
120日中位×0.9,2%-5%,0.0080,40.1667
120日中位×0.9,2%-7%,0.0089,41.9167
120日中位×1.0,1%-2%,0.0002,70.0833
120日中位×1.0,2%-3%,0.0014,43.7500
120日中位×1.0,3%-4%,0.0145,20.0000
120日中位×1.0,4%-5%,-0.0000,7.5833
120日中位×1.0,5%-7%,0.0173,3.0833
120日中位×1.0,7%-10%,0.0208,2.0833
120日中位×1.0,2%-5%,0.0049,71.3333
120日中位×1.0,2%-7%,0.0054,74.4167
120日中位×1.1,1%-2%,-0.0010,98.3333
120日中位×1.1,2%-3%,0.0000,60.5000
120日中位×1.1,3%-4%,0.0106,28.1667
120日中位×1.1,4%-5%,-0.0014,11.7500
120日中位×1.1,5%-7%,-0.0007,6.2500
120日中位×1.1,7%-10%,0.0082,2.6667
120日中位×1.1,2%-5%,0.0028,100.4167
120日中位×1.1,2%-7%,0.0026,106.6667
