因子,RankIC,ICIR,行业中性IC,行业中性ICIR,IC同号年份,最像的原因子,相关,IC2016,IC2017,IC2018,IC2019,IC2020,IC2021,IC2022,IC2023,IC2024,IC2025,IC2026
ATTN60,0.0452,0.4328,0.0363,0.4993,11/11,VOL20,0.3341,0.0529,0.0464,0.0361,0.0388,0.0518,0.0510,0.0254,0.0466,0.0483,0.0475,0.0559
ABVOL250,0.0554,0.4329,0.0443,0.4761,11/11,VOL20,0.5655,0.0772,0.0510,0.0513,0.0480,0.0273,0.0607,0.0683,0.0589,0.0549,0.0666,0.0408
EXTREME60,0.0571,0.3301,0.0500,0.4040,11/11,VOL20,0.6806,0.0582,0.0592,0.0372,0.0615,0.0633,0.0639,0.0568,0.0763,0.0840,0.0318,0.0278
UPVOL20,0.0324,0.2830,0.0290,0.3584,11/11,REV20,0.6814,0.0311,0.0273,0.0294,0.0532,0.0179,0.0202,0.0304,0.0381,0.0338,0.0299,0.0499
LOW250,0.0454,0.2607,0.0394,0.3087,11/11,SMALL20,0.5716,0.0850,0.0257,0.0277,0.0470,0.0061,0.0528,0.0563,0.0643,0.0530,0.0389,0.0406
CGO60,-0.0476,-0.2778,-0.0406,-0.3036,11/11,REV20,-0.7718,-0.0749,-0.0220,-0.0464,-0.0573,-0.0153,-0.0517,-0.0497,-0.0495,-0.0273,-0.0778,-0.0518
MIN20,-0.0361,-0.2131,-0.0296,-0.2490,11/11,VOL20,-0.7330,-0.0223,-0.0395,-0.0187,-0.0156,-0.0393,-0.0535,-0.0268,-0.0562,-0.0676,-0.0295,-0.0261
REV120,0.0302,0.1764,0.0239,0.1792,10/11,SMALL20,0.3878,0.0603,0.0032,0.0173,0.0395,-0.0138,0.0402,0.0554,0.0202,0.0227,0.0611,0.0234
CGO250,-0.0312,-0.1764,-0.0245,-0.1705,9/11,REV20,-0.4225,-0.0733,0.0043,-0.0239,-0.0359,0.0157,-0.0383,-0.0471,-0.0309,-0.0159,-0.0696,-0.0262
UPDAYS10,0.0138,0.1276,0.0119,0.1551,9/11,REV5,0.4300,0.0052,-0.0098,0.0033,0.0254,-0.0005,0.0074,0.0072,0.0459,0.0223,0.0311,0.0148
DNLIM20,-0.0127,-0.1221,-0.0114,-0.1448,9/11,VOL20,-0.3729,0.0009,-0.0221,0.0022,-0.0115,-0.0187,-0.0267,-0.0135,-0.0215,-0.0150,-0.0058,-0.0063
HIGH250,-0.0067,-0.0394,-0.0033,-0.0239,7/11,REV20,-0.3920,-0.0432,0.0172,-0.0065,-0.0066,0.0340,-0.0135,-0.0198,0.0023,0.0204,-0.0528,-0.0040
