datetime,value,turnover,cost,n_hold,return,bench,excess
2020-01-02,1000000.000000,0.000000,0.000000,0,0.000000,0.019675,-0.019675
2020-01-03,999538.917002,0.922166,0.000461,48,-0.000461,0.005193,-0.005654
2020-01-06,1005339.303845,0.096271,0.000067,50,0.005803,0.010286,-0.004483
2020-01-07,1014455.431151,0.084518,0.000062,50,0.009068,0.015201,-0.006133
2020-01-08,1007390.650100,0.078241,0.000059,50,-0.006964,-0.013651,0.006687
2020-01-09,1020128.274773,0.082674,0.000062,50,0.012644,0.015887,-0.003243
2020-01-10,1022638.635920,0.088788,0.000067,50,0.002461,-0.002096,0.004557
2020-01-13,1030570.761703,0.074572,0.000058,50,0.007757,0.012787,-0.005031
2020-01-14,1029549.590620,0.048898,0.000035,51,-0.000991,-0.002128,0.001137
2020-01-15,1032275.684566,0.039959,0.000030,51,0.002648,-0.000100,0.002748
2020-01-16,1023867.202872,0.031840,0.000024,51,-0.008146,-0.001926,-0.006219
2020-01-17,1020880.064987,0.074321,0.000060,50,-0.002918,-0.003849,0.000932
2020-01-20,1031879.923711,0.095223,0.000067,50,0.010775,0.012835,-0.002060
2020-01-21,1019426.779734,0.069028,0.000052,50,-0.012068,-0.008902,-0.003166
2020-01-22,1021027.208529,0.072726,0.000055,50,0.001570,0.003004,-0.001434
2020-01-23,989888.100147,0.081541,0.000061,50,-0.030498,-0.037263,0.006765
2020-02-03,902674.686207,0.000000,0.000000,50,-0.088104,-0.087533,-0.000572
2020-02-04,899867.989793,0.087035,0.000065,50,-0.003109,0.002296,-0.005405
2020-02-05,926271.155795,0.118044,0.000090,50,0.029341,0.026139,0.003202
2020-02-06,950933.202128,0.089958,0.000065,50,0.026625,0.031281,-0.004656
2020-02-07,962957.489557,0.035536,0.000030,51,0.012645,0.012321,0.000323
2020-02-10,979874.855949,0.071982,0.000058,50,0.017568,0.013962,0.003606
2020-02-11,976807.657879,0.083124,0.000058,50,-0.003130,-0.006765,0.003635
2020-02-12,996768.083752,0.064925,0.000049,50,0.020434,0.023296,-0.002862
2020-02-13,984244.737677,0.102852,0.000077,50,-0.012564,-0.008121,-0.004443
2020-02-14,989820.898579,0.072822,0.000055,50,0.005665,0.003557,0.002109
2020-02-17,1027866.531394,0.043545,0.000033,51,0.038437,0.036427,0.002009
2020-02-18,1057365.437610,0.065540,0.000052,50,0.028699,0.022860,0.005839
2020-02-19,1058320.199219,0.086815,0.000063,50,0.000903,-0.008916,0.009819
2020-02-20,1074013.955140,0.075367,0.000057,50,0.014829,0.019332,-0.004503
2020-02-21,1092886.228746,0.077478,0.000058,50,0.017572,0.017783,-0.000212
2020-02-24,1124018.146572,0.086414,0.000072,49,0.028486,0.021932,0.006554
2020-02-25,1133198.824135,0.073334,0.000048,50,0.008168,0.004189,0.003978
2020-02-26,1122610.676441,0.063326,0.000049,49,-0.009344,-0.028921,0.019577
2020-02-27,1116885.394505,0.067771,0.000053,49,-0.005100,0.001647,-0.006747
2020-02-28,1047682.059707,0.054932,0.000037,50,-0.061961,-0.057945,-0.004016
2020-03-02,1090880.569124,0.078123,0.000059,50,0.041232,0.041295,-0.000062
2020-03-03,1105198.746234,0.101880,0.000076,50,0.013125,0.013492,-0.000366
2020-03-04,1116414.588444,0.084350,0.000064,50,0.010148,0.004945,0.005203
2020-03-05,1136090.027386,0.072138,0.000054,50,0.017624,0.014342,0.003282
2020-03-06,1131113.028450,0.098321,0.000074,50,-0.004381,-0.003023,-0.001358
2020-03-09,1087334.263226,0.069053,0.000052,50,-0.038704,-0.039246,0.000542
2020-03-10,1118392.478781,0.063924,0.000048,51,0.028564,0.025917,0.002646
2020-03-11,1107543.926807,0.040961,0.000030,51,-0.009700,-0.013454,0.003754
2020-03-12,1090681.511815,0.076034,0.000063,50,-0.015225,-0.020133,0.004908
2020-03-13,1077201.873155,0.107809,0.000080,50,-0.012359,-0.009030,-0.003328
2020-03-16,1029648.008762,0.093897,0.000066,50,-0.044146,-0.048388,0.004243
2020-03-17,1028315.939764,0.092750,0.000069,50,-0.001294,-0.002625,0.001331
2020-03-18,1013390.735948,0.091579,0.000068,50,-0.014514,-0.015384,0.000870
2020-03-19,1021236.353819,0.075054,0.000056,50,0.007742,0.010993,-0.003251
2020-03-20,1036700.479329,0.087110,0.000066,50,0.015143,0.009485,0.005657
2020-03-23,998037.151531,0.047920,0.000048,48,-0.037295,-0.044776,0.007481
2020-03-24,1019217.247163,0.107704,0.000069,50,0.021222,0.018589,0.002632
2020-03-25,1043096.716930,0.086864,0.000065,50,0.023429,0.023448,-0.000019
2020-03-26,1033411.960102,0.081359,0.000063,50,-0.009285,-0.009067,-0.000217
2020-03-27,1033159.692597,0.077494,0.000055,50,-0.000244,-0.007474,0.007230
2020-03-30,1010460.916511,0.077342,0.000058,50,-0.021970,-0.024885,0.002914
2020-03-31,1015878.162753,0.060046,0.000045,50,0.005361,0.002164,0.003197
2020-04-01,1018179.155792,0.088311,0.000066,50,0.002265,-0.004391,0.006656
2020-04-02,1036822.724941,0.065117,0.000050,50,0.018311,0.025040,-0.006729
2020-04-03,1033542.538113,0.071978,0.000053,50,-0.003164,-0.005684,0.002520
2020-04-07,1064198.071022,0.069274,0.000056,49,0.029661,0.034147,-0.004486
2020-04-08,1065909.194728,0.085335,0.000060,50,0.001608,0.004032,-0.002424
2020-04-09,1082580.241593,0.084779,0.000064,50,0.015640,0.012439,0.003201
2020-04-10,1065589.669098,0.079216,0.000059,50,-0.015695,-0.026209,0.010514
2020-04-13,1056954.585153,0.083545,0.000062,50,-0.008104,-0.010407,0.002303
2020-04-14,1075732.592421,0.076725,0.000058,50,0.017766,0.020280,-0.002514
2020-04-15,1075238.892435,0.080644,0.000061,50,-0.000459,-0.005982,0.005523
2020-04-16,1082102.894734,0.086363,0.000065,50,0.006384,0.007602,-0.001218
2020-04-17,1083210.463915,0.108946,0.000082,50,0.001024,0.001594,-0.000571
2020-04-20,1095608.717460,0.077600,0.000058,50,0.011446,0.016348,-0.004903
2020-04-21,1087758.275067,0.071226,0.000054,50,-0.007165,-0.005237,-0.001929
2020-04-22,1094076.022561,0.084146,0.000062,50,0.005808,0.009276,-0.003468
2020-04-23,1089151.128366,0.076152,0.000057,50,-0.004501,-0.006364,0.001863
2020-04-24,1071935.928194,0.075707,0.000057,50,-0.015806,-0.019686,0.003880
2020-04-27,1059499.742349,0.073471,0.000055,50,-0.011602,-0.005259,-0.006342
2020-04-28,1036262.230915,0.088001,0.000066,50,-0.021933,-0.014960,-0.006972
2020-04-29,1040029.973642,0.071338,0.000054,50,0.003636,-0.002440,0.006076
2020-04-30,1066603.414640,0.081576,0.000061,50,0.025551,0.023531,0.002020
2020-05-06,1088078.195470,0.083892,0.000063,50,0.020134,0.021882,-0.001748
2020-05-07,1083847.077403,0.071995,0.000054,50,-0.003889,-0.001129,-0.002760
2020-05-08,1102581.364178,0.071478,0.000054,50,0.017285,0.011543,0.005742
2020-05-11,1102416.876223,0.079252,0.000060,50,-0.000149,-0.001871,0.001722
2020-05-12,1100428.622295,0.080944,0.000060,50,-0.001804,0.003026,-0.004830
2020-05-13,1109205.550836,0.073017,0.000055,50,0.007976,0.008096,-0.000120
2020-05-14,1096984.104163,0.071433,0.000053,50,-0.011018,-0.009091,-0.001927
2020-05-15,1100744.641866,0.038716,0.000029,51,0.003428,0.004561,-0.001133
2020-05-18,1097707.008831,0.065555,0.000052,50,-0.002760,-0.005083,0.002324
2020-05-19,1104644.674574,0.081300,0.000059,50,0.006320,0.013065,-0.006745
2020-05-20,1095329.442758,0.082981,0.000062,50,-0.008433,-0.011919,0.003487
2020-05-21,1079901.379582,0.078704,0.000060,50,-0.014085,-0.012649,-0.001436
2020-05-22,1062667.852066,0.062686,0.000046,50,-0.015958,-0.018585,0.002627
2020-05-25,1061286.436866,0.080661,0.000060,50,-0.001300,-0.002116,0.000816
2020-05-26,1085670.591843,0.067821,0.000051,50,0.022976,0.024080,-0.001104
2020-05-27,1086513.718684,0.064162,0.000048,50,0.000777,-0.006279,0.007055
2020-05-28,1082908.458841,0.083005,0.000062,50,-0.003318,-0.002278,-0.001040
2020-05-29,1096555.178980,0.080097,0.000060,50,0.012602,0.009979,0.002623
2020-06-01,1130901.002258,0.057501,0.000044,50,0.031322,0.030498,0.000823
2020-06-02,1138964.790750,0.072574,0.000055,50,0.007130,0.001510,0.005621
2020-06-03,1140182.468238,0.075555,0.000056,50,0.001069,-0.001366,0.002435
2020-06-04,1138524.950479,0.101389,0.000076,50,-0.001454,0.002022,-0.003476
2020-06-05,1135912.696509,0.077351,0.000059,50,-0.002294,0.001427,-0.003721
2020-06-08,1135645.982465,0.093624,0.000070,50,-0.000235,-0.002311,0.002076
2020-06-09,1143125.164223,0.081758,0.000062,50,0.006586,0.006817,-0.000231
2020-06-10,1139025.921027,0.073156,0.000054,50,-0.003586,0.001155,-0.004741
2020-06-11,1133957.462788,0.058426,0.000044,50,-0.004450,-0.003622,-0.000828
2020-06-12,1141025.975445,0.067544,0.000051,50,0.006233,0.000624,0.005610
2020-06-15,1145015.181982,0.064719,0.000051,49,0.003496,-0.000366,0.003863
2020-06-16,1162838.320485,0.093443,0.000069,50,0.015566,0.020357,-0.004791
2020-06-17,1169278.237178,0.093119,0.000069,50,0.005538,0.004300,0.001238
2020-06-18,1164023.423396,0.089020,0.000067,50,-0.004494,-0.004670,0.000176
2020-06-19,1170495.493009,0.078310,0.000059,50,0.005560,0.006150,-0.000590
2020-06-22,1172468.112548,0.078603,0.000058,50,0.001685,0.006612,-0.004927
2020-06-23,1170960.948302,0.072531,0.000054,50,-0.001285,0.001747,-0.003032
2020-06-24,1166063.710661,0.059953,0.000045,50,-0.004182,-0.001816,-0.002366
2020-06-29,1163590.940346,0.056139,0.000043,50,-0.002121,-0.002600,0.000479
2020-06-30,1183200.356872,0.083867,0.000063,50,0.016853,0.017416,-0.000564
2020-07-01,1185859.055984,0.073035,0.000059,49,0.002247,0.003135,-0.000888
2020-07-02,1198210.161987,0.081449,0.000058,50,0.010415,0.011765,-0.001349
2020-07-03,1205435.294896,0.081455,0.000061,50,0.006030,0.010041,-0.004011
2020-07-06,1245699.889479,0.080375,0.000060,50,0.033403,0.038227,-0.004825
2020-07-07,1260198.289023,0.037895,0.000029,51,0.011639,0.013659,-0.002020
2020-07-08,1283470.532536,0.017725,0.000018,50,0.018467,0.022900,-0.004433
2020-07-09,1322954.090649,0.058462,0.000040,51,0.030763,0.029851,0.000912
2020-07-10,1309376.638694,0.069591,0.000056,50,-0.010263,-0.004422,-0.005841
2020-07-13,1351527.258936,0.079830,0.000058,50,0.032191,0.035336,-0.003145
2020-07-14,1347977.050487,0.101872,0.000076,50,-0.002627,-0.007848,0.005221
2020-07-15,1318218.795227,0.058598,0.000045,49,-0.022076,-0.029072,0.006995
2020-07-16,1254880.320698,0.048495,0.000036,50,-0.048049,-0.052348,0.004300
2020-07-17,1254739.817330,0.085636,0.000063,50,-0.000112,0.002129,-0.002241
2020-07-20,1292929.409626,0.104073,0.000078,50,0.030436,0.034129,-0.003693
2020-07-21,1303672.074260,0.090360,0.000068,50,0.008309,0.007870,0.000439
2020-07-22,1318484.831125,0.057743,0.000044,50,0.011362,0.009461,0.001902
2020-07-23,1313859.867925,0.054607,0.000041,50,-0.003508,-0.000828,-0.002680
2020-07-24,1261273.253096,0.110710,0.000083,50,-0.040025,-0.047058,0.007034
2020-07-27,1254910.672458,0.052378,0.000039,50,-0.005045,0.000280,-0.005325
2020-07-28,1273653.962814,0.073839,0.000056,50,0.014936,0.010522,0.004414
2020-07-29,1306183.004627,0.094417,0.000071,50,0.025540,0.029541,-0.004001
2020-07-30,1307698.442285,0.084766,0.000064,50,0.001160,-0.001636,0.002796
2020-07-31,1323750.160797,0.065035,0.000049,50,0.012275,0.013138,-0.000863
2020-08-03,1363704.920599,0.058677,0.000044,50,0.030183,0.032451,-0.002268
2020-08-04,1351001.197819,0.059553,0.000044,50,-0.009316,-0.006395,-0.002921
2020-08-05,1368929.518992,0.069279,0.000054,50,0.013270,0.013786,-0.000516
2020-08-06,1374819.930944,0.110333,0.000082,50,0.004303,0.000751,0.003552
2020-08-07,1360176.931438,0.103150,0.000076,50,-0.010651,-0.012507,0.001856
2020-08-10,1367672.796451,0.076136,0.000057,50,0.005511,0.002595,0.002916
2020-08-11,1338504.982406,0.087402,0.000066,50,-0.021327,-0.019760,-0.001567
2020-08-12,1319010.636508,0.086394,0.000064,50,-0.014564,-0.016787,0.002222
2020-08-13,1323168.555143,0.075687,0.000057,50,0.003152,0.003041,0.000111
2020-08-14,1337721.264008,0.063503,0.000047,50,0.010998,0.009844,0.001154
2020-08-17,1361938.656334,0.070795,0.000053,50,0.018103,0.021677,-0.003574
2020-08-18,1369399.911297,0.094481,0.000071,50,0.005478,0.009612,-0.004134
2020-08-19,1351137.610319,0.080139,0.000060,50,-0.013336,-0.020797,0.007461
2020-08-20,1335553.028751,0.065616,0.000050,50,-0.011534,-0.014453,0.002918
2020-08-21,1351858.978943,0.073580,0.000057,50,0.012209,0.006014,0.006195
2020-08-24,1369017.032213,0.048638,0.000035,51,0.012692,0.008252,0.004440
2020-08-25,1362037.172398,0.052434,0.000039,50,-0.005098,-0.005509,0.000411
2020-08-26,1333284.931032,0.100219,0.000075,50,-0.021110,-0.024356,0.003247
2020-08-27,1346213.464719,0.088312,0.000067,50,0.009697,0.010773,-0.001076
2020-08-28,1366604.469422,0.083296,0.000063,50,0.015147,0.012789,0.002358
2020-08-31,1371776.023628,0.087918,0.000066,50,0.003784,0.002675,0.001110
2020-09-01,1375673.033347,0.076261,0.000058,50,0.002841,0.004823,-0.001982
2020-09-02,1384322.518409,0.066538,0.000050,50,0.006287,0.001891,0.004396
2020-09-03,1374018.684403,0.101973,0.000076,50,-0.007443,-0.011380,0.003936
2020-09-04,1369870.873387,0.088306,0.000066,50,-0.003019,-0.001078,-0.001941
2020-09-07,1344487.762959,0.083758,0.000063,50,-0.018530,-0.017393,-0.001136
2020-09-08,1349970.799817,0.074239,0.000056,50,0.004078,0.006504,-0.002426
2020-09-09,1320071.227358,0.094076,0.000070,50,-0.022148,-0.031745,0.009597
2020-09-10,1278764.951227,0.047221,0.000035,51,-0.031291,-0.035435,0.004144
2020-09-11,1295695.386460,0.048591,0.000037,51,0.013240,0.016306,-0.003066
2020-09-14,1309108.897780,0.047249,0.000035,51,0.010352,0.015767,-0.005414
2020-09-15,1316058.161650,0.020538,0.000016,51,0.005308,0.004852,0.000456
2020-09-16,1298675.708724,0.042179,0.000031,51,-0.013208,-0.009980,-0.003228
2020-09-17,1302735.802850,0.073913,0.000061,50,0.003126,0.001797,0.001330
2020-09-18,1322894.060064,0.074023,0.000050,50,0.015474,0.015329,0.000145
2020-09-21,1320861.674925,0.103118,0.000077,50,-0.001536,-0.000372,-0.001164
2020-09-22,1299397.901173,0.096655,0.000072,50,-0.016250,-0.016083,-0.000167
2020-09-23,1316993.305859,0.056532,0.000044,50,0.013541,0.006924,0.006618
2020-09-24,1286525.836355,0.054198,0.000040,50,-0.023134,-0.027367,0.004233
2020-09-25,1281245.699303,0.050200,0.000037,49,-0.004104,-0.006106,0.002002
2020-09-28,1261625.378644,0.090822,0.000068,50,-0.015313,-0.012664,-0.002649
2020-09-29,1276369.160839,0.087747,0.000066,50,0.011686,0.010787,0.000899
2020-09-30,1277674.677832,0.092219,0.000070,50,0.001023,-0.000584,0.001607
2020-10-09,1306885.296643,0.076515,0.000063,49,0.022862,0.031010,-0.008148
2020-10-12,1344075.830310,0.048347,0.000031,51,0.028457,0.031356,-0.002898
2020-10-13,1346294.816761,0.056560,0.000042,50,0.001651,0.002500,-0.000849
2020-10-14,1330738.410570,0.091657,0.000068,50,-0.011555,-0.009252,-0.002303
2020-10-15,1311302.553340,0.062617,0.000049,49,-0.014605,-0.008837,-0.005768
2020-10-16,1300822.277217,0.085693,0.000062,50,-0.007992,-0.002954,-0.005039
2020-10-19,1296335.404062,0.063422,0.000047,50,-0.003449,-0.006954,0.003505
2020-10-20,1306908.056587,0.077202,0.000058,50,0.008156,0.009480,-0.001325
2020-10-21,1283417.807633,0.054797,0.000041,50,-0.017974,-0.015641,-0.002333
2020-10-22,1278018.023394,0.071958,0.000054,50,-0.004207,-0.006351,0.002143
2020-10-23,1260569.372884,0.054479,0.000041,50,-0.013653,-0.019268,0.005615
2020-10-26,1252371.486163,0.070875,0.000053,50,-0.006503,0.001083,-0.007586
2020-10-27,1266040.210237,0.060740,0.000046,50,0.010914,0.005117,0.005797
2020-10-28,1270378.138205,0.085232,0.000064,50,0.003426,0.000432,0.002994
2020-10-29,1268625.289213,0.072143,0.000054,50,-0.001380,-0.001599,0.000219
2020-10-30,1244311.443546,0.105121,0.000079,50,-0.019166,-0.024507,0.005342
2020-11-02,1244758.440023,0.087099,0.000065,50,0.000359,0.000404,-0.000045
2020-11-03,1271097.348751,0.066023,0.000052,49,0.021160,0.020540,0.000620
2020-11-04,1267355.006514,0.081953,0.000059,50,-0.002944,-0.002241,-0.000703
2020-11-05,1303591.839973,0.088347,0.000066,50,0.028592,0.018435,0.010158
2020-11-06,1298821.781113,0.054512,0.000041,51,-0.003659,-0.009814,0.006154
2020-11-09,1329225.843307,0.042386,0.000032,51,0.023409,0.024418,-0.001009
2020-11-10,1322773.694167,0.057715,0.000044,50,-0.004854,-0.010579,0.005725
2020-11-11,1308407.980490,0.034823,0.000026,51,-0.010860,-0.017075,0.006215
2020-11-12,1322129.218093,0.050174,0.000037,51,0.010487,0.001904,0.008583
2020-11-13,1326321.804283,0.090156,0.000076,50,0.003171,0.001493,0.001678
2020-11-16,1345245.542949,0.098593,0.000072,50,0.014268,0.009186,0.005082
2020-11-17,1334867.347806,0.068563,0.000055,49,-0.007715,-0.009794,0.002080
2020-11-18,1343426.092571,0.119119,0.000081,50,0.006412,0.000060,0.006352
2020-11-19,1347302.806045,0.057248,0.000043,50,0.002886,0.005438,-0.002553
2020-11-20,1356318.358356,0.113353,0.000085,50,0.006692,0.007085,-0.000393
2020-11-23,1360354.454609,0.073181,0.000055,50,0.002976,0.006157,-0.003181
2020-11-24,1346679.896480,0.097791,0.000073,50,-0.010052,0.000041,-0.010093
2020-11-25,1319403.955629,0.034640,0.000025,51,-0.020254,-0.017058,-0.003196
2020-11-26,1316849.432773,0.067458,0.000053,50,-0.001936,-0.007276,0.005340
2020-11-27,1315182.310928,0.077242,0.000055,50,-0.001266,-0.000212,-0.001054
2020-11-30,1312429.966425,0.053498,0.000042,50,-0.002093,-0.002922,0.000830
2020-12-01,1334864.523740,0.083768,0.000063,50,0.017094,0.013722,0.003372
2020-12-02,1342634.830178,0.058334,0.000043,50,0.005821,0.003349,0.002472
2020-12-03,1329181.235566,0.073393,0.000055,50,-0.010020,-0.003544,-0.006476
2020-12-04,1346805.014810,0.073019,0.000055,50,0.013259,0.005183,0.008076
2020-12-07,1343813.943324,0.075201,0.000057,50,-0.002221,-0.002020,-0.000201
2020-12-08,1344540.945576,0.096801,0.000072,50,0.000541,0.000203,0.000338
2020-12-09,1317855.507152,0.063584,0.000047,50,-0.019847,-0.019579,-0.000269
2020-12-10,1313556.518911,0.086166,0.000065,50,-0.003262,0.000404,-0.003666
2020-12-11,1285030.365921,0.085684,0.000064,50,-0.021717,-0.016192,-0.005525
2020-12-14,1290534.650161,0.095845,0.000072,50,0.004283,0.012092,-0.007809
2020-12-15,1288295.577065,0.031353,0.000026,51,-0.001735,0.002992,-0.004727
2020-12-16,1287458.629835,0.061094,0.000047,50,-0.000650,-0.008056,0.007406
2020-12-17,1306788.130760,0.096595,0.000071,50,0.015014,0.008329,0.006685
2020-12-18,1301651.225539,0.098456,0.000074,50,-0.003931,-0.003707,-0.000224
2020-12-21,1318475.387092,0.061897,0.000047,50,0.012925,0.017980,-0.005055
2020-12-22,1292048.747750,0.079686,0.000059,50,-0.020043,-0.021164,0.001121
2020-12-23,1291919.759169,0.093618,0.000070,50,-0.000100,0.007828,-0.007927
2020-12-24,1263856.357513,0.101119,0.000075,50,-0.021722,-0.015892,-0.005830
2020-12-25,1281940.869647,0.092787,0.000070,50,0.014309,0.009996,0.004313
2020-12-28,1270097.069909,0.086466,0.000064,50,-0.009239,-0.006371,-0.002868
2020-12-29,1260752.402956,0.058916,0.000045,49,-0.007357,-0.006474,-0.000883
2020-12-30,1276882.485716,0.076322,0.000057,50,0.012794,0.007661,0.005133
2020-12-31,1290672.981501,0.075691,0.000057,50,0.010800,0.018323,-0.007523
2021-01-04,1317574.887281,0.103456,0.000078,50,0.020843,0.022913,-0.002070
2021-01-05,1319782.860254,0.100555,0.000075,50,0.001676,0.001278,0.000398
2021-01-06,1294310.416834,0.082548,0.000062,50,-0.019300,-0.012119,-0.007181
2021-01-07,1263316.824018,0.096615,0.000072,50,-0.023946,-0.016119,-0.007827
2021-01-08,1264636.308531,0.037285,0.000028,50,0.001044,-0.004714,0.005758
2021-01-11,1237644.801410,0.075561,0.000057,50,-0.021343,-0.016614,-0.004729
2021-01-12,1251582.565775,0.091966,0.000069,50,0.011262,0.013711,-0.002449
2021-01-13,1242880.089247,0.080671,0.000060,50,-0.006953,-0.007784,0.000831
2021-01-14,1248654.150972,0.085410,0.000064,50,0.004646,-0.001046,0.005691
2021-01-15,1262993.417465,0.078494,0.000060,50,0.011484,0.003324,0.008160
2021-01-18,1281578.680035,0.084594,0.000063,50,0.014715,0.018939,-0.004223
2021-01-19,1291574.157652,0.100867,0.000076,50,0.007799,-0.005717,0.013516
2021-01-20,1299601.783541,0.039886,0.000031,51,0.006215,0.008675,-0.002460
2021-01-21,1313891.343914,0.064843,0.000051,50,0.010995,0.011041,-0.000046
2021-01-22,1298988.361225,0.070244,0.000050,50,-0.011343,-0.003438,-0.007905
2021-01-25,1280850.611879,0.093418,0.000069,50,-0.013963,-0.009618,-0.004345
2021-01-26,1259850.323556,0.097286,0.000073,50,-0.016396,-0.018502,0.002106
2021-01-27,1263065.514507,0.098939,0.000074,50,0.002552,0.000559,0.001993
2021-01-28,1248439.084642,0.068953,0.000052,50,-0.011580,-0.021203,0.009623
2021-01-29,1226744.919985,0.084083,0.000063,50,-0.017377,-0.014847,-0.002530
2021-02-01,1237211.142283,0.053450,0.000040,51,0.008532,0.006613,0.001919
2021-02-02,1247399.720653,0.077511,0.000063,50,0.008235,0.011291,-0.003056
2021-02-03,1222920.013831,0.073171,0.000050,50,-0.019625,-0.017152,-0.002473
2021-02-04,1206974.758493,0.094579,0.000070,50,-0.013039,-0.022139,0.009100
2021-02-05,1198419.752368,0.059701,0.000045,51,-0.007088,-0.019853,0.012765
2021-02-08,1203352.053015,0.035576,0.000026,51,0.004116,0.007199,-0.003083
2021-02-09,1237749.227171,0.026081,0.000020,51,0.028584,0.027130,0.001454
2021-02-10,1245789.618100,0.040874,0.000031,51,0.006496,0.007883,-0.001387
2021-02-18,1291555.056319,0.000000,0.000000,51,0.036736,0.016068,0.020668
2021-02-19,1348265.091068,0.041247,0.000032,51,0.043908,0.019214,0.024694
2021-02-22,1373084.488586,0.055967,0.000042,51,0.018408,0.001060,0.017348
2021-02-23,1361516.029563,0.046579,0.000035,50,-0.008425,-0.006827,-0.001598
2021-02-24,1356049.976849,0.102538,0.000077,50,-0.004015,-0.008031,0.004016
2021-02-25,1335402.609435,0.121181,0.000093,50,-0.015226,-0.005979,-0.009247
2021-02-26,1325749.728307,0.104653,0.000078,50,-0.007228,-0.011556,0.004327
2021-03-01,1362801.695195,0.101744,0.000076,50,0.027948,0.026838,0.001110
2021-03-02,1353471.782800,0.071753,0.000052,50,-0.006846,-0.004393,-0.002454
2021-03-03,1374904.791864,0.088769,0.000066,50,0.015836,0.013449,0.002387
2021-03-04,1349711.537574,0.106776,0.000080,50,-0.018324,-0.018114,-0.000210
2021-03-05,1360377.667066,0.063899,0.000048,50,0.007903,0.003324,0.004578
2021-03-08,1337244.386235,0.098199,0.000075,50,-0.017005,-0.019923,0.002918
2021-03-09,1294830.294654,0.061607,0.000045,50,-0.031718,-0.031824,0.000106
2021-03-10,1279667.698246,0.056216,0.000042,50,-0.011710,-0.007842,-0.003868
2021-03-11,1322483.304493,0.105992,0.000080,50,0.033458,0.023267,0.010192
2021-03-12,1322807.269134,0.069158,0.000052,50,0.000245,0.000132,0.000113
2021-03-15,1321693.228058,0.111408,0.000085,50,-0.000842,-0.006871,0.006029
2021-03-16,1334291.712877,0.095012,0.000070,50,0.009532,0.009019,0.000513
2021-03-17,1343911.976074,0.081694,0.000062,50,0.007210,0.007078,0.000132
2021-03-18,1344629.755181,0.076617,0.000057,50,0.000534,0.003395,-0.002861
2021-03-19,1332228.909208,0.069515,0.000052,50,-0.009222,-0.007633,-0.001589
2021-03-22,1357154.320636,0.055993,0.000047,49,0.018710,0.017404,0.001305
2021-03-23,1340354.936709,0.085157,0.000059,50,-0.012378,-0.011101,-0.001277
2021-03-24,1324626.981622,0.100916,0.000076,50,-0.011734,-0.014745,0.003011
2021-03-25,1326991.725852,0.083531,0.000063,50,0.001785,-0.000897,0.002683
2021-03-26,1356276.483125,0.038199,0.000033,49,0.022069,0.017870,0.004198
2021-03-29,1353847.846413,0.103891,0.000074,50,-0.001791,0.004010,-0.005801
2021-03-30,1352311.143408,0.074801,0.000056,50,-0.001135,-0.003956,0.002821
2021-03-31,1346212.993499,0.084879,0.000063,50,-0.004509,-0.001300,-0.003210
2021-04-01,1351680.294755,0.088660,0.000067,50,0.004061,0.006737,-0.002676
2021-04-02,1353327.648082,0.096174,0.000072,50,0.001219,0.004018,-0.002800
2021-04-06,1363651.109276,0.061237,0.000046,50,0.007628,0.009470,-0.001842
2021-04-07,1369577.491447,0.070605,0.000053,50,0.004346,0.000198,0.004148
2021-04-08,1365211.309948,0.087733,0.000066,50,-0.003188,-0.002901,-0.000287
2021-04-09,1372165.308041,0.070816,0.000053,50,0.005094,-0.000720,0.005814
2021-04-12,1354226.599905,0.073165,0.000055,50,-0.013073,-0.021270,0.008197
2021-04-13,1339110.988112,0.073396,0.000055,50,-0.011162,-0.005151,-0.006011
2021-04-14,1351843.185546,0.067662,0.000050,50,0.009508,0.014272,-0.004764
2021-04-15,1349830.096153,0.056628,0.000043,50,-0.001489,-0.003712,0.002223
2021-04-16,1361262.841581,0.076797,0.000058,50,0.008470,0.011473,-0.003003
2021-04-19,1379766.579460,0.058618,0.000045,50,0.013593,0.017042,-0.003449
2021-04-20,1372942.219667,0.074662,0.000056,50,-0.004946,-0.003051,-0.001895
2021-04-21,1368828.172097,0.056289,0.000042,50,-0.002997,0.000012,-0.003009
2021-04-22,1379413.690696,0.067139,0.000050,50,0.007733,0.004258,0.003475
2021-04-23,1365686.034550,0.081139,0.000061,50,-0.009952,-0.004920,-0.005031
2021-04-26,1364005.686167,0.073465,0.000054,50,-0.001230,-0.003442,0.002211
2021-04-27,1361741.011979,0.075580,0.000057,50,-0.001660,-0.004694,0.003034
2021-04-28,1369711.737213,0.084952,0.000064,50,0.005853,0.005679,0.000174
2021-04-29,1370089.720872,0.087772,0.000066,50,0.000276,-0.004994,0.005270
2021-04-30,1355165.236134,0.082645,0.000062,50,-0.010893,-0.003585,-0.007308
2021-05-06,1354153.021281,0.086034,0.000065,50,-0.000747,0.002554,-0.003301
2021-05-07,1356318.963223,0.086890,0.000065,50,0.001599,-0.012220,0.013820
2021-05-10,1359861.640417,0.065849,0.000053,49,0.002612,0.002899,-0.000287
2021-05-11,1364268.965786,0.093534,0.000067,50,0.003241,0.000835,0.002406
2021-05-12,1375570.008543,0.081032,0.000061,50,0.008284,0.012056,-0.003772
2021-05-13,1362537.031573,0.075662,0.000057,50,-0.009475,-0.007060,-0.002414
2021-05-14,1383637.331902,0.072869,0.000054,50,0.015486,0.013721,0.001765
2021-05-17,1376999.610754,0.083018,0.000062,50,-0.004797,-0.000805,-0.003993
2021-05-18,1383495.345982,0.096124,0.000072,50,0.004717,0.004575,0.000143
2021-05-19,1385191.129041,0.071629,0.000054,50,0.001226,0.000328,0.000897
2021-05-20,1383453.638410,0.106700,0.000080,50,-0.001254,-0.000942,-0.000313
2021-05-21,1386411.332944,0.056714,0.000043,50,0.002138,-0.000381,0.002519
2021-05-24,1398604.966736,0.053389,0.000040,50,0.008795,0.008871,-0.000076
2021-05-25,1406285.180340,0.075318,0.000056,50,0.005491,0.011908,-0.006416
2021-05-26,1418703.061945,0.062605,0.000047,50,0.008830,0.004390,0.004441
2021-05-27,1438189.751724,0.069971,0.000053,50,0.013736,0.009075,0.004661
2021-05-28,1429869.125452,0.084081,0.000063,50,-0.005785,-0.001596,-0.004190
2021-05-31,1444982.693661,0.070677,0.000053,50,0.010570,0.017927,-0.007357
2021-06-01,1457921.341104,0.069943,0.000053,50,0.008954,0.005924,0.003030
2021-06-02,1451378.880709,0.083484,0.000063,50,-0.004488,-0.013898,0.009411
2021-06-03,1461108.542009,0.031170,0.000023,51,0.006704,-0.000797,0.007501
2021-06-04,1465421.099708,0.034783,0.000026,51,0.002952,0.004698,-0.001746
2021-06-07,1482620.102725,0.076655,0.000062,50,0.011737,0.011207,0.000529
2021-06-08,1479667.763351,0.099567,0.000072,50,-0.001991,-0.007577,0.005585
2021-06-09,1480301.511682,0.050555,0.000036,49,0.000428,0.001990,-0.001561
2021-06-10,1478383.413405,0.077777,0.000057,50,-0.001296,0.010962,-0.012258
2021-06-11,1474844.524431,0.064438,0.000049,50,-0.002394,-0.006558,0.004164
2021-06-15,1464889.937041,0.085890,0.000064,50,-0.006750,-0.005523,-0.001226
2021-06-16,1452954.862826,0.036646,0.000027,51,-0.008147,-0.020818,0.012671
2021-06-17,1465049.077680,0.070043,0.000056,50,0.008324,0.017148,-0.008824
2021-06-18,1473136.697539,0.086369,0.000061,50,0.005520,0.011204,-0.005684
2021-06-21,1491971.729591,0.117471,0.000089,50,0.012786,0.015237,-0.002451
2021-06-22,1508414.214544,0.059451,0.000043,51,0.011021,0.004585,0.006435
2021-06-23,1509348.235518,0.017800,0.000013,51,0.000619,0.006560,-0.005941
2021-06-24,1507732.992456,0.036416,0.000027,51,-0.001070,-0.010152,0.009081
2021-06-25,1521267.010660,0.038874,0.000029,51,0.008976,0.003698,0.005279
2021-06-28,1526740.584209,0.075274,0.000061,50,0.003598,0.009005,-0.005407
2021-06-29,1503440.431458,0.093108,0.000065,50,-0.015261,-0.008377,-0.006884
2021-06-30,1507068.794923,0.122578,0.000095,50,0.002413,0.011336,-0.008922
2021-07-01,1487704.084191,0.103886,0.000076,50,-0.012849,-0.016117,0.003268
2021-07-02,1480770.781990,0.060668,0.000045,50,-0.004660,-0.008695,0.004035
2021-07-05,1487075.837917,0.060899,0.000046,50,0.004258,0.014151,-0.009893
2021-07-06,1485496.579912,0.091522,0.000068,50,-0.001062,-0.003945,0.002883
2021-07-07,1497024.927783,0.072806,0.000055,50,0.007761,0.015847,-0.008087
2021-07-08,1487995.180705,0.103184,0.000077,50,-0.006032,0.001375,-0.007407
2021-07-09,1499043.214387,0.099873,0.000075,50,0.007425,0.006126,0.001299
2021-07-12,1522132.339135,0.117008,0.000089,50,0.015403,0.019786,-0.004384
2021-07-13,1530796.078749,0.094540,0.000072,50,0.005692,0.006521,-0.000829
2021-07-14,1518385.203906,0.069841,0.000051,50,-0.008107,-0.011990,0.003883
2021-07-15,1523107.422483,0.031424,0.000023,51,0.003110,-0.000304,0.003414
2021-07-16,1522587.997720,0.077798,0.000064,50,-0.000341,-0.001831,0.001490
2021-07-19,1521496.008426,0.101749,0.000074,50,-0.000717,-0.003194,0.002477
2021-07-20,1517169.388076,0.063645,0.000046,50,-0.002844,0.006663,-0.009507
2021-07-21,1543835.486252,0.061160,0.000046,50,0.017576,0.020064,-0.002488
2021-07-22,1556121.294324,0.099081,0.000074,50,0.007958,0.006443,0.001515
2021-07-23,1545089.802524,0.105222,0.000079,50,-0.007089,-0.008956,0.001867
2021-07-26,1521233.585289,0.102875,0.000077,50,-0.015440,-0.012689,-0.002751
2021-07-27,1495868.598146,0.095131,0.000072,50,-0.016674,-0.026390,0.009716
2021-07-28,1454878.544642,0.066086,0.000049,50,-0.027402,-0.020914,-0.006488
2021-07-29,1493704.689841,0.054051,0.000042,51,0.026687,0.037718,-0.011031
2021-07-30,1496022.450883,0.059392,0.000045,50,0.001552,0.007617,-0.006065
2021-08-02,1530577.110208,0.092021,0.000068,50,0.023098,0.019273,0.003824
2021-08-03,1518932.678358,0.053819,0.000040,50,-0.007608,-0.012616,0.005008
2021-08-04,1528511.105414,0.054679,0.000041,50,0.006306,0.023157,-0.016850
2021-08-05,1519736.359610,0.084006,0.000064,50,-0.005741,-0.004048,-0.001693
2021-08-06,1519126.635024,0.093635,0.000069,50,-0.000401,0.004596,-0.004997
2021-08-09,1544438.536739,0.098047,0.000074,50,0.016662,0.003329,0.013333
2021-08-10,1571334.532252,0.086984,0.000066,50,0.017415,0.005657,0.011757
2021-08-11,1582931.617891,0.100809,0.000075,50,0.007380,0.007467,-0.000086
2021-08-12,1602961.146889,0.099854,0.000075,50,0.012653,0.006786,0.005868
2021-08-13,1617556.843492,0.029346,0.000023,51,0.009105,-0.002039,0.011144
2021-08-16,1615662.466927,0.081138,0.000067,50,-0.001171,-0.009655,0.008484
2021-08-17,1585577.484614,0.112783,0.000084,50,-0.018621,-0.027498,0.008877
2021-08-18,1580654.129169,0.103781,0.000076,50,-0.003105,0.006177,-0.009282
2021-08-19,1570012.500519,0.097476,0.000070,50,-0.006732,0.008545,-0.015277
2021-08-20,1565223.443061,0.055661,0.000040,50,-0.003050,-0.000189,-0.002862
2021-08-23,1611245.565905,0.075628,0.000058,50,0.029403,0.024801,0.004602
2021-08-24,1621791.926633,0.076019,0.000056,50,0.006545,0.008169,-0.001623
2021-08-25,1634318.440180,0.089299,0.000075,49,0.007724,0.007072,0.000652
2021-08-26,1624166.763793,0.081103,0.000054,50,-0.006212,-0.012883,0.006672
2021-08-27,1626143.937140,0.061687,0.000045,51,0.001217,0.001376,-0.000158
2021-08-30,1635230.523606,0.064622,0.000050,50,0.005588,0.006207,-0.000619
2021-08-31,1627718.982836,0.110428,0.000083,50,-0.004594,0.000087,-0.004680
2021-09-01,1619346.558913,0.059032,0.000042,51,-0.005144,-0.015728,0.010584
2021-09-02,1634260.399565,0.065794,0.000052,50,0.009210,0.011041,-0.001832
2021-09-03,1637095.229486,0.110756,0.000083,50,0.001735,-0.007804,0.009539
2021-09-06,1662584.868812,0.112867,0.000085,50,0.015570,0.013663,0.001907
2021-09-07,1692437.147467,0.090112,0.000066,50,0.017955,0.018519,-0.000564
2021-09-08,1715026.827770,0.038136,0.000028,51,0.013347,0.002018,0.011329
2021-09-09,1720145.424230,0.066635,0.000053,50,0.002985,0.000759,0.002226
2021-09-10,1729029.428239,0.054100,0.000037,51,0.005165,0.004102,0.001062
2021-09-13,1759304.268533,0.101551,0.000088,50,0.017510,0.001870,0.015640
2021-09-14,1732123.623786,0.091198,0.000063,50,-0.015450,-0.003848,-0.011602
2021-09-15,1732519.192985,0.088701,0.000061,50,0.000228,0.006989,-0.006761
2021-09-16,1715395.580533,0.044587,0.000034,50,-0.009884,-0.027255,0.017371
2021-09-17,1704394.074629,0.081099,0.000061,50,-0.006413,-0.003189,-0.003224
2021-09-22,1696141.063584,0.065347,0.000049,50,-0.004842,0.005024,-0.009867
2021-09-23,1701506.003803,0.085836,0.000064,50,0.003163,0.004858,-0.001695
2021-09-24,1648396.542093,0.113376,0.000086,50,-0.031213,-0.014241,-0.016972
2021-09-27,1598220.349263,0.056914,0.000043,49,-0.030439,-0.029601,-0.000838
2021-09-28,1599460.961477,0.071443,0.000052,50,0.000776,0.000122,0.000654
2021-09-29,1546310.589636,0.064275,0.000049,50,-0.033230,-0.036090,0.002860
2021-09-30,1574157.781747,0.065971,0.000050,50,0.018009,0.028653,-0.010644
2021-10-08,1597478.795794,0.102676,0.000076,50,0.014815,0.002729,0.012086
2021-10-11,1603075.420575,0.105138,0.000079,50,0.003503,-0.005498,0.009002
2021-10-12,1572250.510187,0.084346,0.000063,50,-0.019229,-0.023883,0.004654
2021-10-13,1582230.545995,0.090143,0.000068,50,0.006348,0.011222,-0.004874
2021-10-14,1599004.067974,0.093652,0.000071,50,0.010601,0.007256,0.003345
2021-10-15,1584504.524494,0.091419,0.000068,50,-0.009068,0.001111,-0.010179
2021-10-18,1600960.096544,0.098422,0.000074,50,0.010385,0.010778,-0.000392
2021-10-19,1617320.749487,0.060451,0.000045,50,0.010219,0.010017,0.000203
2021-10-20,1610619.984068,0.048674,0.000036,51,-0.004143,0.002600,-0.006743
2021-10-21,1613720.648331,0.072806,0.000059,50,0.001925,-0.002662,0.004587
2021-10-22,1599837.885691,0.085503,0.000060,50,-0.008603,-0.008669,0.000066
2021-10-25,1611518.636287,0.082951,0.000063,50,0.007301,0.012622,-0.005321
2021-10-26,1612543.831096,0.060546,0.000045,50,0.000636,-0.003144,0.003780
2021-10-27,1582144.959861,0.085711,0.000064,50,-0.018852,-0.010007,-0.008844
2021-10-28,1547112.329230,0.051298,0.000038,49,-0.022142,-0.022291,0.000148
2021-10-29,1564428.423796,0.086473,0.000066,50,0.011193,0.016160,-0.004968
2021-11-01,1602752.345196,0.068728,0.000052,50,0.024497,0.009520,0.014977
2021-11-02,1578049.340305,0.076885,0.000058,50,-0.015413,-0.011670,-0.003742
2021-11-03,1595689.478458,0.074839,0.000055,50,0.011178,0.002253,0.008926
2021-11-04,1620657.632870,0.068940,0.000052,50,0.015647,0.013336,0.002311
2021-11-05,1610436.963057,0.062395,0.000047,50,-0.006306,-0.012574,0.006267
2021-11-08,1615565.952833,0.103682,0.000078,50,0.003185,0.004509,-0.001324
2021-11-09,1637657.271216,0.063361,0.000048,50,0.013674,0.014691,-0.001017
2021-11-10,1643224.204891,0.090561,0.000068,50,0.003399,0.000434,0.002965
2021-11-11,1656291.465658,0.089984,0.000068,50,0.007952,0.007764,0.000189
2021-11-12,1674570.818507,0.078328,0.000060,50,0.011036,0.013706,-0.002670
2021-11-15,1685839.436248,0.093614,0.000070,50,0.006729,-0.002771,0.009500
2021-11-16,1662124.704627,0.081939,0.000062,50,-0.014067,-0.011372,-0.002695
2021-11-17,1693119.435451,0.050927,0.000038,51,0.018648,0.017908,0.000739
2021-11-18,1702824.623075,0.064847,0.000051,50,0.005732,-0.001332,0.007064
2021-11-19,1735169.029100,0.051658,0.000037,51,0.018995,0.011531,0.007463
2021-11-22,1761037.780386,0.076616,0.000062,50,0.014908,0.018403,-0.003494
2021-11-23,1761387.465452,0.105800,0.000078,50,0.000199,-0.000731,0.000929
2021-11-24,1771737.333588,0.106438,0.000078,50,0.005876,-0.000351,0.006227
2021-11-25,1777150.571053,0.048970,0.000035,50,0.003055,-0.001639,0.004694
2021-11-26,1778855.343328,0.059473,0.000045,51,0.000959,0.001896,-0.000937
2021-11-29,1776512.085710,0.074658,0.000061,50,-0.001317,0.007435,-0.008752
2021-11-30,1797225.589545,0.114198,0.000086,50,0.011660,0.006808,0.004852
2021-12-01,1811689.879426,0.070450,0.000056,49,0.008048,0.000190,0.007858
2021-12-02,1789535.671177,0.076779,0.000049,51,-0.012228,-0.010872,-0.001357
2021-12-03,1805579.767209,0.037470,0.000028,51,0.008966,0.006993,0.001973
2021-12-06,1770393.373838,0.058856,0.000045,50,-0.019488,-0.014606,-0.004881
2021-12-07,1748442.984097,0.070324,0.000052,50,-0.012399,-0.015850,0.003451
2021-12-08,1784599.430347,0.087175,0.000066,50,0.020679,0.018134,0.002545
2021-12-09,1798448.628584,0.029183,0.000024,50,0.007760,0.001163,0.006598
2021-12-10,1793492.500378,0.103807,0.000076,50,-0.002756,0.002189,-0.004944
2021-12-13,1810954.610222,0.070170,0.000056,49,0.009736,0.004501,0.005235
2021-12-14,1819029.420321,0.102566,0.000074,50,0.004459,-0.000385,0.004843
2021-12-15,1815282.493598,0.093178,0.000070,50,-0.002060,-0.003289,0.001229
2021-12-16,1843229.744649,0.086590,0.000065,50,0.015396,0.006335,0.009060
2021-12-17,1822973.600294,0.087144,0.000066,50,-0.010989,-0.013975,0.002985
2021-12-20,1808898.580438,0.102515,0.000076,50,-0.007721,-0.018007,0.010286
2021-12-21,1830026.834793,0.064200,0.000053,49,0.011680,0.012523,-0.000843
2021-12-22,1852215.822618,0.116471,0.000082,50,0.012125,0.010419,0.001706
2021-12-23,1845652.178213,0.038792,0.000029,50,-0.003544,0.000233,-0.003777
2021-12-24,1819818.409118,0.081566,0.000061,50,-0.013997,-0.019672,0.005675
2021-12-27,1831205.347859,0.093938,0.000072,50,0.006257,-0.000023,0.006280
2021-12-28,1852915.195419,0.060583,0.000044,50,0.011855,0.011201,0.000655
2021-12-29,1858406.346736,0.066489,0.000050,50,0.002964,-0.001030,0.003994
2021-12-30,1880837.673242,0.042588,0.000032,51,0.012070,0.008797,0.003274
2021-12-31,1888685.777325,0.054436,0.000042,51,0.004173,0.010826,-0.006653
2022-01-04,1903664.401301,0.074049,0.000060,50,0.007931,-0.003402,0.011332
2022-01-05,1889674.445074,0.089690,0.000062,50,-0.007349,-0.025227,0.017878
2022-01-06,1909409.333497,0.049269,0.000037,50,0.010444,0.008075,0.002368
2022-01-07,1875778.430484,0.113583,0.000086,50,-0.017613,-0.020628,0.003015
2022-01-10,1888894.315660,0.073955,0.000055,50,0.006992,0.006702,0.000290
2022-01-11,1880232.259137,0.105999,0.000080,50,-0.004586,-0.011313,0.006728
2022-01-12,1913325.241180,0.038543,0.000029,51,0.017600,0.017371,0.000230
2022-01-13,1893123.836047,0.056332,0.000042,51,-0.010558,-0.017319,0.006760
2022-01-14,1918772.515352,0.021952,0.000017,51,0.013548,0.004000,0.009548
2022-01-17,1956980.039066,0.046128,0.000035,51,0.019912,0.017292,0.002621
2022-01-18,1919837.346408,0.063449,0.000050,50,-0.018980,-0.006338,-0.012641
2022-01-19,1904346.062784,0.067233,0.000050,50,-0.008069,-0.012041,0.003972
2022-01-20,1868875.946490,0.091119,0.000066,50,-0.018626,-0.022514,0.003888
2022-01-21,1850402.389856,0.068042,0.000051,50,-0.009885,-0.013863,0.003978
2022-01-24,1850860.040789,0.072703,0.000055,50,0.000247,0.004962,-0.004714
2022-01-25,1781894.293220,0.069819,0.000051,50,-0.037261,-0.039369,0.002107
2022-01-26,1791521.463279,0.079157,0.000060,50,0.005403,0.005322,0.000081
2022-01-27,1741588.491508,0.065807,0.000049,50,-0.027872,-0.029413,0.001541
2022-01-28,1751600.937919,0.057495,0.000042,50,0.005749,0.001853,0.003896
2022-02-07,1779314.280128,0.073382,0.000056,50,0.015822,0.012708,0.003114
2022-02-08,1793020.198877,0.054162,0.000040,50,0.007703,0.002691,0.005012
2022-02-09,1816635.261064,0.087310,0.000066,50,0.013171,0.018474,-0.005304
2022-02-10,1805013.876812,0.086654,0.000065,50,-0.006397,-0.004966,-0.001431
2022-02-11,1759189.132250,0.062975,0.000047,50,-0.025387,-0.019757,-0.005630
2022-02-14,1761558.336852,0.065999,0.000049,50,0.001347,-0.003948,0.005295
2022-02-15,1786467.035731,0.053728,0.000045,49,0.014140,0.016952,-0.002812
2022-02-16,1803012.286393,0.117770,0.000084,50,0.009261,0.008177,0.001085
2022-02-17,1803546.654650,0.100756,0.000075,50,0.000296,0.005221,-0.004924
2022-02-18,1818673.775232,0.065140,0.000049,50,0.008387,0.004318,0.004069
2022-02-21,1836918.796030,0.069906,0.000053,50,0.010032,0.011418,-0.001386
2022-02-22,1811063.716664,0.065567,0.000049,50,-0.014075,-0.007546,-0.006529
2022-02-23,1851723.736802,0.084957,0.000064,50,0.022451,0.023513,-0.001063
2022-02-24,1808901.605222,0.070820,0.000052,50,-0.023126,-0.022184,-0.000941
2022-02-25,1830228.286320,0.068401,0.000052,50,0.011790,0.010548,0.001242
2022-02-28,1832861.200515,0.095550,0.000073,50,0.001439,0.007861,-0.006422
2022-03-01,1842045.808935,0.088414,0.000066,50,0.005011,0.001295,0.003716
2022-03-02,1851868.390966,0.094772,0.000071,50,0.005332,-0.002037,0.007369
2022-03-03,1844580.696277,0.097215,0.000073,50,-0.003935,-0.009670,0.005735
2022-03-04,1832429.724412,0.059443,0.000045,50,-0.006587,-0.013762,0.007175
2022-03-07,1800978.414592,0.070740,0.000053,50,-0.017164,-0.021519,0.004355
2022-03-08,1745324.436686,0.068930,0.000051,50,-0.030902,-0.030274,-0.000629
2022-03-09,1718371.898937,0.085991,0.000065,50,-0.015443,-0.010941,-0.004501
2022-03-10,1744473.544415,0.037478,0.000028,51,0.015190,0.023025,-0.007835
2022-03-11,1757248.020314,0.066314,0.000053,50,0.007323,0.005503,0.001820
2022-03-14,1714907.891750,0.081814,0.000058,50,-0.024095,-0.027206,0.003111
2022-03-15,1625265.381896,0.082035,0.000061,50,-0.052272,-0.048100,-0.004172
2022-03-16,1662269.141386,0.073677,0.000056,50,0.022768,0.033906,-0.011138
2022-03-17,1709366.100858,0.081033,0.000061,50,0.028333,0.018762,0.009571
2022-03-18,1733348.739442,0.071595,0.000054,50,0.014030,0.008921,0.005109
2022-03-21,1744157.004866,0.087493,0.000066,50,0.006235,0.010908,-0.004673
2022-03-22,1742133.148320,0.077215,0.000058,50,-0.001160,-0.004453,0.003293
2022-03-23,1752153.583654,0.080378,0.000060,50,0.005752,0.006284,-0.000533
2022-03-24,1729636.980181,0.092897,0.000070,50,-0.012851,-0.009493,-0.003357
2022-03-25,1723215.252221,0.082408,0.000062,50,-0.003713,-0.011738,0.008025
2022-03-28,1716850.421220,0.071626,0.000053,50,-0.003694,-0.007707,0.004013
2022-03-29,1695790.263155,0.069028,0.000052,50,-0.012267,-0.006143,-0.006124
2022-03-30,1732657.942774,0.094962,0.000072,50,0.021741,0.020677,0.001063
2022-03-31,1721605.443018,0.082700,0.000062,50,-0.006379,-0.013501,0.007122
2022-04-01,1724790.204468,0.107767,0.000081,50,0.001850,0.000078,0.001772
2022-04-06,1730678.396150,0.063015,0.000047,50,0.003414,-0.001227,0.004641
2022-04-07,1681746.237694,0.039055,0.000029,51,-0.028273,-0.020800,-0.007473
2022-04-08,1674596.053937,0.051932,0.000052,49,-0.004252,-0.007294,0.003042
2022-04-11,1617910.838891,0.120836,0.000080,50,-0.033850,-0.037597,0.003747
2022-04-12,1644345.247560,0.083484,0.000060,50,0.016339,0.013646,0.002693
2022-04-13,1612860.290944,0.092105,0.000069,50,-0.019147,-0.019982,0.000834
2022-04-14,1623827.092211,0.057022,0.000043,50,0.006800,0.011686,-0.004886
2022-04-15,1609753.037159,0.060797,0.000045,50,-0.008667,-0.013309,0.004642
2022-04-18,1624665.780925,0.090971,0.000069,50,0.009264,0.008119,0.001145
2022-04-19,1627969.189324,0.068282,0.000051,50,0.002033,0.003125,-0.001092
2022-04-20,1606225.273499,0.058484,0.000049,49,-0.013356,-0.017577,0.004221
2022-04-21,1545352.725979,0.105461,0.000076,50,-0.037898,-0.040561,0.002663
2022-04-22,1529889.197042,0.076885,0.000056,50,-0.010006,-0.014975,0.004968
2022-04-25,1411689.390207,0.044588,0.000032,50,-0.077260,-0.078108,0.000848
2022-04-26,1378954.273430,0.033398,0.000025,51,-0.023189,-0.030389,0.007200
2022-04-27,1430613.399092,0.060543,0.000047,50,0.037463,0.052059,-0.014596
2022-04-28,1414853.208268,0.066329,0.000048,50,-0.011016,-0.008448,-0.002568
2022-04-29,1475624.731561,0.097474,0.000074,50,0.042953,0.043790,-0.000838
2022-05-05,1501204.197144,0.070492,0.000057,49,0.017335,0.017864,-0.000529
2022-05-06,1482665.033119,0.088584,0.000063,49,-0.012350,-0.012376,0.000027
2022-05-09,1505013.839242,0.070341,0.000053,50,0.015073,0.013218,0.001855
2022-05-10,1527146.725724,0.066121,0.000050,50,0.014706,0.018795,-0.004089
2022-05-11,1540066.169367,0.069702,0.000052,50,0.008460,0.008799,-0.000339
2022-05-12,1558330.515317,0.088562,0.000067,50,0.011859,0.005254,0.006606
2022-05-13,1566409.885024,0.084173,0.000063,50,0.005185,0.006148,-0.000963
2022-05-16,1572930.916037,0.000198,0.000003,51,0.004163,0.001846,0.002317
2022-05-17,1575818.922702,0.064820,0.000051,50,0.001836,0.005849,-0.004013
2022-05-18,1579781.483737,0.075403,0.000061,49,0.002515,0.001527,0.000988
2022-05-19,1592701.006846,0.068349,0.000045,50,0.008178,0.008549,-0.000371
2022-05-20,1615168.777347,0.108435,0.000081,50,0.014107,0.013470,0.000636
2022-05-23,1641414.801833,0.098813,0.000075,50,0.016250,0.012777,0.003472
2022-05-24,1580353.150933,0.072804,0.000054,50,-0.037201,-0.041276,0.004075
2022-05-25,1614409.274164,0.098596,0.000074,50,0.021550,0.017533,0.004017
2022-05-26,1620584.362693,0.078577,0.000059,50,0.003825,0.006275,-0.002450
2022-05-27,1627371.394785,0.083476,0.000063,50,0.004188,-0.002732,0.006920
2022-05-30,1647760.263449,0.071383,0.000054,50,0.012529,0.011637,0.000891
2022-05-31,1661155.011743,0.049984,0.000038,51,0.008129,0.011300,-0.003171
2022-06-01,1683048.719272,0.048241,0.000039,50,0.013180,0.003143,0.010037
2022-06-02,1705917.031947,0.078805,0.000059,50,0.013587,0.010922,0.002665
2022-06-06,1735542.706125,0.085550,0.000064,50,0.017366,0.025152,-0.007785
2022-06-07,1719362.367237,0.067172,0.000050,50,-0.009323,-0.001082,-0.008240
2022-06-08,1718839.600469,0.062652,0.000047,50,-0.000304,0.001676,-0.001980
2022-06-09,1688294.497959,0.071738,0.000054,50,-0.017771,-0.017932,0.000161
2022-06-10,1723635.668021,0.062322,0.000047,50,0.020933,0.021165,-0.000232
2022-06-13,1731885.662122,0.079319,0.000060,50,0.004786,0.007099,-0.002313
2022-06-14,1737845.660524,0.078389,0.000059,50,0.003441,-0.001431,0.004872
2022-06-15,1734274.034732,0.096685,0.000072,50,-0.002055,-0.001724,-0.000331
2022-06-16,1737739.652863,0.035963,0.000028,51,0.001998,0.006462,-0.004464
2022-06-17,1748000.478249,0.066882,0.000053,50,0.005905,0.011644,-0.005740
2022-06-20,1764224.237081,0.051193,0.000036,50,0.009281,0.010924,-0.001643
2022-06-21,1747541.908473,0.079849,0.000060,50,-0.009456,-0.010164,0.000708
2022-06-22,1726769.723192,0.079941,0.000060,50,-0.011887,-0.012882,0.000996
2022-06-23,1757193.174940,0.078541,0.000059,50,0.017619,0.022959,-0.005341
2022-06-24,1781309.351967,0.068906,0.000052,50,0.013724,0.012592,0.001132
2022-06-27,1787017.144671,0.059527,0.000045,50,0.003204,0.010283,-0.007079
2022-06-28,1818344.140477,0.066835,0.000053,49,0.017530,0.010965,0.006565
2022-06-29,1775674.678653,0.115187,0.000083,50,-0.023466,-0.025245,0.001779
2022-06-30,1781139.050820,0.110475,0.000084,50,0.003077,0.013700,-0.010622
2022-07-01,1790245.582569,0.039537,0.000029,51,0.005113,-0.000147,0.005260
2022-07-04,1807730.610443,0.039477,0.000030,51,0.009767,0.011698,-0.001931
2022-07-05,1810576.588514,0.036405,0.000027,51,0.001574,-0.005698,0.007272
2022-07-06,1791254.068036,0.078478,0.000065,50,-0.010672,-0.011657,0.000985
2022-07-07,1819880.687658,0.102679,0.000074,50,0.015981,0.012639,0.003343
2022-07-08,1814416.975115,0.102611,0.000074,50,-0.003002,-0.005834,0.002831
2022-07-11,1793664.098685,0.073583,0.000055,50,-0.011438,-0.015307,0.003869
2022-07-12,1769042.156489,0.102442,0.000077,50,-0.013727,-0.016547,0.002820
2022-07-13,1786203.102717,0.097434,0.000074,50,0.009701,0.008163,0.001538
2022-07-14,1808778.027789,0.088911,0.000066,50,0.012638,0.012578,0.000060
2022-07-15,1785186.529270,0.030277,0.000022,51,-0.013043,-0.009833,-0.003210
2022-07-18,1826791.351203,0.055144,0.000042,50,0.023306,0.014755,0.008551
2022-07-19,1844723.588114,0.070699,0.000054,50,0.009816,0.007965,0.001851
2022-07-20,1864162.991048,0.074815,0.000056,50,0.010538,0.014378,-0.003840
2022-07-21,1863525.868940,0.097545,0.000073,50,-0.000342,-0.004896,0.004554
2022-07-22,1863885.917199,0.073791,0.000055,50,0.000193,-0.005751,0.005944
2022-07-25,1852786.910038,0.111658,0.000084,50,-0.005955,-0.012181,0.006226
2022-07-26,1874273.897307,0.088159,0.000066,50,0.011597,0.011298,0.000299
2022-07-27,1907453.101876,0.089334,0.000067,50,0.017702,0.010247,0.007455
2022-07-28,1926092.170838,0.062945,0.000047,51,0.009772,0.007151,0.002620
2022-07-29,1927172.069946,0.075088,0.000061,50,0.000561,-0.004583,0.005144
2022-08-01,1937267.670370,0.092345,0.000065,50,0.005239,0.008854,-0.003616
2022-08-02,1871723.438606,0.088757,0.000067,50,-0.033833,-0.030983,-0.002851
2022-08-03,1859881.409591,0.083772,0.000062,50,-0.006327,-0.005937,-0.000390
2022-08-04,1883322.860393,0.077243,0.000058,50,0.012604,0.006309,0.006294
2022-08-05,1912755.377370,0.034980,0.000026,51,0.015628,0.018633,-0.003005
2022-08-08,1943333.153833,0.066235,0.000053,50,0.015986,0.012145,0.003841
2022-08-09,1949406.265654,0.102228,0.000074,50,0.003125,0.004360,-0.001235
2022-08-10,1947511.145824,0.086393,0.000065,50,-0.000972,0.000649,-0.001621
2022-08-11,1972287.171948,0.053207,0.000040,50,0.012722,0.011427,0.001295
2022-08-12,1964058.901960,0.110470,0.000083,50,-0.004172,-0.009001,0.004829
2022-08-15,1987022.427952,0.042463,0.000031,51,0.011692,0.007563,0.004129
2022-08-16,2009656.749831,0.066757,0.000053,50,0.011391,0.005646,0.005745
2022-08-17,2007022.847254,0.069468,0.000050,50,-0.001311,0.000553,-0.001864
2022-08-18,2013467.368912,0.077556,0.000058,50,0.003211,0.003107,0.000104
2022-08-19,1980603.847081,0.088109,0.000066,50,-0.016322,-0.015919,-0.000403
2022-08-22,1991779.808780,0.096523,0.000072,50,0.005643,0.007488,-0.001845
2022-08-23,2006365.364656,0.111255,0.000084,50,0.007323,0.002393,0.004930
2022-08-24,1932506.814139,0.064809,0.000048,50,-0.036812,-0.036492,-0.000320
2022-08-25,1936357.222659,0.052166,0.000039,50,0.001992,-0.003281,0.005274
2022-08-26,1935094.691696,0.036531,0.000027,51,-0.000652,-0.005149,0.004497
2022-08-29,1962480.432536,0.083175,0.000069,50,0.014152,0.005892,0.008260
2022-08-30,1953932.891095,0.084848,0.000057,50,-0.004355,-0.006351,0.001995
2022-08-31,1888341.064479,0.055213,0.000041,50,-0.033569,-0.032391,-0.001179
2022-09-01,1881181.466918,0.089793,0.000068,50,-0.003791,-0.004983,0.001192
2022-09-02,1909580.212677,0.051410,0.000038,50,0.015096,0.008892,0.006204
2022-09-05,1910797.048561,0.070314,0.000059,49,0.000637,0.002104,-0.001467
2022-09-06,1941217.278870,0.072840,0.000054,49,0.015920,0.018931,-0.003010
2022-09-07,1947952.614101,0.082400,0.000063,49,0.003470,0.006340,-0.002870
2022-09-08,1936304.153085,0.093128,0.000066,50,-0.005980,-0.009538,0.003558
2022-09-09,1932902.937227,0.106748,0.000079,50,-0.001757,0.002389,-0.004146
2022-09-13,1938244.273568,0.100224,0.000074,50,0.002763,-0.001374,0.004138
2022-09-14,1913821.782756,0.067397,0.000051,50,-0.012600,-0.010794,-0.001807
2022-09-15,1864648.436901,0.067676,0.000058,49,-0.025694,-0.030803,0.005109
2022-09-16,1830701.153667,0.068729,0.000049,49,-0.018206,-0.020841,0.002635
2022-09-19,1806526.271741,0.087949,0.000066,49,-0.013205,-0.012565,-0.000640
2022-09-20,1833286.273799,0.068532,0.000051,49,0.014813,0.012865,0.001948
2022-09-21,1838047.966030,0.079315,0.000060,49,0.002597,-0.000236,0.002833
2022-09-22,1841627.943554,0.088235,0.000069,49,0.001948,0.001029,0.000918
2022-09-23,1800152.476939,0.077505,0.000056,49,-0.022521,-0.019051,-0.003470
2022-09-26,1786179.756839,0.094717,0.000065,50,-0.007762,-0.012586,0.004824
2022-09-27,1814912.180803,0.087956,0.000068,50,0.016086,0.020082,-0.003997
2022-09-28,1759923.661359,0.094300,0.000069,50,-0.030298,-0.030995,0.000697
2022-09-29,1760790.533707,0.099830,0.000075,50,0.000493,0.002845,-0.002352
2022-09-30,1729363.048077,0.106619,0.000080,50,-0.017849,-0.016684,-0.001165
2022-10-10,1692107.041289,0.063812,0.000048,50,-0.021543,-0.022916,0.001373
2022-10-11,1698406.299752,0.028409,0.000021,51,0.003723,0.005551,-0.001828
2022-10-12,1754441.374577,0.070166,0.000056,50,0.032993,0.029069,0.003924
2022-10-13,1772399.137611,0.098128,0.000071,50,0.010236,0.009619,0.000616
2022-10-14,1822660.508837,0.091386,0.000069,50,0.028358,0.024670,0.003688
2022-10-17,1851662.407145,0.059315,0.000050,49,0.015912,0.010301,0.005611
2022-10-18,1848519.830973,0.097960,0.000069,50,-0.001697,0.005570,-0.007267
2022-10-19,1829967.201306,0.078148,0.000058,50,-0.010036,-0.007275,-0.002761
2022-10-20,1824871.482528,0.045463,0.000035,50,-0.002785,-0.004868,0.002083
2022-10-21,1818285.031527,0.046893,0.000038,49,-0.003609,0.000409,-0.004018
2022-10-24,1808593.021645,0.120982,0.000087,50,-0.005330,-0.008380,0.003049
2022-10-25,1823482.104083,0.090038,0.000067,50,0.008232,-0.003551,0.011783
2022-10-26,1854541.809415,0.059369,0.000045,50,0.017033,0.021384,-0.004351
2022-10-27,1841574.791629,0.052860,0.000041,50,-0.006992,-0.004634,-0.002358
2022-10-28,1789410.011475,0.106352,0.000078,50,-0.028326,-0.034307,0.005981
2022-10-31,1813145.212900,0.089330,0.000066,50,0.013264,0.008444,0.004820
2022-11-01,1867143.766386,0.087954,0.000066,50,0.029782,0.023392,0.006389
2022-11-02,1916155.170824,0.080847,0.000061,50,0.026249,0.013151,0.013098
2022-11-03,1934067.374642,0.077031,0.000058,50,0.009348,0.006488,0.002860
2022-11-04,1968859.361979,0.084530,0.000064,50,0.017989,0.021746,-0.003757
2022-11-07,1983122.075754,0.077488,0.000058,50,0.007244,0.000596,0.006648
2022-11-08,1980206.367047,0.080578,0.000061,50,-0.001470,-0.002782,0.001312
2022-11-09,1978310.732774,0.076350,0.000057,50,-0.000957,-0.002830,0.001873
2022-11-10,1950482.733166,0.093600,0.000070,50,-0.014067,-0.010890,-0.003177
2022-11-11,1953632.769259,0.068865,0.000051,50,0.001615,0.006083,-0.004468
2022-11-14,1948464.613159,0.101993,0.000076,50,-0.002645,-0.006594,0.003949
2022-11-15,1989858.186082,0.074538,0.000056,50,0.021244,0.023159,-0.001915
2022-11-16,1992703.749773,0.083430,0.000063,50,0.001430,-0.007474,0.008904
2022-11-17,1994753.168718,0.089819,0.000068,50,0.001028,0.001859,-0.000831
2022-11-18,1986886.998591,0.090732,0.000068,50,-0.003943,-0.008355,0.004412
2022-11-21,1988301.001863,0.090011,0.000068,50,0.000712,0.004645,-0.003934
2022-11-22,1954288.838700,0.059472,0.000044,50,-0.017106,-0.015861,-0.001245
2022-11-23,1935276.759563,0.076081,0.000057,50,-0.009728,-0.002315,-0.007413
2022-11-24,1927773.080110,0.071986,0.000055,50,-0.003877,0.002873,-0.006750
2022-11-25,1908529.177710,0.057306,0.000043,50,-0.009982,-0.011341,0.001358
2022-11-28,1895207.595402,0.077328,0.000058,50,-0.006980,-0.002987,-0.003993
2022-11-29,1930740.285995,0.098809,0.000074,50,0.018749,0.015650,0.003099
2022-11-30,1914170.212158,0.076028,0.000058,50,-0.008582,-0.000608,-0.007974
2022-12-01,1938203.079944,0.109002,0.000081,50,0.012555,0.010336,0.002219
2022-12-02,1966084.393719,0.095548,0.000072,50,0.014385,0.003321,0.011065
2022-12-05,1983106.372254,0.073716,0.000056,50,0.008658,0.005064,0.003594
2022-12-06,1974912.937612,0.081205,0.000060,50,-0.004132,-0.001611,-0.002520
2022-12-07,1980333.557902,0.083029,0.000062,50,0.002745,0.000260,0.002485
2022-12-08,1975890.111057,0.067137,0.000050,50,-0.002244,-0.006405,0.004162
2022-12-09,1975240.833799,0.086396,0.000065,50,-0.000329,0.002708,-0.003036
2022-12-12,1965199.287521,0.043070,0.000032,51,-0.005084,-0.003699,-0.001385
2022-12-13,1954651.466937,0.069829,0.000056,50,-0.005367,-0.009315,0.003948
2022-12-14,1948238.175760,0.096504,0.000072,50,-0.003281,-0.003587,0.000306
2022-12-15,1956412.063994,0.063469,0.000044,50,0.004196,0.004190,0.000005
2022-12-16,1940222.962156,0.060546,0.000045,50,-0.008275,-0.011839,0.003564
2022-12-19,1895264.454239,0.074099,0.000055,50,-0.023172,-0.019736,-0.003436
2022-12-20,1882376.398360,0.074214,0.000056,50,-0.006800,-0.007697,0.000897
2022-12-21,1872337.415857,0.087241,0.000065,50,-0.005333,-0.008269,0.002936
2022-12-22,1847588.476877,0.079380,0.000059,50,-0.013218,-0.016252,0.003034
2022-12-23,1849502.671269,0.073516,0.000055,50,0.001036,-0.004232,0.005268
2022-12-26,1862490.267841,0.084945,0.000064,50,0.007022,0.018629,-0.011607
2022-12-27,1871633.282237,0.077687,0.000058,50,0.004909,0.007985,-0.003076
2022-12-28,1858903.549639,0.070289,0.000053,50,-0.006801,-0.009036,0.002235
2022-12-29,1857537.220886,0.076680,0.000057,50,-0.000735,-0.001059,0.000324
2022-12-30,1869741.493211,0.068340,0.000051,50,0.006570,0.003160,0.003410
