区间,持股,每天换,滑点,超额,IR,换手
研究期,50,1,0.0000,0.0846,1.1530,0.0400
研究期,50,1,0.0010,0.0667,0.9278,0.0401
研究期,50,1,0.0020,0.0511,0.6943,0.0395
研究期,50,2,0.0000,0.0927,1.2410,0.0778
研究期,50,2,0.0010,0.0632,0.8532,0.0776
研究期,50,2,0.0020,0.0531,0.7385,0.0775
研究期,50,3,0.0000,0.0998,1.2833,0.1157
研究期,50,3,0.0010,0.0702,0.9697,0.1150
研究期,50,3,0.0020,0.0383,0.5467,0.1147
研究期,50,4,0.0000,0.0849,1.2095,0.1517
研究期,50,4,0.0010,0.0453,0.6571,0.1515
研究期,50,4,0.0020,0.0104,0.1575,0.1512
研究期,50,5,0.0000,0.0682,0.9623,0.1897
研究期,50,5,0.0010,0.0386,0.5584,0.1899
研究期,50,5,0.0020,-0.0027,-0.0421,0.1895
研究期,50,6,0.0000,0.0543,0.7631,0.2268
研究期,50,6,0.0010,0.0048,0.0688,0.2264
研究期,50,6,0.0020,-0.0269,-0.4997,0.2255
研究期,30,1,0.0000,0.0959,1.1066,0.0642
研究期,30,1,0.0010,0.0894,1.0470,0.0645
研究期,30,1,0.0020,0.0636,0.7701,0.0642
研究期,30,2,0.0000,0.1065,1.2247,0.1276
研究期,30,2,0.0010,0.1005,1.2203,0.1279
研究期,30,2,0.0020,0.0674,0.8332,0.1277
研究期,30,3,0.0000,0.0751,0.9221,0.1896
研究期,30,3,0.0010,0.0268,0.3535,0.1890
研究期,30,3,0.0020,-0.0006,-0.0110,0.1894
研究期,20,1,0.0000,0.1212,1.2220,0.0978
研究期,20,1,0.0010,0.0763,0.8864,0.0966
研究期,20,1,0.0020,0.0686,0.7816,0.0973
研究期,20,2,0.0000,0.0900,0.9673,0.1888
研究期,20,2,0.0010,0.0502,0.5555,0.1881
研究期,20,2,0.0020,0.0087,0.1142,0.1882
样本外,50,1,0.0000,0.0779,0.9830,0.0374
样本外,50,1,0.0010,0.0915,1.1675,0.0375
样本外,50,1,0.0020,0.0526,0.6710,0.0366
样本外,50,2,0.0000,0.1637,2.0108,0.0770
样本外,50,2,0.0010,0.1491,1.8369,0.0761
样本外,50,2,0.0020,0.1247,1.5306,0.0768
样本外,50,3,0.0000,0.1790,2.1799,0.1103
样本外,50,3,0.0010,0.1505,1.8284,0.1100
样本外,50,3,0.0020,0.1254,1.5144,0.1100
样本外,50,4,0.0000,0.1734,2.0575,0.1485
样本外,50,4,0.0010,0.1454,1.7269,0.1482
样本外,50,4,0.0020,0.1035,1.2240,0.1479
样本外,50,5,0.0000,0.1001,1.1875,0.1860
样本外,50,5,0.0010,0.0566,0.7149,0.1859
样本外,50,5,0.0020,0.0054,0.0717,0.1855
样本外,50,6,0.0000,0.0963,1.2168,0.2224
样本外,50,6,0.0010,0.0468,0.6063,0.2222
样本外,50,6,0.0020,-0.0142,-0.1935,0.2218
样本外,30,1,0.0000,0.1312,1.3563,0.0660
样本外,30,1,0.0010,0.1528,1.6498,0.0660
样本外,30,1,0.0020,0.0976,1.0552,0.0644
样本外,30,2,0.0000,0.1821,1.9709,0.1241
样本外,30,2,0.0010,0.1535,1.6617,0.1241
样本外,30,2,0.0020,0.1214,1.3278,0.1241
样本外,30,3,0.0000,0.1680,1.9001,0.1869
样本外,30,3,0.0010,0.1220,1.3969,0.1866
样本外,30,3,0.0020,0.0618,0.7389,0.1860
样本外,20,1,0.0000,0.1557,1.4930,0.0985
样本外,20,1,0.0010,0.1675,1.5350,0.0972
样本外,20,1,0.0020,0.1158,1.0922,0.0966
样本外,20,2,0.0000,0.1274,1.1757,0.1883
样本外,20,2,0.0010,0.0660,0.6864,0.1880
样本外,20,2,0.0020,0.0337,0.3838,0.1879
