代码,名称,股数,现价,市值,成本,浮动盈亏,买入日期
600094.SH,大名城,1100.0,4.19,4609.0,4614.0,-5.0,2026-09-30
600167.SH,联美控股,800.0,5.65,4520.0,4525.0,-5.0,2026-09-30
600353.SH,旭光电子,100.0,28.68,2868.0,2873.0,-5.0,2026-09-30
600649.SH,城投控股,1100.0,4.06,4466.0,4471.0,-5.0,2026-09-30
600651.SH,飞乐音响,900.0,4.98,4482.0,4487.0,-5.0,2026-09-30
600877.SH,电科芯片,400.0,11.22,4488.0,4493.0,-5.0,2026-09-30
603103.SH,横店影视,200.0,15.82,3164.0,3169.0,-5.0,2026-09-30
603279.SH,景津装备,400.0,10.94,4376.0,4381.0,-5.0,2026-09-30
603876.SH,鼎胜新材,200.0,17.24,3448.0,3453.0,-5.0,2026-09-30
000600.SZ,建投能源,600.0,7.17,4302.0,4307.0,-5.0,2026-09-30
000688.SZ,国城矿业,100.0,24.24,2424.0,2429.0,-5.0,2026-09-30
001267.SZ,汇绿生态,100.0,32.83,3283.0,3288.0,-5.0,2026-09-30
001914.SZ,招商积余,500.0,9.4,4700.0,4705.0,-5.0,2026-09-30
002960.SZ,青鸟智控,500.0,8.7,4350.0,4355.0,-5.0,2026-09-30
002993.SZ,奥海科技,100.0,32.27,3227.0,3232.0,-5.0,2026-09-30
300080.SZ,易成新能,1200.0,3.69,4428.0,4433.0,-5.0,2026-09-30
300298.SZ,三诺生物,200.0,16.3,3260.0,3265.0,-5.0,2026-09-30
300602.SZ,飞荣达,100.0,34.88,3488.0,3493.0,-5.0,2026-09-30
300607.SZ,拓斯达,100.0,30.2,3020.0,3025.0,-5.0,2026-09-30
301267.SZ,华厦眼科,300.0,15.16,4548.0,4553.0,-5.0,2026-09-30
