日期,操作,代码,名称,股数,成交价,金额,费用,备注
2026-09-30,买入,603103.SH,横店影视,200,15.82,3164.0,5.0,清单买入
2026-09-30,买入,600167.SH,联美控股,800,5.65,4520.0,5.0,替补（替 688300.SH）
2026-09-30,买入,002960.SZ,青鸟智控,500,8.7,4350.0,5.0,替补（替 688146.SH）
2026-09-30,买入,301267.SZ,华厦眼科,300,15.16,4548.0,5.0,替补（替 605376.SH）
2026-09-30,买入,300602.SZ,飞荣达,100,34.88,3488.0,5.0,清单买入
2026-09-30,买入,600353.SH,旭光电子,100,28.68,2868.0,5.0,清单买入
2026-09-30,买入,600877.SH,电科芯片,400,11.22,4488.0,5.0,替补（替 002484.SZ）
2026-09-30,买入,300080.SZ,易成新能,1200,3.69,4428.0,5.0,替补（替 688433.SH）
2026-09-30,买入,300298.SZ,三诺生物,200,16.3,3260.0,5.0,替补（替 688668.SH）
2026-09-30,买入,001914.SZ,招商积余,500,9.4,4700.0,5.0,替补（替 603516.SH）
2026-09-30,买入,002993.SZ,奥海科技,100,32.27,3227.0,5.0,替补（替 300870.SZ）
2026-09-30,买入,001267.SZ,汇绿生态,100,32.83,3283.0,5.0,清单买入
2026-09-30,买入,603279.SH,景津装备,400,10.94,4376.0,5.0,替补（替 002192.SZ）
2026-09-30,买入,000688.SZ,国城矿业,100,24.24,2424.0,5.0,清单买入
2026-09-30,买入,300607.SZ,拓斯达,100,30.2,3020.0,5.0,清单买入
2026-09-30,买入,000600.SZ,建投能源,600,7.17,4302.0,5.0,替补（替 688798.SH）
2026-09-30,买入,603876.SH,鼎胜新材,200,17.24,3448.0,5.0,清单买入
2026-09-30,买入,600094.SH,大名城,1100,4.19,4609.0,5.0,清单买入
2026-09-30,买入,600649.SH,城投控股,1100,4.06,4466.0,5.0,清单买入
2026-09-30,买入,600651.SH,飞乐音响,900,4.98,4482.0,5.0,替补（替 688362.SH）
