datetime,value,turnover,cost,n_hold,return,bench,excess,exposure
2023-01-03,1000000.000000,0.000000,0.000000,0,0.000000,0.022618,-0.022618,1.000000
2023-01-04,999578.941993,0.842116,0.000421,48,-0.000421,-0.000377,-0.000044,1.000000
2023-01-05,1010456.774089,0.117550,0.000076,50,0.010882,0.009996,0.000886,1.000000
2023-01-06,1013353.255321,0.092666,0.000065,50,0.002867,0.002290,0.000577,1.000000
2023-01-09,1025510.105033,0.092816,0.000065,50,0.011997,0.005450,0.006546,1.000000
2023-01-10,1025486.639721,0.110606,0.000084,50,-0.000023,0.000681,-0.000704,1.000000
2023-01-11,1018808.520109,0.087300,0.000061,50,-0.006512,-0.008150,0.001637,1.000000
2023-01-12,1021764.045696,0.079082,0.000059,50,0.002901,0.000412,0.002489,1.000000
2023-01-13,1029326.075576,0.092982,0.000070,50,0.007401,0.004305,0.003096,1.000000
2023-01-16,1044620.014986,0.063207,0.000050,50,0.014858,0.011400,0.003458,1.000000
2023-01-17,1042418.777677,0.082567,0.000060,50,-0.002107,0.000862,-0.002969,1.000000
2023-01-18,1043718.781050,0.065624,0.000049,50,0.001247,0.002352,-0.001105,1.000000
2023-01-19,1049060.581924,0.074241,0.000057,50,0.005118,0.009537,-0.004419,1.000000
2023-01-20,1058189.410408,0.076912,0.000057,50,0.008702,0.009103,-0.000401,1.000000
2023-01-30,1072938.731667,0.059819,0.000046,50,0.013938,0.007362,0.006576,1.000000
2023-01-31,1073868.756178,0.078081,0.000058,50,0.000867,0.002775,-0.001908,1.000000
2023-02-01,1091779.344023,0.048690,0.000041,49,0.016679,0.016376,0.000303,1.000000
2023-02-02,1100286.294966,0.080741,0.000063,49,0.007792,0.002387,0.005405,1.000000
2023-02-03,1098419.769494,0.095667,0.000068,50,-0.001696,-0.001176,-0.000521,1.000000
2023-02-06,1099830.272776,0.059922,0.000049,49,0.001284,-0.004862,0.006146,1.000000
2023-02-07,1107490.425162,0.079307,0.000059,49,0.006965,0.004776,0.002189,1.000000
2023-02-08,1101196.781552,0.089820,0.000068,49,-0.005683,-0.006730,0.001047,1.000000
2023-02-09,1117674.940923,0.089781,0.000062,49,0.014964,0.017660,-0.002696,1.000000
2023-02-10,1111672.218953,0.108557,0.000081,50,-0.005371,-0.003399,-0.001972,1.000000
2023-02-13,1121147.312773,0.085355,0.000064,50,0.008523,0.011009,-0.002485,1.000000
2023-02-14,1129110.242107,0.073577,0.000056,50,0.007102,0.001315,0.005788,1.000000
2023-02-15,1128214.532929,0.092615,0.000068,50,-0.000793,0.000304,-0.001098,1.000000
2023-02-16,1103113.139460,0.060903,0.000046,50,-0.022249,-0.019593,-0.002655,1.000000
2023-02-17,1099355.438399,0.063366,0.000048,50,-0.003406,-0.008180,0.004774,1.000000
2023-02-20,1108709.828573,0.077432,0.000058,50,0.008509,0.013221,-0.004712,1.000000
2023-02-21,1113776.648654,0.069294,0.000052,50,0.004570,0.004472,0.000098,1.000000
2023-02-22,1116950.920163,0.057877,0.000044,50,0.002850,0.001137,0.001713,1.000000
2023-02-23,1112729.324231,0.104878,0.000079,50,-0.003780,-0.004521,0.000741,1.000000
2023-02-24,1112235.743007,0.091114,0.000067,50,-0.000444,-0.003154,0.002710,1.000000
2023-02-27,1108457.360253,0.072705,0.000061,49,-0.003397,-0.007275,0.003877,1.000000
2023-02-28,1119682.265416,0.086921,0.000065,49,0.010127,0.008887,0.001239,1.000000
2023-03-01,1128857.877910,0.053975,0.000044,48,0.008195,0.006786,0.001409,1.000000
2023-03-02,1121577.913353,0.084346,0.000063,49,-0.006449,-0.004350,-0.002099,1.000000
2023-03-03,1117231.464254,0.117362,0.000080,50,-0.003875,-0.000627,-0.003249,1.000000
2023-03-06,1124874.310830,0.071986,0.000055,50,0.006841,0.004176,0.002665,1.000000
2023-03-07,1103184.110205,0.092096,0.000067,50,-0.019282,-0.020251,0.000969,1.000000
2023-03-08,1113503.172157,0.057922,0.000048,49,0.009354,0.005269,0.004085,1.000000
2023-03-09,1116516.925135,0.072335,0.000055,49,0.002707,0.000203,0.002503,1.000000
2023-03-10,1104425.855029,0.069743,0.000052,49,-0.010829,-0.013719,0.002889,1.000000
2023-03-13,1115588.209203,0.053899,0.000045,48,0.010107,0.005048,0.005059,1.000000
2023-03-14,1106456.533207,0.080883,0.000058,49,-0.008186,-0.009187,0.001001,1.000000
2023-03-15,1108025.624904,0.066061,0.000050,49,0.001418,0.004966,-0.003548,1.000000
2023-03-16,1094063.206371,0.121003,0.000084,50,-0.012601,-0.016711,0.004109,1.000000
2023-03-17,1105686.687639,0.039020,0.000033,49,0.010624,0.006964,0.003660,1.000000
2023-03-20,1104442.825113,0.107086,0.000077,50,-0.001125,-0.002215,0.001090,1.000000
2023-03-21,1124752.945615,0.076028,0.000057,50,0.018389,0.013083,0.005306,1.000000
2023-03-22,1130420.684997,0.084013,0.000063,50,0.005039,0.004544,0.000495,1.000000
2023-03-23,1133370.561599,0.071555,0.000060,49,0.002610,0.004166,-0.001557,1.000000
2023-03-24,1135363.678970,0.063996,0.000042,51,0.001759,-0.000128,0.001887,1.000000
2023-03-27,1139777.428047,0.067303,0.000054,50,0.003888,0.002729,0.001159,1.000000
2023-03-28,1133854.412061,0.053346,0.000042,49,-0.005197,-0.008903,0.003706,1.000000
2023-03-29,1134955.709957,0.110320,0.000077,50,0.000971,-0.002798,0.003770,1.000000
2023-03-30,1135362.193370,0.065695,0.000050,50,0.000358,0.000200,0.000158,1.000000
2023-03-31,1143911.359619,0.076713,0.000059,50,0.007530,0.010014,-0.002484,1.000000
2023-04-03,1156181.495897,0.093210,0.000068,50,0.010726,0.012564,-0.001838,1.000000
2023-04-04,1154552.817683,0.079068,0.000059,50,-0.001409,-0.001270,-0.000139,1.000000
2023-04-06,1152348.991078,0.070194,0.000053,50,-0.001909,0.004267,-0.006176,1.000000
2023-04-07,1169646.876254,0.097101,0.000073,50,0.015011,0.008572,0.006439,1.000000
2023-04-10,1161369.691860,0.096659,0.000074,50,-0.007077,-0.010552,0.003476,1.000000
2023-04-11,1165596.829966,0.029446,0.000020,51,0.003640,0.002234,0.001405,1.000000
2023-04-12,1173351.058633,0.064375,0.000050,50,0.006653,0.005280,0.001372,1.000000
2023-04-13,1168350.939364,0.083648,0.000061,50,-0.004261,-0.007720,0.003458,1.000000
2023-04-14,1170064.498017,0.077493,0.000058,50,0.001467,0.007646,-0.006180,1.000000
2023-04-17,1168939.051842,0.080192,0.000061,50,-0.000962,-0.001043,0.000081,1.000000
2023-04-18,1165421.397958,0.052656,0.000044,49,-0.003009,-0.002239,-0.000770,1.000000
2023-04-19,1164525.381795,0.076220,0.000057,49,-0.000769,-0.004500,0.003732,1.000000
2023-04-20,1157231.838201,0.081881,0.000062,49,-0.006263,-0.000241,-0.006022,1.000000
2023-04-21,1122618.040682,0.058845,0.000049,48,-0.029911,-0.027340,-0.002571,1.000000
2023-04-24,1111511.605100,0.097000,0.000068,49,-0.009893,-0.007122,-0.002771,1.000000
2023-04-25,1087908.725131,0.090777,0.000069,49,-0.021235,-0.018145,-0.003090,1.000000
2023-04-26,1091738.591266,0.100169,0.000070,50,0.003520,0.003204,0.000316,1.000000
2023-04-27,1092492.988284,0.068167,0.000051,50,0.000691,0.001372,-0.000681,1.000000
2023-04-28,1113296.053203,0.089617,0.000068,50,0.019042,0.013539,0.005503,1.000000
2023-05-04,1117332.131843,0.074688,0.000055,50,0.003625,0.001587,0.002038,1.000000
2023-05-05,1113950.234744,0.085767,0.000065,50,-0.003027,-0.011928,0.008901,1.000000
2023-05-08,1118445.636172,0.050971,0.000042,49,0.004036,0.007342,-0.003306,1.000000
2023-05-09,1108502.996880,0.102246,0.000074,50,-0.008890,-0.013556,0.004666,1.000000
2023-05-10,1114705.368339,0.091665,0.000067,50,0.005595,0.002370,0.003225,1.000000
2023-05-11,1121484.479068,0.052459,0.000044,49,0.006082,-0.000723,0.006804,1.000000
2023-05-12,1112533.084238,0.089810,0.000063,50,-0.007982,-0.013074,0.005092,1.000000
2023-05-15,1112173.615881,0.058713,0.000049,49,-0.000323,0.007645,-0.007969,1.000000
2023-05-16,1095325.993789,0.068614,0.000051,49,-0.015148,-0.010571,-0.004577,1.000000
2023-05-17,1103919.170809,0.049130,0.000041,48,0.007845,0.005937,0.001908,1.000000
2023-05-18,1111481.849473,0.087949,0.000066,49,0.006851,0.004387,0.002463,1.000000
2023-05-19,1115361.911701,0.137441,0.000097,50,0.003491,0.002822,0.000669,1.000000
2023-05-22,1116085.486024,0.065007,0.000052,49,0.000649,-0.000960,0.001609,1.000000
2023-05-23,1103580.298917,0.111418,0.000078,50,-0.011205,-0.010238,-0.000966,1.000000
2023-05-24,1099455.818914,0.084001,0.000062,50,-0.003737,-0.002339,-0.001398,1.000000
2023-05-25,1097328.598221,0.055183,0.000046,49,-0.001935,-0.001870,-0.000065,1.000000
2023-05-26,1106607.303645,0.064803,0.000045,51,0.008456,0.006985,0.001471,1.000000
2023-05-29,1105320.906845,0.071633,0.000057,50,-0.001162,-0.001877,0.000715,1.000000
2023-05-30,1116502.402291,0.099529,0.000071,50,0.010116,0.004645,0.005471,1.000000
2023-05-31,1123251.936472,0.058591,0.000048,49,0.006045,-0.000430,0.006475,1.000000
2023-06-01,1129846.187537,0.084328,0.000064,49,0.005871,0.001998,0.003873,1.000000
2023-06-02,1140442.930206,0.081764,0.000062,49,0.009379,0.007836,0.001543,1.000000
2023-06-05,1143488.302071,0.140172,0.000100,50,0.002670,0.001008,0.001662,1.000000
2023-06-06,1120601.648270,0.082457,0.000060,50,-0.020015,-0.021582,0.001567,1.000000
2023-06-07,1126080.305171,0.069809,0.000053,50,0.004889,-0.000193,0.005082,1.000000
2023-06-08,1123216.010014,0.056700,0.000047,49,-0.002544,-0.007102,0.004558,1.000000
2023-06-09,1130959.693079,0.089667,0.000063,49,0.006894,0.008239,-0.001345,1.000000
2023-06-12,1136110.342907,0.061555,0.000046,50,0.004554,0.005327,-0.000773,1.000000
2023-06-13,1144554.666242,0.079578,0.000060,50,0.007433,0.003798,0.003635,1.000000
2023-06-14,1148948.371092,0.029581,0.000025,50,0.003839,0.003533,0.000306,1.000000
2023-06-15,1150523.306301,0.075192,0.000062,49,0.001371,0.005447,-0.004076,1.000000
2023-06-16,1159438.220099,0.079544,0.000059,49,0.007749,0.008325,-0.000576,1.000000
2023-06-19,1160287.228370,0.095431,0.000071,49,0.000732,0.003642,-0.002910,1.000000
2023-06-20,1163093.635611,0.054028,0.000038,50,0.002419,0.000091,0.002328,1.000000
2023-06-21,1142526.330976,0.094312,0.000070,50,-0.017683,-0.021736,0.004053,1.000000
2023-06-26,1115258.543527,0.096321,0.000069,50,-0.023866,-0.019461,-0.004405,1.000000
2023-06-27,1132229.838557,0.031961,0.000026,50,0.015217,0.013440,0.001777,1.000000
2023-06-28,1122549.534969,0.093555,0.000069,50,-0.008550,-0.004881,-0.003669,1.000000
2023-06-29,1131294.931619,0.079308,0.000058,50,0.007791,0.006877,0.000914,1.000000
2023-06-30,1148076.569245,0.093603,0.000071,50,0.014834,0.012577,0.002257,1.000000
2023-07-03,1156808.109558,0.093602,0.000070,50,0.007605,0.001642,0.005963,1.000000
2023-07-04,1166767.816927,0.031143,0.000026,49,0.008610,0.003867,0.004743,1.000000
2023-07-05,1155116.234915,0.089177,0.000065,50,-0.009986,-0.008139,-0.001847,1.000000
2023-07-06,1153626.776870,0.092195,0.000069,50,-0.001289,-0.002633,0.001344,1.000000
2023-07-07,1141871.652783,0.070755,0.000054,50,-0.010190,-0.006951,-0.003238,1.000000
2023-07-10,1143703.517600,0.044536,0.000037,49,0.001604,0.000831,0.000773,1.000000
2023-07-11,1156786.397076,0.087011,0.000061,49,0.011439,0.008047,0.003392,1.000000
2023-07-12,1138747.103380,0.070976,0.000053,50,-0.015594,-0.014649,-0.000945,1.000000
2023-07-13,1153750.844201,0.090230,0.000067,50,0.013176,0.010076,0.003100,1.000000
2023-07-14,1156801.801000,0.099100,0.000076,50,0.002644,-0.000588,0.003232,1.000000
2023-07-17,1155640.137965,0.108124,0.000080,50,-0.001004,-0.004263,0.003259,1.000000
2023-07-18,1150771.887226,0.078110,0.000060,50,-0.004213,-0.001002,-0.003211,1.000000
2023-07-19,1150156.197648,0.110340,0.000082,50,-0.000535,-0.002716,0.002181,1.000000
2023-07-20,1133523.974579,0.064859,0.000047,50,-0.014461,-0.012875,-0.001586,1.000000
2023-07-21,1133557.800384,0.070985,0.000053,50,0.000030,-0.001145,0.001175,1.000000
2023-07-24,1133795.400057,0.087633,0.000066,50,0.000210,-0.001192,0.001402,1.000000
2023-07-25,1153810.816634,0.081481,0.000061,50,0.017653,0.016341,0.001313,1.000000
2023-07-26,1149294.198004,0.098381,0.000074,50,-0.003915,-0.006312,0.002398,1.000000
2023-07-27,1138407.489819,0.077961,0.000059,50,-0.009473,-0.007697,-0.001776,1.000000
2023-07-28,1144378.788644,0.045347,0.000038,49,0.005245,0.009025,-0.003780,1.000000
2023-07-31,1154527.496755,0.069620,0.000055,49,0.008868,0.007806,0.001062,1.000000
2023-08-01,1156644.215305,0.107349,0.000075,50,0.001833,-0.001295,0.003129,1.000000
2023-08-02,1159491.353345,0.071706,0.000053,50,0.002462,-0.001750,0.004212,1.000000
2023-08-03,1158536.192846,0.094934,0.000071,50,-0.000824,0.000542,-0.001366,1.000000
2023-08-04,1162049.335881,0.080457,0.000060,50,0.003032,0.005505,-0.002473,1.000000
2023-08-07,1155596.389011,0.066255,0.000051,50,-0.005553,-0.004795,-0.000758,1.000000
2023-08-08,1150311.227230,0.089884,0.000067,50,-0.004574,-0.005018,0.000445,1.000000
2023-08-09,1140580.021228,0.090842,0.000069,50,-0.008460,-0.007782,-0.000678,1.000000
2023-08-10,1141283.579457,0.096091,0.000071,50,0.000617,0.000908,-0.000291,1.000000
2023-08-11,1120072.321585,0.097959,0.000073,50,-0.018585,-0.019009,0.000424,1.000000
2023-08-14,1118648.341798,0.056524,0.000042,50,-0.001271,0.002343,-0.003614,1.000000
2023-08-15,1102239.639450,0.079959,0.000060,50,-0.014668,-0.009127,-0.005541,1.000000
2023-08-16,1086179.176370,0.094797,0.000071,50,-0.014571,-0.012030,-0.002541,1.000000
2023-08-17,1095592.974901,0.047926,0.000036,50,0.008667,0.009893,-0.001226,1.000000
2023-08-18,1082940.791159,0.091951,0.000068,50,-0.011548,-0.020886,0.009338,1.000000
2023-08-21,1071874.950542,0.093569,0.000070,50,-0.010218,-0.009799,-0.000420,1.000000
2023-08-22,1076251.440153,0.051145,0.000039,50,0.004083,0.006937,-0.002854,1.000000
2023-08-23,1059976.720549,0.071376,0.000053,50,-0.015122,-0.020580,0.005458,1.000000
2023-08-24,1056846.172928,0.087567,0.000066,50,-0.002953,0.002394,-0.005347,1.000000
2023-08-25,1037853.261810,0.070122,0.000053,50,-0.017971,-0.018193,0.000222,1.000000
2023-08-28,1040832.221413,0.101692,0.000075,50,0.002870,0.007336,-0.004466,1.000000
2023-08-29,1075746.932188,0.094453,0.000072,50,0.033545,0.031509,0.002036,1.000000
2023-08-30,1087645.197810,0.078021,0.000058,50,0.011060,0.005053,0.006007,1.000000
2023-08-31,1082314.775191,0.068427,0.000051,50,-0.004901,-0.005754,0.000854,1.000000
2023-09-01,1080343.238392,0.083041,0.000063,50,-0.001822,0.000475,-0.002297,1.000000
2023-09-04,1095480.920250,0.073380,0.000055,50,0.014012,0.014992,-0.000980,1.000000
2023-09-05,1092092.447235,0.067864,0.000052,50,-0.003093,-0.005020,0.001927,1.000000
2023-09-06,1102362.678625,0.076612,0.000057,50,0.009404,0.004498,0.004907,1.000000
2023-09-07,1087372.348639,0.047369,0.000040,49,-0.013598,-0.018060,0.004462,1.000000
2023-09-08,1088651.428048,0.107004,0.000076,50,0.001176,0.003123,-0.001947,1.000000
2023-09-11,1100429.773109,0.057887,0.000043,50,0.010819,0.013134,-0.002315,1.000000
2023-09-12,1100110.221242,0.073574,0.000057,50,-0.000290,0.000319,-0.000609,1.000000
2023-09-13,1086046.085221,0.075380,0.000055,50,-0.012784,-0.013173,0.000389,1.000000
2023-09-14,1076853.870468,0.078038,0.000059,50,-0.008464,-0.005641,-0.002823,1.000000
2023-09-15,1074444.036947,0.069906,0.000052,50,-0.002238,0.001705,-0.003943,1.000000
2023-09-18,1075963.119170,0.057215,0.000044,50,0.001414,0.000808,0.000606,1.000000
2023-09-19,1065368.498576,0.083159,0.000062,50,-0.009847,-0.008700,-0.001147,1.000000
2023-09-20,1058934.566151,0.077051,0.000058,50,-0.006039,-0.008038,0.001999,1.000000
2023-09-21,1052065.547559,0.068048,0.000051,50,-0.006487,-0.007171,0.000684,1.000000
2023-09-22,1073166.612089,0.074235,0.000056,50,0.020057,0.019407,0.000650,1.000000
2023-09-25,1060827.662585,0.055015,0.000044,50,-0.011498,-0.004548,-0.006949,1.000000
2023-09-26,1057897.936252,0.072278,0.000052,50,-0.002762,-0.005190,0.002428,1.000000
2023-09-27,1064862.646463,0.066677,0.000051,50,0.006584,0.006329,0.000254,1.000000
2023-09-28,1071075.402673,0.080218,0.000059,50,0.005834,0.007438,-0.001603,1.000000
2023-10-09,1066413.092063,0.074650,0.000057,50,-0.004353,-0.003121,-0.001232,1.000000
2023-10-10,1069093.253797,0.074038,0.000057,50,0.002513,-0.002721,0.005234,1.000000
2023-10-11,1075255.608312,0.029166,0.000021,51,0.005764,0.002634,0.003130,1.000000
2023-10-12,1075194.164494,0.070825,0.000057,50,-0.000057,0.007436,-0.007494,1.000000
2023-10-13,1071438.017912,0.097890,0.000072,50,-0.003493,-0.003701,0.000207,1.000000
2023-10-16,1058957.804202,0.093031,0.000070,50,-0.011648,-0.009456,-0.002192,1.000000
2023-10-17,1062272.989363,0.093756,0.000071,50,0.003131,-0.002156,0.005287,1.000000
2023-10-18,1043287.904530,0.084367,0.000058,50,-0.017872,-0.017194,-0.000678,1.000000
2023-10-19,1038562.023348,0.103637,0.000077,50,-0.004530,-0.011022,0.006492,1.000000
2023-10-20,1020127.313454,0.097711,0.000073,50,-0.017750,-0.011736,-0.006015,1.000000
2023-10-23,993480.992751,0.079668,0.000060,50,-0.026121,-0.023584,-0.002537,1.000000
2023-10-24,1009770.846474,0.089888,0.000067,50,0.016397,0.014398,0.001998,1.000000
2023-10-25,1020885.119767,0.055247,0.000042,50,0.011007,0.010417,0.000590,1.000000
2023-10-26,1023973.908023,0.079082,0.000059,50,0.003026,0.005674,-0.002649,1.000000
2023-10-27,1041548.130764,0.067410,0.000056,49,0.017163,0.018065,-0.000903,1.000000
2023-10-30,1056309.140567,0.087118,0.000060,50,0.014172,0.015191,-0.001019,1.000000
2023-10-31,1053966.899086,0.044445,0.000038,49,-0.002217,-0.006197,0.003979,1.000000
2023-11-01,1054861.850451,0.104857,0.000074,50,0.000849,-0.001829,0.002678,1.000000
2023-11-02,1045200.346520,0.087583,0.000065,50,-0.009159,-0.012280,0.003121,1.000000
2023-11-03,1065431.463258,0.071330,0.000054,50,0.019356,0.014939,0.004417,1.000000
2023-11-06,1090306.642402,0.073152,0.000055,50,0.023348,0.020659,0.002688,1.000000
2023-11-07,1101479.048724,0.029177,0.000025,50,0.010247,0.003312,0.006935,1.000000
2023-11-08,1104347.989682,0.091253,0.000066,50,0.002605,0.003626,-0.001021,1.000000
2023-11-09,1099527.972142,0.107727,0.000080,50,-0.004365,-0.006231,0.001866,1.000000
2023-11-10,1099221.946992,0.050379,0.000042,49,-0.000278,-0.001988,0.001710,1.000000
2023-11-13,1110943.171389,0.068736,0.000053,49,0.010663,0.009209,0.001454,1.000000
2023-11-14,1122294.369791,0.086868,0.000066,49,0.010218,0.006078,0.004139,1.000000
2023-11-15,1129992.255435,0.120690,0.000086,50,0.006859,0.004091,0.002768,1.000000
2023-11-16,1122703.440502,0.108078,0.000081,50,-0.006450,-0.010008,0.003557,1.000000
2023-11-17,1129581.726079,0.076315,0.000057,50,0.006127,0.008800,-0.002674,1.000000
2023-11-20,1137644.737786,0.060559,0.000046,50,0.007138,0.008719,-0.001581,1.000000
2023-11-21,1128274.029895,0.063314,0.000048,50,-0.008237,-0.006581,-0.001656,1.000000
2023-11-22,1115363.785095,0.075249,0.000055,50,-0.011442,-0.012743,0.001300,1.000000
2023-11-23,1125468.025536,0.064151,0.000048,50,0.009059,0.010527,-0.001468,1.000000
2023-11-24,1109208.059026,0.066080,0.000056,49,-0.014447,-0.013250,-0.001197,1.000000
2023-11-27,1113526.895710,0.112573,0.000079,50,0.003894,-0.000662,0.004556,1.000000
2023-11-28,1123289.130891,0.054616,0.000045,49,0.008767,0.005226,0.003541,1.000000
2023-11-29,1121899.660509,0.079071,0.000060,49,-0.001237,-0.004872,0.003635,1.000000
2023-11-30,1111753.058273,0.045153,0.000037,48,-0.009044,-0.005369,-0.003676,1.000000
2023-12-01,1115784.797326,0.099318,0.000067,50,0.003626,0.008141,-0.004514,1.000000
2023-12-04,1109288.795977,0.085777,0.000065,50,-0.005822,-0.002555,-0.003267,1.000000
2023-12-05,1085349.482257,0.078149,0.000058,50,-0.021581,-0.019919,-0.001662,1.000000
2023-12-06,1087627.355974,0.076836,0.000057,50,0.002099,0.005206,-0.003108,1.000000
2023-12-07,1087486.210106,0.085538,0.000064,50,-0.000130,-0.000493,0.000363,1.000000
2023-12-08,1089058.081650,0.089134,0.000067,50,0.001445,-0.002938,0.004384,1.000000
2023-12-11,1103851.919073,0.076699,0.000058,50,0.013584,0.011984,0.001600,1.000000
2023-12-12,1102524.093178,0.083256,0.000062,50,-0.001203,0.000644,-0.001847,1.000000
2023-12-13,1096220.514204,0.077748,0.000061,50,-0.005717,-0.009778,0.004061,1.000000
2023-12-14,1091973.692334,0.085876,0.000063,50,-0.003874,-0.004600,0.000726,1.000000
2023-12-15,1078149.278295,0.068477,0.000051,50,-0.012660,-0.006719,-0.005941,1.000000
2023-12-18,1059916.038118,0.037747,0.000027,51,-0.016912,-0.015893,-0.001018,1.000000
2023-12-19,1062743.357547,0.059690,0.000047,50,0.002667,0.001115,0.001553,1.000000
2023-12-20,1045522.617100,0.086012,0.000062,50,-0.016204,-0.017435,0.001231,1.000000
2023-12-21,1050360.572380,0.066236,0.000050,50,0.004627,0.006526,-0.001899,1.000000
2023-12-22,1036662.649229,0.084865,0.000065,50,-0.013041,-0.011209,-0.001832,1.000000
2023-12-25,1036969.988915,0.079827,0.000059,50,0.000296,0.000317,-0.000021,1.000000
2023-12-26,1020630.166043,0.066328,0.000050,50,-0.015757,-0.014669,-0.001088,1.000000
2023-12-27,1028315.414154,0.087720,0.000065,50,0.007530,0.007886,-0.000356,1.000000
2023-12-28,1050384.674904,0.087642,0.000066,50,0.021462,0.019201,0.002261,1.000000
2023-12-29,1066025.513227,0.039304,0.000034,50,0.014891,0.014075,0.000816,1.000000
2024-01-02,1057517.646795,0.085157,0.000062,50,-0.007981,-0.005519,-0.002462,1.000000
2024-01-03,1052009.045977,0.084309,0.000063,50,-0.005209,-0.005245,0.000036,1.000000
2024-01-04,1044464.672422,0.077723,0.000058,50,-0.007171,-0.007043,-0.000128,1.000000
2024-01-05,1027336.804473,0.087484,0.000065,50,-0.016399,-0.018539,0.002140,1.000000
2024-01-08,1001294.622261,0.068253,0.000057,49,-0.025349,-0.023299,-0.002050,1.000000
2024-01-09,998597.220083,0.077732,0.000059,49,-0.002694,0.001755,-0.004449,1.000000
2024-01-10,989882.879728,0.097690,0.000067,50,-0.008727,-0.007424,-0.001302,1.000000
2024-01-11,1010835.899521,0.037431,0.000028,50,0.021167,0.017968,0.003199,1.000000
2024-01-12,1003541.092088,0.088343,0.000067,50,-0.007217,-0.006526,-0.000690,1.000000
2024-01-15,998667.181590,0.069133,0.000053,50,-0.004857,-0.002711,-0.002146,1.000000
2024-01-16,994468.001299,0.056999,0.000042,50,-0.004205,-0.003581,-0.000623,1.000000
2024-01-17,972143.776110,0.046969,0.000035,50,-0.022448,-0.027142,0.004693,1.000000
2024-01-18,969179.521285,0.073773,0.000055,50,-0.003049,-0.002913,-0.000136,1.000000
2024-01-19,960040.892538,0.082473,0.000063,50,-0.009429,-0.012363,0.002933,1.000000
2024-01-22,903846.754658,0.081758,0.000060,50,-0.058533,-0.057690,-0.000843,1.000000
2024-01-23,915445.472400,0.089005,0.000067,50,0.012833,0.015757,-0.002925,1.000000
2024-01-24,930046.424912,0.085741,0.000066,50,0.015950,0.012556,0.003393,1.000000
2024-01-25,959404.897616,0.073042,0.000059,49,0.031567,0.033594,-0.002028,1.000000
2024-01-26,950749.362098,0.082848,0.000057,49,-0.009022,-0.008736,-0.000286,1.000000
2024-01-29,928610.333450,0.074571,0.000056,49,-0.023286,-0.026284,0.002998,1.000000
2024-01-30,900679.731671,0.039879,0.000033,50,-0.030078,-0.028568,-0.001510,1.000000
2024-01-31,864930.221648,0.090251,0.000065,50,-0.039692,-0.040049,0.000357,1.000000
2024-02-01,859528.355989,0.080765,0.000061,50,-0.006245,-0.007229,0.000983,1.000000
2024-02-02,819732.706299,0.065529,0.000049,50,-0.046299,-0.037001,-0.009299,1.000000
2024-02-05,763031.890770,0.117125,0.000090,50,-0.069170,-0.061556,-0.007614,1.000000
2024-02-06,809565.866456,0.071557,0.000052,50,0.060986,0.069733,-0.008748,1.000000
2024-02-07,842334.255639,0.050850,0.000039,51,0.040476,0.044728,-0.004251,1.000000
2024-02-08,895831.975033,0.064429,0.000051,50,0.063511,0.040695,0.022816,1.000000
2024-02-19,900601.280234,0.075593,0.000057,50,0.005324,0.007308,-0.001984,1.000000
2024-02-20,907558.376223,0.094888,0.000069,50,0.007725,0.003265,0.004460,1.000000
2024-02-21,915025.611187,0.094943,0.000071,50,0.008228,0.005444,0.002784,1.000000
2024-02-22,931630.188275,0.066940,0.000050,50,0.018147,0.015384,0.002763,1.000000
2024-02-23,948244.414315,0.058587,0.000045,49,0.017833,0.014392,0.003442,1.000000
2024-02-26,956388.944701,0.062812,0.000048,50,0.008589,0.005689,0.002900,1.000000
2024-02-27,983322.501554,0.078094,0.000059,50,0.028162,0.026379,0.001783,1.000000
2024-02-28,929196.994973,0.041023,0.000030,51,-0.055043,-0.044861,-0.010183,1.000000
2024-02-29,965225.042998,0.033575,0.000026,51,0.038773,0.037375,0.001398,1.000000
2024-03-01,974504.791224,0.036628,0.000027,50,0.009614,0.010727,-0.001113,1.000000
2024-03-04,973987.456087,0.074288,0.000056,50,-0.000531,0.004887,-0.005418,1.000000
2024-03-05,965020.947778,0.073269,0.000056,50,-0.009206,-0.009802,0.000596,1.000000
2024-03-06,964114.225349,0.112499,0.000086,50,-0.000940,0.001178,-0.002117,1.000000
2024-03-07,949896.776927,0.070327,0.000054,50,-0.014747,-0.014528,-0.000219,1.000000
2024-03-08,958151.697592,0.044067,0.000034,49,0.008690,0.012651,-0.003960,1.000000
2024-03-11,978525.486523,0.111107,0.000080,50,0.021264,0.017928,0.003336,1.000000
2024-03-12,989358.168868,0.064704,0.000051,49,0.011070,0.005435,0.005636,1.000000
2024-03-13,991727.041110,0.090751,0.000072,49,0.002394,0.004625,-0.002230,1.000000
2024-03-14,980026.160158,0.119141,0.000082,50,-0.011798,-0.006362,-0.005436,1.000000
2024-03-15,991525.877763,0.079965,0.000061,50,0.011734,0.012574,-0.000840,1.000000
2024-03-18,1006995.131266,0.076707,0.000057,50,0.015601,0.016626,-0.001025,1.000000
2024-03-19,1001898.684182,0.048610,0.000037,50,-0.005061,-0.007176,0.002115,1.000000
2024-03-20,1016414.154923,0.049109,0.000037,51,0.014488,0.009215,0.005273,1.000000
2024-03-21,1013003.217319,0.067435,0.000054,50,-0.003356,-0.000154,-0.003202,1.000000
2024-03-22,999164.948084,0.096747,0.000072,50,-0.013661,-0.011028,-0.002633,1.000000
2024-03-25,971455.200782,0.081185,0.000057,50,-0.027733,-0.023199,-0.004534,1.000000
2024-03-26,963440.765984,0.076678,0.000057,50,-0.008250,-0.003350,-0.004900,1.000000
2024-03-27,930432.852061,0.077286,0.000058,50,-0.034260,-0.033320,-0.000940,1.000000
2024-03-28,946536.575517,0.082966,0.000062,50,0.017308,0.022029,-0.004721,1.000000
2024-03-29,955024.053702,0.098119,0.000074,50,0.008967,0.010966,-0.001999,1.000000
2024-04-01,985427.125919,0.069823,0.000054,50,0.031835,0.021649,0.010186,1.000000
2024-04-02,988500.523724,0.058313,0.000043,51,0.003119,-0.005039,0.008157,1.000000
2024-04-03,988647.638334,0.079034,0.000065,50,0.000149,-0.005446,0.005594,1.000000
2024-04-08,967394.381238,0.102796,0.000076,50,-0.021497,-0.018364,-0.003133,1.000000
2024-04-09,985815.271806,0.076861,0.000053,50,0.019042,0.012778,0.006264,1.000000
2024-04-10,968289.049666,0.044897,0.000035,51,-0.017778,-0.018625,0.000847,1.000000
2024-04-11,969359.231896,0.063225,0.000049,50,0.001105,0.002398,-0.001293,1.000000
2024-04-12,964459.507892,0.102235,0.000074,50,-0.005055,-0.007649,0.002594,1.000000
2024-04-15,950173.994383,0.056567,0.000042,50,-0.014812,-0.009601,-0.005210,1.000000
2024-04-16,908402.679011,0.107944,0.000080,50,-0.043962,-0.041768,-0.002194,1.000000
2024-04-17,947315.255802,0.091603,0.000069,50,0.042836,0.043579,-0.000743,1.000000
2024-04-18,943064.336192,0.061175,0.000052,49,-0.004487,-0.000140,-0.004347,1.000000
2024-04-19,931873.047560,0.129466,0.000091,50,-0.011867,-0.004224,-0.007643,1.000000
2024-04-22,931592.211333,0.071086,0.000055,50,-0.000301,-0.003478,0.003177,1.000000
2024-04-23,928559.150806,0.089596,0.000066,50,-0.003256,-0.005271,0.002015,1.000000
2024-04-24,945318.395256,0.052781,0.000040,50,0.018049,0.016706,0.001343,1.000000
2024-04-25,947724.995656,0.069496,0.000053,50,0.002546,0.001579,0.000966,1.000000
2024-04-26,970012.916613,0.087230,0.000065,50,0.023517,0.019185,0.004332,1.000000
2024-04-29,1003572.214424,0.091144,0.000071,50,0.034597,0.023872,0.010725,1.000000
2024-04-30,996691.074297,0.097408,0.000071,50,-0.006857,-0.008620,0.001763,1.000000
2024-05-06,1011631.252186,0.090924,0.000068,50,0.014990,0.019902,-0.004912,1.000000
2024-05-07,1019685.611050,0.064212,0.000050,50,0.007962,0.003300,0.004662,1.000000
2024-05-08,999669.262585,0.089239,0.000065,50,-0.019630,-0.015764,-0.003866,1.000000
2024-05-09,1020062.934456,0.085654,0.000066,50,0.020400,0.016286,0.004114,1.000000
2024-05-10,1004320.445950,0.106405,0.000080,50,-0.015433,-0.009348,-0.006085,1.000000
2024-05-13,983191.169217,0.088352,0.000065,50,-0.021038,-0.009585,-0.011453,1.000000
2024-05-14,990159.719097,0.078437,0.000060,50,0.007088,0.005593,0.001494,1.000000
2024-05-15,983317.005197,0.096450,0.000072,50,-0.006911,-0.009808,0.002897,1.000000
2024-05-16,983392.115495,0.077289,0.000058,50,0.000076,-0.001506,0.001583,1.000000
2024-05-17,998667.455006,0.101631,0.000076,50,0.015533,0.013533,0.002001,1.000000
2024-05-20,1005456.048310,0.103232,0.000078,50,0.006798,0.006031,0.000767,1.000000
2024-05-21,989872.717000,0.090373,0.000069,50,-0.015499,-0.010728,-0.004771,1.000000
2024-05-22,995269.581618,0.048265,0.000034,50,0.005452,0.000527,0.004925,1.000000
2024-05-23,972204.438221,0.053353,0.000040,50,-0.023175,-0.022897,-0.000278,1.000000
2024-05-24,958886.229715,0.057704,0.000044,50,-0.013699,-0.011585,-0.002114,1.000000
2024-05-27,966388.560174,0.085912,0.000064,50,0.007824,0.010189,-0.002365,1.000000
2024-05-28,960491.272465,0.051231,0.000038,50,-0.006102,-0.010471,0.004368,1.000000
2024-05-29,958785.305729,0.100611,0.000076,50,-0.001776,0.000602,-0.002378,1.000000
2024-05-30,960568.616070,0.067145,0.000052,50,0.001860,-0.003167,0.005027,1.000000
2024-05-31,968712.143313,0.080557,0.000060,50,0.008478,0.003920,0.004558,1.000000
2024-06-03,946388.787512,0.099160,0.000073,50,-0.023044,-0.013182,-0.009863,1.000000
2024-06-04,945802.722576,0.047695,0.000041,49,-0.000619,0.005505,-0.006124,1.000000
2024-06-05,937245.914505,0.080832,0.000055,50,-0.009047,-0.013102,0.004055,1.000000
2024-06-06,909184.606018,0.094558,0.000070,50,-0.029940,-0.021590,-0.008350,1.000000
2024-06-07,918879.606684,0.079700,0.000060,50,0.010663,0.004428,0.006235,1.000000
2024-06-11,931645.029827,0.081290,0.000061,50,0.013892,0.008796,0.005097,1.000000
2024-06-12,945715.631749,0.065436,0.000050,50,0.015103,0.003374,0.011729,1.000000
2024-06-13,948004.891031,0.090727,0.000071,50,0.002421,-0.006943,0.009364,1.000000
2024-06-14,947344.933344,0.106473,0.000078,50,-0.000696,0.000079,-0.000775,1.000000
2024-06-17,944244.906306,0.084058,0.000063,50,-0.003272,0.000641,-0.003913,1.000000
2024-06-18,951287.125377,0.078325,0.000060,50,0.007458,0.008349,-0.000891,1.000000
2024-06-19,939042.331567,0.082313,0.000062,50,-0.012872,-0.012867,-0.000005,1.000000
2024-06-20,920877.186468,0.083965,0.000060,50,-0.019344,-0.020126,0.000782,1.000000
2024-06-21,916594.814080,0.047615,0.000036,51,-0.004650,-0.000160,-0.004490,1.000000
2024-06-24,878926.743414,0.058663,0.000045,50,-0.041096,-0.033143,-0.007952,1.000000
2024-06-25,872246.576810,0.092762,0.000067,50,-0.007600,-0.008218,0.000618,1.000000
2024-06-26,902779.034300,0.085493,0.000065,50,0.035004,0.028626,0.006378,1.000000
2024-06-27,878258.951190,0.068428,0.000051,50,-0.027161,-0.024525,-0.002636,1.000000
2024-06-28,876392.080488,0.079312,0.000060,50,-0.002126,0.006558,-0.008684,1.000000
2024-07-01,883903.771213,0.089507,0.000067,50,0.008571,0.009040,-0.000469,1.000000
2024-07-02,881206.236526,0.090867,0.000070,50,-0.003052,-0.007004,0.003952,1.000000
2024-07-03,879657.107457,0.094070,0.000069,50,-0.001758,-0.007852,0.006094,1.000000
2024-07-04,851549.764839,0.076338,0.000057,50,-0.031953,-0.021627,-0.010326,1.000000
2024-07-05,858584.670617,0.077658,0.000058,50,0.008261,0.010273,-0.002012,1.000000
2024-07-08,832402.002238,0.061488,0.000046,50,-0.030495,-0.024285,-0.006210,1.000000
2024-07-09,842308.004099,0.103348,0.000077,50,0.011901,0.021964,-0.010064,1.000000
2024-07-10,835419.721059,0.073680,0.000058,50,-0.008178,-0.004040,-0.004138,1.000000
2024-07-11,859656.785307,0.076619,0.000056,50,0.029012,0.024261,0.004751,1.000000
2024-07-12,853639.409359,0.053270,0.000040,50,-0.007000,-0.003182,-0.003818,1.000000
2024-07-15,837789.284287,0.063215,0.000052,49,-0.018568,-0.010336,-0.008231,1.000000
2024-07-16,838384.895429,0.075472,0.000056,49,0.000711,0.001889,-0.001178,1.000000
2024-07-17,833647.404147,0.080288,0.000060,49,-0.005651,-0.008497,0.002847,1.000000
2024-07-18,834636.751257,0.094212,0.000066,50,0.001187,0.003505,-0.002318,1.000000
2024-07-19,843603.215242,0.077049,0.000057,50,0.010743,0.001868,0.008875,1.000000
2024-07-22,849996.145890,0.088613,0.000067,50,0.007578,0.001130,0.006448,1.000000
2024-07-23,826610.394374,0.069603,0.000057,49,-0.027513,-0.027330,-0.000182,1.000000
2024-07-24,814598.693349,0.049818,0.000034,51,-0.014531,-0.013619,-0.000912,1.000000
2024-07-25,819299.414275,0.074993,0.000061,50,0.005771,0.000337,0.005434,1.000000
2024-07-26,833519.026952,0.091869,0.000065,50,0.017356,0.015005,0.002351,1.000000
2024-07-29,828749.712944,0.084156,0.000062,50,-0.005722,-0.003494,-0.002228,1.000000
2024-07-30,830462.373672,0.094915,0.000074,50,0.002067,0.003594,-0.001527,1.000000
2024-07-31,869931.426310,0.076009,0.000057,50,0.047527,0.039679,0.007848,1.000000
2024-08-01,863098.020998,0.099939,0.000075,50,-0.007855,-0.002207,-0.005648,1.000000
2024-08-02,848105.873350,0.100150,0.000072,50,-0.017370,-0.014021,-0.003349,1.000000
2024-08-05,827345.534250,0.075615,0.000058,50,-0.024478,-0.027258,0.002780,1.000000
2024-08-06,842242.422317,0.089408,0.000067,50,0.018006,0.015211,0.002794,1.000000
2024-08-07,839391.629829,0.072836,0.000055,50,-0.003385,-0.001377,-0.002008,1.000000
2024-08-08,841595.176730,0.077286,0.000058,50,0.002625,-0.000826,0.003452,1.000000
2024-08-09,835936.475969,0.062432,0.000050,49,-0.006724,-0.007752,0.001028,1.000000
2024-08-12,829206.853379,0.095149,0.000069,50,-0.008050,-0.006092,-0.001958,1.000000
2024-08-13,834696.137012,0.056258,0.000044,50,0.006620,0.005026,0.001594,1.000000
2024-08-14,825159.512185,0.080780,0.000059,50,-0.011425,-0.010284,-0.001141,1.000000
2024-08-15,833668.403354,0.028060,0.000024,50,0.010312,0.009156,0.001155,1.000000
2024-08-16,826522.596999,0.012172,0.000012,49,-0.008572,-0.007716,-0.000856,1.000000
2024-08-19,827448.648080,0.059547,0.000039,51,0.001120,0.001710,-0.000589,1.000000
2024-08-20,809609.550688,0.035469,0.000026,51,-0.021559,-0.018078,-0.003481,1.000000
2024-08-21,808891.794645,0.056232,0.000042,51,-0.000887,-0.006778,0.005892,1.000000
2024-08-22,796837.140968,0.035432,0.000028,51,-0.014903,-0.012405,-0.002498,1.000000
2024-08-23,797026.665506,0.061992,0.000048,50,0.000238,0.000779,-0.000541,1.000000
2024-08-26,799563.834625,0.097259,0.000072,50,0.003183,0.003904,-0.000721,1.000000
2024-08-27,788435.951579,0.098657,0.000072,50,-0.013917,-0.011791,-0.002127,1.000000
2024-08-28,793540.193973,0.079094,0.000060,50,0.006474,0.002437,0.004037,1.000000
2024-08-29,810299.964238,0.041257,0.000035,49,0.021120,0.016085,0.005035,1.000000
2024-08-30,829285.430326,0.060223,0.000051,48,0.023430,0.019122,0.004308,1.000000
2024-09-02,803778.746223,0.071543,0.000052,49,-0.030757,-0.020912,-0.009845,1.000000
2024-09-03,814750.981912,0.120418,0.000085,50,0.013651,0.008801,0.004850,1.000000
2024-09-04,816714.226923,0.057229,0.000047,49,0.002410,-0.004731,0.007140,1.000000
2024-09-05,823496.629819,0.059118,0.000040,50,0.008304,0.007913,0.000392,1.000000
2024-09-06,805090.247310,0.097079,0.000072,50,-0.022351,-0.017125,-0.005226,1.000000
2024-09-09,801354.092489,0.039476,0.000033,51,-0.004641,-0.007253,0.002613,1.000000
2024-09-10,803782.925734,0.036582,0.000027,51,0.003031,0.002692,0.000339,1.000000
2024-09-11,809540.946160,0.028447,0.000021,51,0.007164,-0.000350,0.007513,1.000000
2024-09-12,807829.537161,0.089968,0.000076,50,-0.002114,-0.003850,0.001736,1.000000
2024-09-13,790111.479726,0.088277,0.000061,50,-0.021933,-0.012431,-0.009502,1.000000
2024-09-18,787649.619706,0.106434,0.000079,50,-0.003116,-0.003186,0.000070,1.000000
2024-09-19,803955.775790,0.094001,0.000069,50,0.020702,0.018899,0.001803,1.000000
2024-09-20,795995.482212,0.073622,0.000055,50,-0.009901,-0.004219,-0.005683,1.000000
2024-09-23,795124.628037,0.070066,0.000056,50,-0.001094,0.001293,-0.002387,1.000000
2024-09-24,836379.825002,0.051558,0.000037,50,0.051885,0.038806,0.013079,1.000000
2024-09-25,845725.706677,0.077789,0.000058,50,0.011174,0.009413,0.001761,1.000000
2024-09-26,884737.986671,0.097936,0.000076,50,0.046129,0.040089,0.006039,1.000000
2024-09-27,937759.687516,0.076029,0.000056,50,0.059929,0.053817,0.006112,1.000000
2024-09-30,1055666.217114,0.044349,0.000034,51,0.125732,0.111437,0.014295,1.000000
2024-10-08,1166087.756210,0.034409,0.000034,49,0.104599,0.086385,0.018213,1.000000
2024-10-09,1080944.815567,0.076902,0.000050,50,-0.073016,-0.076525,0.003509,1.000000
2024-10-10,1050754.490013,0.100711,0.000078,50,-0.027930,-0.012720,-0.015210,1.000000
2024-10-11,998607.679904,0.096276,0.000069,50,-0.049628,-0.042049,-0.007579,1.000000
2024-10-14,1035617.683847,0.077544,0.000058,50,0.037062,0.036738,0.000324,1.000000
2024-10-15,1007236.124860,0.082794,0.000062,50,-0.027405,-0.019335,-0.008071,1.000000
2024-10-16,1008428.559445,0.056706,0.000042,50,0.001184,0.003100,-0.001916,1.000000
2024-10-17,1003185.946121,0.068726,0.000053,50,-0.005199,-0.003374,-0.001825,1.000000
2024-10-18,1051025.084295,0.064820,0.000049,50,0.047687,0.044286,0.003401,1.000000
2024-10-21,1067685.415570,0.057457,0.000044,50,0.015852,0.019331,-0.003479,1.000000
2024-10-22,1066121.507100,0.087757,0.000065,50,-0.001465,0.004819,-0.006283,1.000000
2024-10-23,1068953.539001,0.089459,0.000068,50,0.002656,0.002508,0.000148,1.000000
2024-10-24,1057831.040309,0.052470,0.000038,50,-0.010405,-0.007106,-0.003299,1.000000
2024-10-25,1081612.868346,0.087200,0.000066,50,0.022482,0.019326,0.003156,1.000000
2024-10-28,1108043.612850,0.021882,0.000016,50,0.024436,0.017938,0.006498,1.000000
2024-10-29,1087732.109299,0.048517,0.000049,48,-0.018331,-0.016154,-0.002177,1.000000
2024-10-30,1079899.258510,0.092557,0.000066,48,-0.007201,0.005934,-0.013135,1.000000
2024-10-31,1101852.739263,0.076990,0.000050,50,0.020329,0.016166,0.004163,1.000000
2024-11-01,1057180.614037,0.075428,0.000063,49,-0.040543,-0.030479,-0.010064,1.000000
2024-11-04,1080105.560527,0.116715,0.000080,50,0.021685,0.020721,0.000964,1.000000
2024-11-05,1126776.824564,0.066336,0.000054,49,0.043210,0.035259,0.007950,1.000000
2024-11-06,1127643.656519,0.130381,0.000095,50,0.000769,0.004253,-0.003483,1.000000
2024-11-07,1150596.263705,0.055541,0.000044,49,0.020354,0.017595,0.002759,1.000000
2024-11-08,1156596.363319,0.097681,0.000071,50,0.005215,0.002998,0.002217,1.000000
2024-11-11,1203853.014193,0.072424,0.000054,50,0.040858,0.024270,0.016588,1.000000
2024-11-12,1184472.332654,0.039483,0.000030,50,-0.016099,-0.013230,-0.002869,1.000000
2024-11-13,1184102.381138,0.068585,0.000056,49,-0.000312,-0.002708,0.002396,1.000000
2024-11-14,1155027.632840,0.067580,0.000055,48,-0.024554,-0.031231,0.006676,1.000000
2024-11-15,1139427.431840,0.115598,0.000079,50,-0.013506,-0.023386,0.009879,1.000000
2024-11-18,1106189.842754,0.021160,0.000018,50,-0.029170,-0.024643,-0.004528,1.000000
2024-11-19,1138403.069128,0.094064,0.000072,50,0.029121,0.026064,0.003057,1.000000
2024-11-20,1153902.438458,0.056282,0.000042,49,0.013615,0.019660,-0.006045,1.000000
2024-11-21,1166064.122951,0.105211,0.000076,50,0.010540,0.001817,0.008722,1.000000
2024-11-22,1129987.683072,0.110242,0.000083,50,-0.030939,-0.036995,0.006057,1.000000
2024-11-25,1140061.768284,0.088106,0.000064,50,0.008915,0.003588,0.005327,1.000000
2024-11-26,1127158.991665,0.033258,0.000026,51,-0.011318,-0.011659,0.000341,1.000000
2024-11-27,1155632.606628,0.055103,0.000042,51,0.025261,0.022919,0.002343,1.000000
2024-11-28,1154881.451531,0.059166,0.000045,51,-0.000650,-0.005323,0.004673,1.000000
2024-11-29,1172188.135614,0.070588,0.000057,50,0.014986,0.016930,-0.001945,1.000000
2024-12-02,1192484.895076,0.094975,0.000068,50,0.017315,0.020113,-0.002797,1.000000
2024-12-03,1192287.948262,0.094102,0.000070,50,-0.000165,-0.001636,0.001471,1.000000
2024-12-04,1170777.984679,0.057377,0.000047,49,-0.018041,-0.015601,-0.002439,1.000000
2024-12-05,1191330.253835,0.077128,0.000057,50,0.017554,0.012999,0.004555,1.000000
2024-12-06,1203853.117991,0.080903,0.000061,50,0.010512,0.010185,0.000327,1.000000
2024-12-09,1194337.857129,0.099549,0.000073,50,-0.007904,-0.007300,-0.000604,1.000000
2024-12-10,1217913.489584,0.088179,0.000064,50,0.019740,0.009321,0.010419,1.000000
2024-12-11,1236525.720932,0.095176,0.000072,50,0.015282,0.013416,0.001866,1.000000
2024-12-12,1244788.935139,0.078283,0.000058,50,0.006683,0.006635,0.000047,1.000000
2024-12-13,1217166.744286,0.107409,0.000080,50,-0.022190,-0.020825,-0.001365,1.000000
2024-12-16,1207357.672039,0.054841,0.000042,50,-0.008059,-0.012190,0.004132,1.000000
2024-12-17,1183851.638481,0.069872,0.000053,50,-0.019469,-0.021279,0.001810,1.000000
2024-12-18,1201285.229278,0.082034,0.000061,50,0.014726,0.008452,0.006274,1.000000
2024-12-19,1208575.621998,0.037793,0.000032,50,0.006069,0.001827,0.004242,1.000000
2024-12-20,1229225.353873,0.072005,0.000053,50,0.017086,0.010401,0.006685,1.000000
2024-12-23,1185113.520068,0.109502,0.000084,50,-0.035886,-0.027962,-0.007924,1.000000
2024-12-24,1196963.675750,0.094834,0.000069,50,0.009999,0.011151,-0.001152,1.000000
2024-12-25,1181250.698920,0.101530,0.000074,50,-0.013127,-0.011302,-0.001825,1.000000
2024-12-26,1193804.719367,0.032737,0.000026,50,0.010628,0.010790,-0.000162,1.000000
2024-12-27,1193530.403437,0.075060,0.000056,50,-0.000230,0.001805,-0.002035,1.000000
2024-12-30,1184202.743165,0.097646,0.000073,50,-0.007815,-0.004155,-0.003661,1.000000
2024-12-31,1143636.831215,0.082869,0.000063,50,-0.034256,-0.030623,-0.003632,1.000000
2025-01-02,1110630.002565,0.092383,0.000068,50,-0.028861,-0.026962,-0.001900,1.000000
2025-01-03,1079907.540543,0.085324,0.000064,50,-0.027662,-0.029649,0.001987,1.000000
2025-01-06,1076445.825592,0.068287,0.000051,50,-0.003206,-0.003054,-0.000151,1.000000
2025-01-07,1089298.939152,0.068349,0.000051,50,0.011940,0.014980,-0.003040,1.000000
2025-01-08,1081522.728351,0.076622,0.000058,50,-0.007139,-0.005316,-0.001823,1.000000
2025-01-09,1085499.922911,0.098658,0.000074,50,0.003677,0.001943,0.001735,1.000000
2025-01-10,1063889.404806,0.078550,0.000059,50,-0.019908,-0.022539,0.002631,1.000000
2025-01-13,1082235.060676,0.076658,0.000058,50,0.017244,0.002624,0.014620,1.000000
2025-01-14,1124055.838182,0.097643,0.000073,50,0.038643,0.045252,-0.006609,1.000000
2025-01-15,1116124.687560,0.089247,0.000067,50,-0.007056,-0.006106,-0.000950,1.000000
2025-01-16,1119972.635771,0.083279,0.000063,50,0.003448,0.004457,-0.001009,1.000000
2025-01-17,1130156.569987,0.077794,0.000058,50,0.009093,0.006940,0.002153,1.000000
2025-01-20,1137256.656685,0.054654,0.000041,50,0.006282,0.006433,-0.000151,1.000000
2025-01-21,1135629.756668,0.055121,0.000042,50,-0.001431,0.004910,-0.006341,1.000000
2025-01-22,1130094.365606,0.098924,0.000074,50,-0.004874,-0.008849,0.003975,1.000000
2025-01-23,1130556.456548,0.085153,0.000064,50,0.000409,-0.004561,0.004970,1.000000
2025-01-24,1156275.780143,0.053376,0.000040,50,0.022749,0.018717,0.004033,1.000000
2025-01-27,1136242.638443,0.080291,0.000061,50,-0.017326,-0.015503,-0.001822,1.000000
2025-02-05,1159734.942371,0.089299,0.000066,50,0.020675,0.006050,0.014625,1.000000
2025-02-06,1196748.519107,0.033221,0.000026,50,0.031916,0.027271,0.004645,1.000000
2025-02-07,1216136.102019,0.094277,0.000071,50,0.016200,0.015264,0.000937,1.000000
2025-02-10,1244494.983526,0.062198,0.000047,50,0.023319,0.012471,0.010848,1.000000
2025-02-11,1235873.688805,0.075712,0.000057,50,-0.006928,-0.003281,-0.003646,1.000000
2025-02-12,1257938.109687,0.084733,0.000063,50,0.017853,0.015256,0.002597,1.000000
2025-02-13,1235156.132386,0.081297,0.000061,50,-0.018111,-0.011474,-0.006637,1.000000
2025-02-14,1247815.854393,0.102171,0.000077,50,0.010249,0.005848,0.004402,1.000000
2025-02-17,1247643.430225,0.094018,0.000070,50,-0.000138,0.005239,-0.005378,1.000000
2025-02-18,1220948.781733,0.075567,0.000057,50,-0.021396,-0.022197,0.000801,1.000000
2025-02-19,1251634.874126,0.075560,0.000056,50,0.025133,0.023834,0.001299,1.000000
2025-02-20,1261822.284964,0.084471,0.000064,50,0.008139,0.007296,0.000843,1.000000
2025-02-21,1286961.229425,0.073905,0.000055,50,0.019923,0.018126,0.001796,1.000000
2025-02-24,1287831.946171,0.066914,0.000050,50,0.000677,0.002293,-0.001617,1.000000
2025-02-25,1288367.188369,0.079298,0.000061,50,0.000416,-0.004423,0.004839,1.000000
2025-02-26,1305113.084675,0.064002,0.000047,50,0.012998,0.013827,-0.000829,1.000000
2025-02-27,1305944.291515,0.066266,0.000050,50,0.000637,-0.003813,0.004450,1.000000
2025-02-28,1260169.029597,0.081289,0.000061,50,-0.035051,-0.035250,0.000199,1.000000
2025-03-03,1268889.358199,0.056460,0.000042,51,0.006920,0.000518,0.006402,1.000000
2025-03-04,1299311.476705,0.068250,0.000054,50,0.023975,0.013383,0.010592,1.000000
2025-03-05,1313066.082615,0.081354,0.000062,50,0.010586,0.006388,0.004198,1.000000
2025-03-06,1335135.339022,0.081951,0.000061,50,0.016807,0.021370,-0.004563,1.000000
2025-03-07,1330226.736503,0.077126,0.000056,50,-0.003676,-0.004164,0.000487,1.000000
2025-03-10,1335086.268048,0.088452,0.000065,50,0.003653,0.002030,0.001623,1.000000
2025-03-11,1350257.684500,0.073423,0.000057,50,0.011364,0.004717,0.006647,1.000000
2025-03-12,1344924.821584,0.084170,0.000061,50,-0.003950,0.002326,-0.006276,1.000000
2025-03-13,1326599.089110,0.053809,0.000041,50,-0.013626,-0.015246,0.001620,1.000000
2025-03-14,1348530.209297,0.085945,0.000065,50,0.016532,0.016132,0.000400,1.000000
2025-03-17,1352414.608966,0.060553,0.000045,50,0.002880,0.002800,0.000080,1.000000
2025-03-18,1362150.065005,0.090151,0.000068,50,0.007199,0.003393,0.003805,1.000000
2025-03-19,1351838.280500,0.089519,0.000067,50,-0.007570,-0.007146,-0.000424,1.000000
2025-03-20,1352174.409289,0.084505,0.000064,50,0.000249,-0.004512,0.004761,1.000000
2025-03-21,1325886.083500,0.078743,0.000061,50,-0.019442,-0.019809,0.000367,1.000000
2025-03-24,1308239.116786,0.063025,0.000044,50,-0.013310,-0.007067,-0.006242,1.000000
2025-03-25,1306006.883641,0.098320,0.000074,50,-0.001706,-0.007795,0.006089,1.000000
2025-03-26,1313406.389857,0.081214,0.000061,50,0.005666,0.003827,0.001839,1.000000
2025-03-27,1311014.751516,0.091408,0.000069,50,-0.001821,-0.000969,-0.000852,1.000000
2025-03-28,1299980.193135,0.086182,0.000066,50,-0.008417,-0.009552,0.001135,1.000000
2025-03-31,1300218.247229,0.101165,0.000075,50,0.000183,-0.006648,0.006831,1.000000
2025-04-01,1301347.232569,0.076853,0.000060,50,0.000868,0.005273,-0.004404,1.000000
2025-04-02,1308532.485905,0.079970,0.000058,50,0.005521,0.002839,0.002683,1.000000
2025-04-03,1294930.622248,0.076369,0.000064,49,-0.010395,-0.011787,0.001392,1.000000
2025-04-07,1136460.618604,0.063922,0.000050,48,-0.122377,-0.113943,-0.008434,1.000000
2025-04-08,1150394.290833,0.128282,0.000085,50,0.012261,0.006109,0.006151,1.000000
2025-04-09,1182059.226077,0.076783,0.000057,50,0.027525,0.022117,0.005408,1.000000
2025-04-10,1210658.449369,0.068099,0.000051,50,0.024194,0.023399,0.000795,1.000000
2025-04-11,1234982.372322,0.038014,0.000029,51,0.020091,0.013415,0.006677,1.000000
2025-04-14,1246994.047278,0.072340,0.000058,50,0.009726,0.013022,-0.003296,1.000000
2025-04-15,1247725.518160,0.077063,0.000054,50,0.000587,-0.004126,0.004712,1.000000
2025-04-16,1230857.902654,0.099549,0.000074,50,-0.013519,0.000000,-0.013519,1.000000
2025-04-17,1234482.176418,0.079951,0.000060,50,0.002945,0.000000,0.002945,1.000000
2025-04-18,1227286.729745,0.074448,0.000056,50,-0.005829,-0.001348,-0.004481,1.000000
2025-04-21,1254220.903714,0.072079,0.000054,50,0.021946,0.020740,0.001206,1.000000
2025-04-22,1254954.044825,0.087517,0.000066,50,0.000585,-0.000560,0.001144,1.000000
2025-04-23,1261505.449614,0.089642,0.000067,50,0.005220,0.005929,-0.000708,1.000000
2025-04-24,1245749.169140,0.058379,0.000044,50,-0.012490,-0.010711,-0.001779,1.000000
2025-04-25,1251393.391114,0.052436,0.000041,50,0.004531,0.003213,0.001318,1.000000
2025-04-28,1242381.304183,0.089606,0.000065,50,-0.007202,-0.010513,0.003311,1.000000
2025-04-29,1244721.009247,0.069943,0.000053,50,0.001883,0.004478,-0.002595,1.000000
2025-04-30,1255463.305312,0.068378,0.000051,50,0.008630,0.007918,0.000713,1.000000
2025-05-06,1280538.006748,0.055340,0.000042,50,0.019972,0.025680,-0.005708,1.000000
2025-05-07,1279678.854868,0.069783,0.000052,50,-0.000671,0.001404,-0.002075,1.000000
2025-05-08,1291033.655354,0.083942,0.000063,50,0.008873,0.007623,0.001250,1.000000
2025-05-09,1273016.181877,0.080216,0.000061,50,-0.013956,-0.012341,-0.001614,1.000000
2025-05-12,1292097.037513,0.083862,0.000063,50,0.014989,0.014038,0.000951,1.000000
2025-05-13,1289796.398606,0.076881,0.000058,50,-0.001781,-0.002667,0.000887,1.000000
2025-05-14,1289339.510451,0.094820,0.000070,50,-0.000354,0.001522,-0.001876,1.000000
2025-05-15,1267852.334749,0.078466,0.000059,50,-0.016665,-0.016773,0.000108,1.000000
2025-05-16,1267351.249864,0.053587,0.000040,50,-0.000395,0.001829,-0.002224,1.000000
2025-05-19,1279690.301207,0.050012,0.000037,50,0.009736,0.004486,0.005250,1.000000
2025-05-20,1287196.913120,0.050398,0.000042,49,0.005866,0.008314,-0.002449,1.000000
2025-05-21,1280858.733932,0.087269,0.000067,49,-0.004924,-0.002252,-0.002672,1.000000
2025-05-22,1269074.926868,0.097463,0.000068,50,-0.009200,-0.010776,0.001576,1.000000
2025-05-23,1250657.589573,0.075085,0.000056,50,-0.014512,-0.012598,-0.001914,1.000000
2025-05-26,1260280.942563,0.074689,0.000056,50,0.007695,0.006530,0.001165,1.000000
2025-05-27,1257293.993157,0.040793,0.000031,51,-0.002370,-0.003372,0.001002,1.000000
2025-05-28,1255418.916648,0.072154,0.000058,50,-0.001491,-0.003994,0.002503,1.000000
2025-05-29,1280596.062724,0.050968,0.000037,50,0.020055,0.017565,0.002489,1.000000
2025-05-30,1265746.660169,0.071278,0.000050,50,-0.011596,-0.010349,-0.001247,1.000000
2025-06-03,1269449.969452,0.047925,0.000040,49,0.002926,0.007215,-0.004289,1.000000
2025-06-04,1280851.956454,0.066378,0.000051,49,0.008982,0.008753,0.000229,1.000000
2025-06-05,1297898.207349,0.093867,0.000070,49,0.013309,0.007160,0.006149,1.000000
2025-06-06,1295939.401015,0.072614,0.000053,49,-0.001509,-0.002298,0.000788,1.000000
2025-06-09,1303224.558054,0.065568,0.000049,49,0.005622,0.010746,-0.005125,1.000000
2025-06-10,1295114.491428,0.095011,0.000073,49,-0.006223,-0.009209,0.002986,1.000000
2025-06-11,1305947.792604,0.083360,0.000063,49,0.008365,0.004028,0.004337,1.000000
2025-06-12,1306556.530620,0.070691,0.000052,49,0.000466,0.000923,-0.000457,1.000000
2025-06-13,1296764.413748,0.099886,0.000070,50,-0.007495,-0.013922,0.006428,1.000000
2025-06-16,1302337.613545,0.072148,0.000055,50,0.004298,0.006788,-0.002491,1.000000
2025-06-17,1299077.457115,0.032269,0.000026,50,-0.002503,-0.000974,-0.001529,1.000000
2025-06-18,1296928.212883,0.064838,0.000054,49,-0.001654,-0.000990,-0.000664,1.000000
2025-06-19,1281689.779379,0.075245,0.000056,49,-0.011750,-0.014208,0.002458,1.000000
2025-06-20,1275970.674717,0.108576,0.000074,50,-0.004462,-0.008040,0.003578,1.000000
2025-06-23,1295105.495791,0.075880,0.000056,50,0.014996,0.013106,0.001890,1.000000
2025-06-24,1316187.307475,0.088953,0.000067,50,0.016278,0.019159,-0.002881,1.000000
2025-06-25,1334882.354380,0.054536,0.000041,50,0.014204,0.013155,0.001049,1.000000
2025-06-26,1328308.851751,0.074077,0.000057,50,-0.004924,-0.004520,-0.000404,1.000000
2025-06-27,1333840.735441,0.042882,0.000043,48,0.004165,0.004666,-0.000501,1.000000
2025-06-30,1350360.370056,0.102791,0.000067,50,0.012385,0.012624,-0.000239,1.000000
2025-07-01,1347302.912077,0.095370,0.000070,50,-0.002264,0.002767,-0.005032,1.000000
2025-07-02,1335794.569244,0.077682,0.000060,50,-0.008542,-0.010087,0.001545,1.000000
2025-07-03,1341683.583126,0.079181,0.000058,50,0.004409,0.005256,-0.000847,1.000000
2025-07-04,1338212.995161,0.090967,0.000069,50,-0.002587,-0.004799,0.002213,1.000000
2025-07-07,1334753.495155,0.084770,0.000063,50,-0.002585,0.002367,-0.004952,1.000000
2025-07-08,1348871.455664,0.072888,0.000056,50,0.010577,0.012733,-0.002155,1.000000
2025-07-09,1346123.850400,0.070593,0.000052,50,-0.002037,-0.002689,0.000652,1.000000
2025-07-10,1349395.699839,0.074458,0.000056,50,0.002431,0.002519,-0.000089,1.000000
2025-07-11,1364119.398619,0.073552,0.000055,50,0.010911,0.008512,0.002400,1.000000
2025-07-14,1362795.869304,0.083948,0.000063,50,-0.000970,0.000187,-0.001158,1.000000
2025-07-15,1363751.478584,0.066133,0.000050,50,0.000701,-0.003014,0.003716,1.000000
2025-07-16,1372292.911879,0.055939,0.000043,50,0.006263,0.002985,0.003278,1.000000
2025-07-17,1381433.369470,0.083422,0.000062,50,0.006661,0.011391,-0.004730,1.000000
2025-07-18,1381574.520704,0.077393,0.000058,50,0.000102,0.002509,-0.002407,1.000000
2025-07-21,1393840.812286,0.084106,0.000063,50,0.008878,0.009186,-0.000308,1.000000
2025-07-22,1397358.746397,0.088075,0.000066,50,0.002524,0.003757,-0.001233,1.000000
2025-07-23,1390163.116256,0.066165,0.000050,50,-0.005149,-0.004502,-0.000647,1.000000
2025-07-24,1409447.510587,0.076771,0.000057,50,0.013872,0.014212,-0.000340,1.000000
2025-07-25,1413389.699214,0.086200,0.000065,50,0.002797,0.000819,0.001978,1.000000
2025-07-28,1413469.131532,0.069694,0.000052,50,0.000056,0.003485,-0.003428,1.000000
2025-07-29,1423483.007942,0.066726,0.000056,49,0.007085,0.006523,0.000562,1.000000
2025-07-30,1418284.826375,0.094131,0.000065,50,-0.003652,-0.008178,0.004527,1.000000
2025-07-31,1399608.665034,0.090767,0.000067,50,-0.013168,-0.008527,-0.004641,1.000000
2025-08-01,1411220.232643,0.051912,0.000043,49,0.008296,0.001393,0.006903,1.000000
2025-08-04,1423103.747520,0.071535,0.000051,50,0.008421,0.010377,-0.001956,1.000000
2025-08-05,1435935.564047,0.049369,0.000039,50,0.009017,0.007091,0.001926,1.000000
2025-08-06,1451142.032075,0.089089,0.000065,50,0.010590,0.010877,-0.000287,1.000000
2025-08-07,1447942.495527,0.084702,0.000064,50,-0.002205,0.000122,-0.002327,1.000000
2025-08-08,1443769.321274,0.086262,0.000064,50,-0.002882,-0.003500,0.000618,1.000000
2025-08-11,1465401.009060,0.086782,0.000065,50,0.014983,0.015474,-0.000491,1.000000
2025-08-12,1473597.787614,0.063020,0.000047,50,0.005594,0.002833,0.002761,1.000000
2025-08-13,1495973.000182,0.095736,0.000073,50,0.015184,0.014464,0.000720,1.000000
2025-08-14,1469016.600821,0.086394,0.000063,50,-0.018019,-0.012434,-0.005585,1.000000
2025-08-15,1497907.369364,0.083086,0.000063,50,0.019667,0.020212,-0.000545,1.000000
2025-08-18,1522362.044358,0.073272,0.000055,50,0.016326,0.016874,-0.000548,1.000000
2025-08-19,1524533.150500,0.098854,0.000074,50,0.001426,0.000725,0.000701,1.000000
2025-08-20,1543536.541441,0.062844,0.000048,50,0.012465,0.008644,0.003821,1.000000
2025-08-21,1536055.550145,0.076555,0.000057,50,-0.004847,-0.007134,0.002288,1.000000
2025-08-22,1564733.138044,0.078586,0.000062,50,0.018670,0.015110,0.003559,1.000000
2025-08-25,1579236.877935,0.095842,0.000070,50,0.009269,0.015590,-0.006321,1.000000
2025-08-26,1588267.835230,0.035288,0.000029,50,0.005719,-0.000169,0.005887,1.000000
2025-08-27,1568761.033889,0.024402,0.000019,50,-0.012282,-0.018721,0.006440,1.000000
2025-08-28,1587749.049750,0.103278,0.000076,50,0.012104,0.015077,-0.002973,1.000000
2025-08-29,1576525.108284,0.085404,0.000066,50,-0.007069,-0.001132,-0.005937,1.000000
2025-09-01,1582929.889682,0.095194,0.000068,50,0.004063,0.008398,-0.004335,1.000000
2025-09-02,1553929.027889,0.069755,0.000053,50,-0.018321,-0.024965,0.006644,1.000000
2025-09-03,1522495.117061,0.064702,0.000048,50,-0.020229,-0.014630,-0.005599,1.000000
2025-09-04,1502470.341971,0.085500,0.000064,50,-0.013153,-0.022996,0.009843,1.000000
2025-09-05,1545680.308100,0.109416,0.000082,50,0.028759,0.029046,-0.000287,1.000000
2025-09-08,1569968.495869,0.071304,0.000053,50,0.015714,0.009021,0.006693,1.000000
2025-09-09,1546731.331231,0.083892,0.000063,50,-0.014801,-0.011626,-0.003175,1.000000
2025-09-10,1550967.861462,0.071768,0.000053,50,0.002739,0.000573,0.002166,1.000000
2025-09-11,1585375.760875,0.069590,0.000053,50,0.022185,0.023474,-0.001289,1.000000
2025-09-12,1592537.272901,0.055898,0.000041,51,0.004517,0.003107,0.001410,1.000000
2025-09-15,1582718.339172,0.084121,0.000070,50,-0.006166,-0.000985,-0.005181,1.000000
2025-09-16,1595342.059775,0.073216,0.000049,50,0.007976,0.009178,-0.001202,1.000000
2025-09-17,1612254.946172,0.063154,0.000047,50,0.010601,0.009511,0.001090,1.000000
2025-09-18,1597796.640451,0.054141,0.000040,50,-0.008968,-0.010379,0.001411,1.000000
2025-09-19,1589127.772771,0.093786,0.000071,50,-0.005426,-0.005111,-0.000315,1.000000
2025-09-22,1594939.333230,0.083349,0.000065,50,0.003657,0.006896,-0.003238,1.000000
2025-09-23,1593038.873373,0.096254,0.000073,50,-0.001192,-0.010870,0.009678,1.000000
2025-09-24,1624067.493796,0.086516,0.000062,50,0.019478,0.017029,0.002449,1.000000
2025-09-25,1627830.300290,0.036282,0.000027,51,0.002317,-0.003678,0.005995,1.000000
2025-09-26,1615488.288276,0.069990,0.000056,50,-0.007582,-0.014510,0.006928,1.000000
2025-09-29,1637298.445850,0.099469,0.000072,50,0.013501,0.013550,-0.000050,1.000000
2025-09-30,1650325.322924,0.096695,0.000069,50,0.007956,0.010287,-0.002331,1.000000
2025-10-09,1675544.408289,0.077095,0.000059,50,0.015281,0.009649,0.005632,1.000000
2025-10-10,1659882.118794,0.066234,0.000050,50,-0.009348,-0.014936,0.005588,1.000000
2025-10-13,1652852.015124,0.057801,0.000043,50,-0.004235,-0.001866,-0.002369,1.000000
2025-10-14,1630682.500873,0.112844,0.000086,50,-0.013413,-0.019497,0.006084,1.000000
2025-10-15,1657043.987889,0.105621,0.000078,50,0.016166,0.014960,0.001206,1.000000
2025-10-16,1639481.151198,0.074482,0.000058,50,-0.010599,-0.010905,0.000306,1.000000
2025-10-17,1603336.938643,0.059458,0.000044,50,-0.022046,-0.029231,0.007184,1.000000
2025-10-20,1610058.676198,0.112578,0.000084,50,0.004192,0.007473,-0.003281,1.000000
2025-10-21,1629917.893648,0.091570,0.000068,50,0.012334,0.014486,-0.002152,1.000000
2025-10-22,1630096.556724,0.065641,0.000050,50,0.000110,-0.004335,0.004445,1.000000
2025-10-23,1643425.105882,0.061890,0.000047,50,0.008177,-0.000562,0.008739,1.000000
2025-10-24,1656791.626639,0.101071,0.000077,50,0.008133,0.015208,-0.007074,1.000000
2025-10-27,1671262.651302,0.090407,0.000066,50,0.008734,0.010262,-0.001528,1.000000
2025-10-28,1680803.266505,0.083702,0.000063,50,0.005709,-0.002156,0.007865,1.000000
2025-10-29,1688639.186304,0.075920,0.000057,50,0.004662,0.012020,-0.007358,1.000000
2025-10-30,1662547.974021,0.074151,0.000056,50,-0.015451,-0.011103,-0.004348,1.000000
2025-10-31,1663762.535423,0.057357,0.000043,50,0.000731,0.002884,-0.002154,1.000000
2025-11-03,1670285.807726,0.071491,0.000054,50,0.003921,0.004190,-0.000269,1.000000
2025-11-04,1652606.557817,0.081014,0.000061,50,-0.010585,-0.013583,0.002998,1.000000
2025-11-05,1662806.389301,0.042112,0.000035,49,0.006172,0.003918,0.002254,1.000000
2025-11-06,1686828.170733,0.066766,0.000051,49,0.014447,0.011651,0.002796,1.000000
2025-11-07,1679959.581425,0.093912,0.000065,50,-0.004072,-0.001318,-0.002754,1.000000
2025-11-10,1686951.237970,0.053414,0.000041,50,0.004162,0.002833,0.001328,1.000000
2025-11-11,1695718.982250,0.069082,0.000051,50,0.005197,-0.002970,0.008167,1.000000
2025-11-12,1690746.340873,0.083952,0.000063,50,-0.002932,-0.007215,0.004283,1.000000
2025-11-13,1709018.172988,0.063516,0.000048,50,0.010807,0.013919,-0.003112,1.000000
2025-11-14,1695433.457846,0.048842,0.000037,51,-0.007949,-0.011570,0.003621,1.000000
2025-11-17,1690089.061993,0.066684,0.000053,50,-0.003152,0.002708,-0.005861,1.000000
2025-11-18,1680713.024514,0.084308,0.000060,50,-0.005548,-0.009967,0.004419,1.000000
2025-11-19,1667861.673211,0.078783,0.000059,50,-0.007646,-0.008175,0.000529,1.000000
2025-11-20,1656086.761270,0.068800,0.000051,50,-0.007060,-0.006335,-0.000725,1.000000
2025-11-21,1608423.543503,0.087208,0.000065,50,-0.028781,-0.037152,0.008371,1.000000
2025-11-24,1634264.464495,0.078105,0.000064,49,0.016066,0.012552,0.003514,1.000000
2025-11-25,1644984.100860,0.070498,0.000049,50,0.006559,0.013071,-0.006512,1.000000
2025-11-26,1640715.332159,0.097347,0.000072,50,-0.002595,-0.000207,-0.002388,1.000000
2025-11-27,1644747.769769,0.062572,0.000047,50,0.002458,0.001242,0.001216,1.000000
2025-11-28,1658438.987747,0.082971,0.000062,50,0.008324,0.010577,-0.002253,1.000000
2025-12-01,1665189.287706,0.088573,0.000066,50,0.004070,0.007154,-0.003084,1.000000
2025-12-02,1655676.196874,0.075121,0.000057,50,-0.005713,-0.009950,0.004237,1.000000
2025-12-03,1645139.526528,0.068109,0.000054,49,-0.006364,-0.008876,0.002512,1.000000
2025-12-04,1638854.265615,0.080793,0.000059,50,-0.003821,0.000054,-0.003874,1.000000
2025-12-05,1658419.770830,0.095879,0.000072,50,0.011939,0.012944,-0.001006,1.000000
2025-12-08,1664445.727071,0.073614,0.000060,49,0.003634,0.010972,-0.007338,1.000000
2025-12-09,1653677.581068,0.071861,0.000048,51,-0.006470,-0.005721,-0.000748,1.000000
2025-12-10,1651573.837351,0.070276,0.000056,50,-0.001272,0.003748,-0.005020,1.000000
2025-12-11,1635107.435972,0.081252,0.000057,50,-0.009970,-0.012991,0.003021,1.000000
2025-12-12,1649474.321647,0.090646,0.000068,50,0.008787,0.008061,0.000726,1.000000
2025-12-15,1645060.274938,0.061227,0.000046,50,-0.002676,-0.008392,0.005716,1.000000
2025-12-16,1620819.793044,0.071385,0.000053,50,-0.014735,-0.017439,0.002703,1.000000
2025-12-17,1637606.439919,0.078448,0.000059,50,0.010357,0.014916,-0.004559,1.000000
2025-12-18,1638035.101517,0.072592,0.000056,50,0.000262,-0.002242,0.002504,1.000000
2025-12-19,1650688.170469,0.080349,0.000059,50,0.007725,0.007894,-0.000170,1.000000
2025-12-22,1667287.588946,0.065623,0.000050,50,0.010056,0.010715,-0.000659,1.000000
2025-12-23,1669686.252611,0.072178,0.000053,50,0.001439,-0.002150,0.003589,1.000000
2025-12-24,1693196.295140,0.072534,0.000056,50,0.014081,0.015416,-0.001335,1.000000
2025-12-25,1702992.591924,0.083024,0.000061,50,0.005786,0.009725,-0.003939,1.000000
2025-12-26,1702952.213877,0.076070,0.000057,50,-0.000024,0.003450,-0.003474,1.000000
2025-12-29,1704210.780852,0.065080,0.000050,50,0.000739,-0.001495,0.002234,1.000000
2025-12-30,1701559.089431,0.075025,0.000054,50,-0.001556,0.000413,-0.001969,1.000000
2025-12-31,1705043.612482,0.073767,0.000056,50,0.002048,-0.000266,0.002314,1.000000
2026-01-05,1726949.573242,0.069790,0.000052,50,0.012848,0.020881,-0.008034,1.000000
2026-01-06,1756944.307803,0.058696,0.000044,50,0.017369,0.014318,0.003051,1.000000
2026-01-07,1758925.351007,0.092864,0.000070,50,0.001128,0.005279,-0.004152,1.000000
2026-01-08,1778123.097745,0.084685,0.000064,50,0.010914,0.008243,0.002672,1.000000
2026-01-09,1809676.805153,0.078881,0.000061,50,0.017746,0.019769,-0.002023,1.000000
2026-01-12,1854112.781228,0.100169,0.000074,50,0.024555,0.028026,-0.003472,1.000000
2026-01-13,1821342.771743,0.081728,0.000062,50,-0.017674,-0.018413,0.000739,1.000000
2026-01-14,1834617.015242,0.088962,0.000068,50,0.007288,0.006588,0.000701,1.000000
2026-01-15,1845866.256004,0.084970,0.000062,50,0.006132,-0.001985,0.008117,1.000000
2026-01-16,1874391.382247,0.073933,0.000056,50,0.015454,-0.000977,0.016430,1.000000
2026-01-19,1886489.358470,0.053172,0.000040,51,0.006454,0.003999,0.002456,1.000000
2026-01-20,1899861.407741,0.073612,0.000060,50,0.007088,-0.010029,0.017118,1.000000
2026-01-21,1916933.070660,0.102348,0.000074,50,0.008986,0.007935,0.001051,1.000000
2026-01-22,1918510.218300,0.091482,0.000066,50,0.000823,0.007477,-0.006655,1.000000
2026-01-23,1955397.319024,0.097891,0.000074,50,0.019227,0.019423,-0.000196,1.000000
2026-01-26,1919572.576784,0.081449,0.000061,50,-0.018321,-0.012432,-0.005889,1.000000
2026-01-27,1939776.793250,0.084511,0.000065,50,0.010525,0.001999,0.008527,1.000000
2026-01-28,1938815.840956,0.076875,0.000057,50,-0.000495,0.002105,-0.002600,1.000000
2026-01-29,1935744.523203,0.087400,0.000066,50,-0.001584,-0.008045,0.006461,1.000000
2026-01-30,1924452.012814,0.092206,0.000070,50,-0.005834,-0.009283,0.003450,1.000000
2026-02-02,1869781.755234,0.034780,0.000025,51,-0.028408,-0.033850,0.005442,1.000000
2026-02-03,1911807.697904,0.058931,0.000045,50,0.022476,0.029299,-0.006822,1.000000
2026-02-04,1919895.197281,0.092784,0.000069,50,0.004230,-0.000241,0.004471,1.000000
2026-02-05,1914611.336241,0.032704,0.000024,51,-0.002752,-0.016941,0.014189,1.000000
2026-02-06,1918812.553137,0.071080,0.000060,50,0.002194,-0.002046,0.004241,1.000000
2026-02-09,1953373.259639,0.099880,0.000072,50,0.018012,0.022630,-0.004619,1.000000
2026-02-10,1962086.323277,0.099090,0.000072,50,0.004461,0.002006,0.002454,1.000000
2026-02-11,1955877.543893,0.038857,0.000029,50,-0.003164,-0.001308,-0.001857,1.000000
2026-02-12,1957287.698362,0.058617,0.000045,50,0.000721,0.009141,-0.008420,1.000000
2026-02-13,1940921.480694,0.068093,0.000054,49,-0.008362,-0.013229,0.004868,1.000000
2026-02-24,1941089.019792,0.090643,0.000065,50,0.000086,0.011571,-0.011485,1.000000
2026-02-25,1964178.875875,0.059147,0.000043,50,0.011895,0.015249,-0.003353,1.000000
2026-02-26,1967239.143954,0.073715,0.000055,50,0.001558,0.007630,-0.006072,1.000000
2026-02-27,1974884.779951,0.044654,0.000035,50,0.003886,0.008270,-0.004384,1.000000
2026-03-02,1952216.151306,0.080120,0.000059,50,-0.011478,-0.009797,-0.001682,1.000000
2026-03-03,1902199.523287,0.088449,0.000067,50,-0.025620,-0.039462,0.013842,1.000000
2026-03-04,1875839.510939,0.086345,0.000065,50,-0.013858,-0.005886,-0.007971,1.000000
2026-03-05,1894881.983758,0.085441,0.000063,50,0.010151,0.009463,0.000688,1.000000
2026-03-06,1922640.366288,0.062752,0.000047,50,0.014649,0.009514,0.005135,1.000000
2026-03-09,1907552.285139,0.085076,0.000063,50,-0.007848,-0.005454,-0.002393,1.000000
2026-03-10,1939840.386506,0.085289,0.000065,50,0.016926,0.017823,-0.000897,1.000000
2026-03-11,1943000.348747,0.038328,0.000027,51,0.001629,0.001610,0.000019,1.000000
2026-03-12,1934921.647085,0.058047,0.000044,51,-0.004158,-0.003302,-0.000855,1.000000
2026-03-13,1926558.613418,0.051631,0.000038,51,-0.004322,-0.014590,0.010268,1.000000
2026-03-16,1923607.446659,0.074645,0.000061,50,-0.001532,-0.000358,-0.001174,1.000000
2026-03-17,1909873.127157,0.064640,0.000044,50,-0.007140,-0.023320,0.016180,1.000000
2026-03-18,1917543.622800,0.095242,0.000071,50,0.004016,0.009567,-0.005551,1.000000
2026-03-19,1866642.543806,0.057260,0.000043,50,-0.026545,-0.023141,-0.003404,1.000000
2026-03-20,1837707.188947,0.097155,0.000072,50,-0.015501,-0.015905,0.000404,1.000000
2026-03-23,1741984.862450,0.107881,0.000080,50,-0.052088,-0.048092,-0.003996,1.000000
2026-03-24,1787243.993389,0.074524,0.000056,50,0.025981,0.025880,0.000101,1.000000
2026-03-25,1816789.238652,0.088220,0.000067,50,0.016531,0.019777,-0.003246,1.000000
2026-03-26,1805824.562024,0.073027,0.000054,50,-0.006035,-0.014424,0.008388,1.000000
2026-03-27,1817849.377041,0.100633,0.000075,50,0.006659,0.013997,-0.007338,1.000000
2026-03-30,1813969.976968,0.054538,0.000041,51,-0.002134,0.002791,-0.004925,1.000000
2026-03-31,1798710.588909,0.016023,0.000012,51,-0.008412,-0.019063,0.010651,1.000000
2026-04-01,1827426.965768,0.031264,0.000024,51,0.015965,0.018937,-0.002972,1.000000
2026-04-02,1791995.353662,0.075174,0.000061,50,-0.019389,-0.018126,-0.001263,1.000000
2026-04-03,1762453.680489,0.097750,0.000070,50,-0.016485,-0.011389,-0.005097,1.000000
2026-04-07,1776748.990868,0.093368,0.000068,50,0.008111,0.009211,-0.001100,1.000000
2026-04-08,1850735.276303,0.090738,0.000068,50,0.041641,0.045983,-0.004342,1.000000
2026-04-09,1828445.640223,0.068484,0.000052,50,-0.012044,-0.004314,-0.007730,1.000000
2026-04-10,1840003.062836,0.089876,0.000068,50,0.006321,0.009693,-0.003372,1.000000
2026-04-13,1839799.229500,0.076324,0.000059,50,-0.000111,0.003418,-0.003529,1.000000
2026-04-14,1867408.859079,0.055517,0.000040,50,0.015007,0.014851,0.000156,1.000000
2026-04-15,1862536.943347,0.093589,0.000071,50,-0.002609,-0.004739,0.002130,1.000000
2026-04-16,1890527.713258,0.064854,0.000048,50,0.015028,0.015645,-0.000617,1.000000
2026-04-17,1900983.790938,0.089271,0.000067,50,0.005531,0.009044,-0.003513,1.000000
2026-04-20,1921190.208672,0.083965,0.000070,49,0.010629,0.006063,0.004566,1.000000
2026-04-21,1919280.354519,0.090016,0.000065,49,-0.000994,-0.000796,-0.000198,1.000000
2026-04-22,1932172.095422,0.093560,0.000067,50,0.006717,0.015576,-0.008859,1.000000
2026-04-23,1907565.502446,0.085151,0.000063,50,-0.012735,-0.013972,0.001237,1.000000
2026-04-24,1897046.546444,0.064886,0.000049,50,-0.005514,-0.007007,0.001493,1.000000
2026-04-27,1900439.110348,0.078585,0.000060,50,0.001788,0.004165,-0.002377,1.000000
2026-04-28,1870315.899791,0.049546,0.000039,50,-0.015851,-0.013436,-0.002415,1.000000
2026-04-29,1887596.604625,0.100078,0.000074,50,0.009239,0.014147,-0.004907,1.000000
2026-04-30,1906051.502382,0.073295,0.000055,50,0.009777,0.004660,0.005117,1.000000
2026-05-06,1940484.493340,0.070041,0.000053,50,0.018065,0.022979,-0.004914,1.000000
2026-05-07,1963663.805587,0.078878,0.000059,50,0.011945,0.016322,-0.004376,1.000000
2026-05-08,1974587.247129,0.071140,0.000054,50,0.005563,0.003057,0.002506,1.000000
2026-05-11,1988611.166258,0.082793,0.000062,50,0.007102,0.014372,-0.007270,1.000000
2026-05-12,1966400.641392,0.076585,0.000057,50,-0.011169,-0.005063,-0.006106,1.000000
2026-05-13,1993160.769751,0.091584,0.000069,50,0.013609,0.015140,-0.001531,1.000000
2026-05-14,1961420.248867,0.075690,0.000057,50,-0.015925,-0.019735,0.003811,1.000000
2026-05-15,1953514.674455,0.057729,0.000043,50,-0.004031,-0.010942,0.006912,1.000000
2026-05-18,1959586.822600,0.091765,0.000070,50,0.003108,0.004326,-0.001218,1.000000
2026-05-19,1989746.089243,0.080138,0.000059,50,0.015391,0.010141,0.005250,1.000000
2026-05-20,1980410.816962,0.075314,0.000057,50,-0.004692,0.000031,-0.004722,1.000000
2026-05-21,1925934.719304,0.057601,0.000046,50,-0.027507,-0.033876,0.006368,1.000000
2026-05-22,1957598.036856,0.094158,0.000068,50,0.016440,0.021405,-0.004965,1.000000
2026-05-25,1952886.187220,0.095596,0.000071,50,-0.002407,0.012268,-0.014675,1.000000
2026-05-26,1928113.724488,0.098276,0.000074,50,-0.012685,-0.012735,0.000050,1.000000
2026-05-27,1885632.665495,0.089220,0.000067,50,-0.022032,-0.016201,-0.005832,1.000000
2026-05-28,1892917.244657,0.073413,0.000055,50,0.003863,0.010675,-0.006811,1.000000
2026-05-29,1838222.085963,0.100250,0.000075,50,-0.027803,-0.026512,-0.001292,0.500000
2026-06-01,1850842.249838,0.085365,0.000065,50,-0.000350,-0.007565,0.007215,0.500000
2026-06-02,1830756.009000,0.101041,0.000075,50,-0.003051,0.004751,-0.007802,0.500000
2026-06-03,1823413.659060,0.089724,0.000066,50,0.000851,0.005713,-0.004862,0.500000
2026-06-04,1810418.643127,0.036468,0.000027,51,-0.004310,-0.001493,-0.002817,0.500000
2026-06-05,1812453.786480,0.050854,0.000051,49,-0.004137,-0.009398,0.005261,0.500000
2026-06-08,1746482.010998,0.125682,0.000084,50,-0.033767,-0.031136,-0.002632,0.500000
2026-06-09,1751742.824795,0.060014,0.000043,50,0.016197,0.029382,-0.013185,0.500000
2026-06-10,1743067.217837,0.085329,0.000063,50,-0.009688,-0.014423,0.004735,0.500000
2026-06-11,1732167.534109,0.086497,0.000065,50,-0.005521,-0.004790,-0.000732,0.500000
2026-06-12,1773132.629717,0.114240,0.000087,50,0.014481,0.005313,0.009168,0.500000
2026-06-15,1800320.289010,0.070316,0.000053,50,0.027076,0.038820,-0.011743,0.500000
2026-06-16,1809972.399346,0.081019,0.000060,50,0.010025,0.014689,-0.004664,0.500000
2026-06-17,1793086.386483,0.098999,0.000074,50,-0.001307,0.006716,-0.008023,0.500000
2026-06-18,1783213.190726,0.093502,0.000070,50,0.001070,0.007645,-0.006576,0.500000
2026-06-22,1773578.500827,0.055065,0.000043,50,0.002695,0.010792,-0.008098,0.500000
2026-06-23,1757023.402643,0.098042,0.000072,50,-0.015137,-0.020939,0.005802,0.500000
2026-06-24,1730935.384985,0.072680,0.000055,50,-0.000889,0.013070,-0.013959,0.500000
2026-06-25,1703118.322687,0.069914,0.000053,50,-0.006191,0.003688,-0.009879,0.500000
2026-06-26,1659796.931591,0.068765,0.000051,50,-0.025437,-0.025438,0.000001,0.500000
2026-06-29,1655831.134814,0.058081,0.000043,50,-0.001399,-0.000409,-0.000990,0.500000
2026-06-30,1696572.861467,0.046314,0.000035,51,0.024625,0.024646,-0.000020,0.500000
2026-07-01,1724467.559920,0.076006,0.000062,50,0.012014,0.007587,0.004427,0.500000
2026-07-02,1714322.915741,0.099420,0.000071,50,-0.017097,-0.028310,0.011214,0.500000
2026-07-03,1751137.120339,0.045317,0.000037,49,0.010474,-0.000526,0.011000,0.500000
2026-07-06,1725638.736290,0.047197,0.000034,49,-0.015875,-0.017190,0.001314,0.500000
2026-07-07,1679870.248373,0.113316,0.000083,50,-0.023341,-0.020159,-0.003182,0.500000
2026-07-08,1666791.362600,0.105213,0.000077,50,-0.014971,-0.022157,0.007185,0.500000
2026-07-09,1670622.588921,0.081402,0.000061,50,0.012373,0.022447,-0.010074,0.500000
2026-07-10,1702956.342277,0.066467,0.000052,50,0.003546,-0.012261,0.015808,0.500000
2026-07-13,1619260.673042,0.055995,0.000040,50,-0.049607,-0.050066,0.000460,0.500000
2026-07-14,1624827.120340,0.077966,0.000058,50,0.010532,0.017626,-0.007094,0.500000
2026-07-15,1625311.917944,0.029757,0.000023,51,-0.006620,-0.013538,0.006918,0.500000
2026-07-16,1635939.085189,0.077374,0.000063,50,-0.008631,-0.023801,0.015170,0.500000
2026-07-17,1569293.288654,0.105644,0.000078,50,-0.050753,-0.060767,0.010014,0.500000
2026-07-20,1563575.782879,0.094256,0.000067,50,-0.015955,-0.028267,0.012312,0.500000
2026-07-21,1600808.727477,0.058338,0.000043,51,0.033045,0.042278,-0.009233,0.500000
2026-07-22,1575769.110325,0.071373,0.000057,50,-0.014784,-0.013926,-0.000858,0.500000
2026-07-23,1604336.498787,0.110951,0.000083,50,0.011631,0.005132,0.006498,0.500000
2026-07-24,1560824.876792,0.074523,0.000052,50,-0.027445,-0.027769,0.000324,0.500000
2026-07-27,1611531.123184,0.048509,0.000037,50,0.032903,0.033319,-0.000416,0.500000
2026-07-28,1584906.513323,0.034974,0.000025,51,-0.022267,-0.028013,0.005746,0.500000
2026-07-29,1598252.676433,0.064943,0.000051,50,0.009114,0.009807,-0.000693,0.500000
2026-07-30,1570576.864779,0.061122,0.000044,50,-0.022367,-0.027417,0.005050,0.500000
2026-07-31,1601444.504187,0.086240,0.000065,50,0.022496,0.025338,-0.002842,0.500000
2026-08-03,1619601.227951,0.103855,0.000081,50,0.005971,0.000603,0.005367,0.500000
2026-08-04,1668412.064048,0.069609,0.000057,49,0.029152,0.028166,0.000986,0.500000
2026-08-05,1731837.790535,0.090612,0.000070,49,0.033698,0.029380,0.004318,0.500000
2026-08-06,1748769.645780,0.103465,0.000070,50,0.007383,0.004989,0.002394,0.500000
2026-08-07,1779053.161194,0.075558,0.000056,50,0.017217,0.019800,-0.002583,1.000000
2026-08-10,1776288.330186,0.047546,0.000041,49,-0.001554,0.007080,-0.008634,1.000000
2026-08-11,1778334.458686,0.049461,0.000033,51,0.001152,-0.004635,0.005787,1.000000
2026-08-12,1806585.741547,0.078647,0.000065,50,0.015886,0.012428,0.003459,1.000000
2026-08-13,1787549.836769,0.100139,0.000072,50,-0.010537,-0.009986,-0.000551,1.000000
2026-08-14,1809352.820619,0.059358,0.000041,51,0.012197,0.006989,0.005208,1.000000
2026-08-17,1846728.314639,0.055534,0.000042,51,0.020657,0.025555,-0.004898,1.000000
2026-08-18,1849776.336128,0.074705,0.000061,50,0.001650,-0.002814,0.004464,1.000000
2026-08-19,1742908.051285,0.090974,0.000064,50,-0.057774,-0.053888,-0.003886,1.000000
2026-08-20,1750818.608476,0.063149,0.000045,50,0.004539,0.009579,-0.005040,1.000000
2026-08-21,1758761.461159,0.080991,0.000061,50,0.004537,0.001584,0.002953,1.000000
2026-08-24,1741501.029243,0.067771,0.000051,50,-0.009814,-0.014511,0.004697,1.000000
2026-08-25,1762335.870718,0.069797,0.000053,50,0.011964,0.004807,0.007157,1.000000
2026-08-26,1758805.284205,0.087072,0.000066,50,-0.002003,0.002281,-0.004284,1.000000
2026-08-27,1794722.580461,0.079690,0.000059,50,0.020421,0.024955,-0.004534,1.000000
2026-08-28,1791319.005009,0.086573,0.000065,50,-0.001896,-0.003610,0.001714,1.000000
2026-08-31,1818439.860628,0.086741,0.000065,50,0.015140,0.008487,0.006654,1.000000
2026-09-01,1811702.442805,0.091750,0.000069,50,-0.003705,-0.010173,0.006468,1.000000
2026-09-02,1795184.029562,0.061292,0.000046,50,-0.009118,-0.013991,0.004873,1.000000
2026-09-03,1789497.658237,0.111318,0.000085,50,-0.003168,0.002155,-0.005322,1.000000
2026-09-04,1784749.981863,0.099074,0.000073,50,-0.002653,-0.012106,0.009453,1.000000
2026-09-07,1790315.002501,0.077445,0.000058,50,0.003118,0.017484,-0.014366,1.000000
2026-09-08,1787573.328794,0.065572,0.000054,49,-0.001531,0.002651,-0.004182,1.000000
2026-09-09,1780923.954556,0.120224,0.000085,50,-0.003720,-0.001411,-0.002309,1.000000
2026-09-10,1761964.443540,0.051411,0.000042,49,-0.010646,-0.007982,-0.002664,1.000000
2026-09-11,1731291.933657,0.082760,0.000058,50,-0.017408,-0.021154,0.003746,1.000000
2026-09-14,1738968.723529,0.092153,0.000069,50,0.004434,0.005528,-0.001094,1.000000
2026-09-15,1730037.726914,0.106608,0.000080,50,-0.005136,-0.004097,-0.001038,1.000000
2026-09-16,1755672.497545,0.106938,0.000081,50,0.014817,0.020131,-0.005314,1.000000
2026-09-17,1755368.226968,0.097539,0.000072,50,-0.000173,-0.005089,0.004915,1.000000
2026-09-18,1793650.158666,0.094844,0.000071,50,0.021808,0.018383,0.003425,1.000000
