区间,策略,年份,超额,策略收益,基准收益
研究期2023-26,A_top50,2023,0.1365,0.0660,-0.0628
研究期2023-26,A_top50,2024,0.0711,0.0728,0.0120
研究期2023-26,A_top50,2025,0.1532,0.4909,0.2911
研究期2023-26,A_top50,2026,0.0013,0.0230,0.0122
研究期2023-26,A_top20,2023,0.1302,0.0577,-0.0628
研究期2023-26,A_top20,2024,0.0682,0.0717,0.0120
研究期2023-26,A_top20,2025,0.2711,0.6389,0.2911
研究期2023-26,A_top20,2026,0.0119,0.0306,0.0122
样本外2020-22,A_top50,2020,0.0747,0.2907,0.1939
样本外2020-22,A_top50,2021,0.2089,0.4633,0.2052
样本外2020-22,A_top50,2022,0.2571,-0.0100,-0.2158
样本外2020-22,A_top20,2020,0.1109,0.3314,0.1939
样本外2020-22,A_top20,2021,0.0735,0.2992,0.2052
样本外2020-22,A_top20,2022,0.3276,0.0430,-0.2158
