,gain
SMALL20,33830.05420446396
CGO60,22936.32196521759
REV5,19049.3470569849
ABVOL5,17898.23082447052
MAX20,17343.74006462097
OVN20,16448.44256258011
LOW250,15986.710910320282
UPDAYS10,14472.518951416016
CLOSEVWAP,14344.765899181366
HIGH250,13695.061517715454
VOLVOL20,13610.503480196
ABVOL250,11939.663304328918
INTRA20,11434.733130455017
UPVOL20,11124.489847660065
REV20,10726.775914907455
REV120,10624.10345005989
AMIHUD20,10367.90396785736
MIN20,9331.299227237701
LOWPRICE,9284.417940855026
USHADOW20,8732.613983154297
HN_AGE,8497.221163213253
VOL20,6603.899954557419
PVCORR20,6128.615463733673
CGO250,5823.505665302277
SKEW20,5142.003833055496
EXTREME60,4248.877676963806
DNLIM20,3427.411726474762
BIGUP20,3182.3973712921143
HN_HOLDVAL,2988.346903681755
ATTN60,2737.598622560501
HN_CHG2,2390.2272786796093
HN_CHG_ADJ,1066.3717513084412
HN_CHG1,1022.5956633090973
HN_FRESH,203.5124969482422
