datetime,ic60,share_z,excess_dd
2023-01-03,,-0.365528807518185,0.0
2023-01-04,,-0.45647635647266466,0.0
2023-01-05,,-0.3403465064005458,-4.403504388383883e-05
2023-01-06,,-1.8719181644750778,0.0
2023-01-09,,-1.0408104051195215,0.0
2023-01-10,,-1.0719556191485569,-0.0022256452557161133
2023-01-11,,-1.2023071528201077,-0.0002688021929692086
2023-01-12,,-0.8160011048094358,-0.0005895759114660226
2023-01-13,,-0.7434987093997193,-0.0012018881766048262
2023-01-16,,-1.4189022942468383,-0.0028049120852284837
2023-01-17,,-2.2906323529419383,0.0
2023-01-18,,-1.1423121458294294,0.0
2023-01-19,,-0.7241547675131182,-0.005232771132778757
2023-01-20,,-0.9560743567246857,-0.010700070490812674
2023-01-30,,-1.0127426425766153,-0.007676491194201662
2023-01-31,,-1.4839778286893472,-0.0027909587471727226
2023-02-01,,-0.7548789634427177,-0.00016124516788018628
2023-02-02,,-0.2306841425418984,-0.004730411466473128
2023-02-03,,-0.033053911157364474,0.0
2023-02-06,,0.37644772744525307,-0.006086270043744291
2023-02-07,,-0.031142445295481557,-0.0029747324001713205
2023-02-08,,1.7773740782167624,-0.0023524219297827997
2023-02-09,,1.7571168124118246,-0.0005005164487996705
2023-02-10,,0.9181396035233045,-0.004448744732495125
2023-02-13,,1.3472853244476213,-0.0030315934066312833
2023-02-14,,0.08961859247115105,-0.004758014846457104
2023-02-15,,1.3264531290656358,0.0
2023-02-16,,1.0677129137883963,-0.00145401862592609
2023-02-17,,1.0069019088342646,0.0
2023-02-20,,0.7246098265999766,0.0
2023-02-21,,-0.9942894910564225,-0.006536715867316634
2023-02-22,,-0.03250368155276419,-0.00654577629876818
2023-02-23,,0.8481157280040786,-0.004573106123585635
2023-02-24,,0.46544084588172424,-0.0009934033872311954
2023-02-27,,-0.22226631586363463,0.0
2023-02-28,,0.3710229823600029,0.0
2023-03-01,,0.060789392123538136,-0.000931190706224494
2023-03-02,,-0.5110915315151275,-0.00431601814113558
2023-03-03,,0.3376960521790192,-0.0029472698304702227
2023-03-06,,-0.03267177364515575,-0.0005832217734668133
2023-03-07,,-1.1440686219935527,0.0
2023-03-08,,-1.0532661517242687,0.0
2023-03-09,0.05382957084131538,-0.1669960270722831,-0.005279093641519239
2023-03-10,0.054569433466489334,-0.37098459792779703,-0.0035258114855328815
2023-03-13,0.05511879047886995,-0.2954493620637775,-0.002928272575631108
2023-03-14,0.051341004674586285,-0.7755021118358051,-0.007570235315124241
2023-03-15,0.050573524915465004,-0.6619980009645928,-0.0031712876798393186
2023-03-16,0.05240686230697445,-0.6368496054176949,-0.0013829102570911411
2023-03-17,0.05153188495365751,-0.8773223513469416,0.0
2023-03-20,0.04653603965791398,-1.260425543706862,-0.007256719413233137
2023-03-21,0.048066633354633855,-0.8077238965555505,-0.0009496379416267242
2023-03-22,0.049288131596260394,-0.3166030951932601,0.0
2023-03-23,0.04967234674183387,-0.12184624710671631,-0.0061245167371100084
2023-03-24,0.04591713780495873,-0.46524390135601373,-0.014138747984232536
2023-03-27,0.04321503778763117,-0.004821150835870434,-0.01650574464772414
2023-03-28,0.04142751267203195,0.389880083583423,-0.021621075760502984
2023-03-29,0.045153167165692294,1.206068434753548,-0.018670574051054545
2023-03-30,0.04563803091576817,0.17263764955844163,-0.017998665621667742
2023-03-31,0.04879657045416362,-1.030754691116546,-0.00959088480657655
2023-04-03,0.04581626962600188,-0.7836936463229316,-0.01583038866185571
2023-04-04,0.04343394576271078,-0.8291812949126831,-0.02614944868963609
2023-04-06,0.04013563938443319,-0.31253440565985796,-0.037615650173758564
2023-04-07,0.03792345511174988,0.3863106118478492,-0.04300437791788625
2023-04-10,0.03937764801396199,0.315410830464927,-0.042627708685211596
2023-04-11,0.041763820437501854,-0.2851109171728119,-0.028834666921456198
2023-04-12,0.03850817903394592,-0.9390407223291314,-0.035275932789708864
2023-04-13,0.03822102124083438,-0.29495969073596556,-0.042339951714871704
2023-04-14,0.04020161160455115,0.3016210686665029,-0.037240784802946014
2023-04-17,0.03798390146681338,0.033707593425720744,-0.03692932168543639
2023-04-18,0.04128674807953563,-1.0731247818016008,-0.026113504356253925
2023-04-19,0.039501329356949874,-1.249888510343833,-0.02695230969876483
2023-04-20,0.035538711473813114,-0.4137777433042129,-0.0331294404071637
2023-04-21,0.028943137781620287,-0.5059259005075,-0.04457647635656947
2023-04-24,0.030124956255123504,-0.36213816282893013,-0.034993216084163725
2023-04-25,0.028441770831185705,-0.850757673419631,-0.03145774481029573
2023-04-26,0.026003744314623198,-0.5260932508827613,-0.036993299921511014
2023-04-27,0.028437619915475918,-0.15682780803864219,-0.021596035679292802
2023-04-28,0.03277781994065642,-0.4017303578109187,-0.013756746890222438
2023-05-04,0.028289805294654455,-0.627857250173163,-0.02323922560485181
2023-05-05,0.029122039380588983,-0.6601696791740085,-0.021051115315196323
2023-05-08,0.02816008426631109,-0.44075626899046627,-0.017366714727332644
2023-05-09,0.027466120070346333,-1.2373868282007856,-0.02334376755324108
2023-05-10,0.02755622956936413,-1.4182886844764448,-0.02111378405759523
2023-05-11,0.031209379607286755,-1.0766150317055174,-0.009393968204622571
2023-05-12,0.031035361110448148,-0.0848819753092379,-0.0068302843904177735
2023-05-15,0.03247659349444087,-0.05505717756218623,-0.00911014242489705
2023-05-16,0.033001340874572724,-1.1006162077544832,0.0
2023-05-17,0.036723647437982634,-0.4482320985359824,0.0
2023-05-18,0.03571892902242327,-0.4303256153940708,-0.0021159155939747265
2023-05-19,0.031479546406950436,0.042158841565855865,-0.008081559729329557
2023-05-22,0.03484401836052624,0.503333217127452,-0.00014194227390385006
2023-05-23,0.037407173625278976,-0.015559655446192306,0.0
2023-05-24,0.03666833115838654,0.22364253072961957,0.0
2023-05-25,0.03331157946612443,-0.3343626168844636,0.0
2023-05-26,0.0351706831356097,0.12292270865023956,-0.000481840969447922
2023-05-29,0.03300648609269969,0.7168900306807926,-0.006165530602170066
2023-05-30,0.03127322858101121,0.7104062720034565,-0.007842413766856349
2023-05-31,0.029990069530924427,-0.18037612082416093,-0.008080710717747963
2023-06-01,0.026993163099141126,0.24429625714688286,-0.0051923269151565865
2023-06-02,0.025527963818132667,0.48622124446868525,-0.003330884004176027
2023-06-05,0.025512516938429937,0.387599468538613,0.0
2023-06-06,0.021030099415423654,0.6727117775820971,-0.005552502905682988
2023-06-07,0.022207004826449068,0.7574156786544213,-0.004051213552764055
2023-06-08,0.01654715622540897,0.7329749467799715,-0.005988594605260467
2023-06-09,0.015143628026212688,0.49460800916375397,-0.0021855646707489296
2023-06-12,0.014914399705452962,0.05656904904117997,-0.010551185965186116
2023-06-13,0.016416646388359553,0.10382493409702565,-0.007004385841867911
2023-06-14,0.01280462139549444,0.7248505323578011,-0.009896451710116327
2023-06-15,0.01338970169724278,0.4358593980199417,-0.01019549172168921
2023-06-16,0.019621732547900044,-0.3177059612944349,-0.00572604606792404
2023-06-19,0.015595106113788044,-0.19199531645701137,-0.013358710405260266
2023-06-20,0.011253687738521085,0.8756566303095086,-0.022397758884833086
2023-06-21,0.00890136047456251,0.6816826175388543,-0.025020410147881256
2023-06-26,0.01427071406515013,0.8965281952845354,-0.017759535880033428
2023-06-27,0.0191092322791437,0.2857823033770107,-0.010246695518176696
2023-06-28,0.021568999007227578,0.3419709556182445,-0.009453068588385904
2023-06-29,0.017831489561203385,0.9908170540808501,-0.00403255378713907
2023-06-30,0.01574153027903158,0.8450281125998197,-0.009801678413508874
2023-07-03,0.01406101826455878,1.4528608680981692,-0.0039010254776278286
2023-07-04,0.017731051004643884,0.5469107148579901,-0.00151233507342452
2023-07-05,0.020136597181736146,1.1099015201781,-0.0011274946332439084
2023-07-06,0.02556163620227777,1.4579186178941768,-0.0003673413717675267
2023-07-07,0.02605689482676187,1.082640637704213,-0.004497438864163983
2023-07-10,0.02572879066256901,1.149827601739187,-0.0018218942674037564
2023-07-11,0.02359513911855236,0.3034468767293659,-0.002232190133314327
2023-07-12,0.028372612634516254,0.8753574385266922,-0.0003076624584488208
2023-07-13,0.03325604878567213,0.45917951141262026,0.0
2023-07-14,0.030753120948658664,-0.49333044745739923,-0.001983871274655824
2023-07-17,0.03147551231909484,0.29354921538606255,-0.0018855564578090789
2023-07-18,0.0297034664972496,1.3060608753076446,-0.0009236048766704252
2023-07-19,0.03311830181798709,1.193260927348022,0.0
2023-07-20,0.03628249086335777,1.0058373014708384,0.0
2023-07-21,0.04411194608926584,0.5703137273619251,0.0
2023-07-24,0.04429397226346576,0.5031432038403734,0.0
2023-07-25,0.047256419843581914,0.26449254517324994,0.0
2023-07-26,0.049565135495003035,-2.2449853142044343,0.0
2023-07-27,0.04963406683377972,-0.1392910256461486,0.0
2023-07-28,0.04962057111562578,-0.4428723133209311,0.0
2023-07-31,0.050679267450745955,-2.5771771905221446,0.0
2023-08-01,0.05012253857314498,-2.474774877577452,0.0
2023-08-02,0.050839827381469846,-0.9381469688245366,0.0
2023-08-03,0.04997834179949043,0.12686096583245784,-0.00484173529609544
2023-08-04,0.04801185477005943,-0.797429563667744,-0.003203218609999947
2023-08-07,0.04219005229039587,-1.5612737337386948,-0.00964031705304047
2023-08-08,0.039579038141800256,-0.011566134466100646,-0.017292958094143107
2023-08-09,0.040928929907175574,-0.49772295060092575,-0.013105106038417746
2023-08-10,0.040022013776636785,0.3224501568390455,-0.007187378595330918
2023-08-11,0.038398636539436565,-0.4482166440478704,-0.006241684484210697
2023-08-14,0.037313287877196226,-0.7629238785707894,0.0
2023-08-15,0.036167282206709984,-0.7261182312254174,-0.0032677938450299537
2023-08-16,0.03398586821045765,-0.6078761099895825,0.0
2023-08-17,0.03208652594688855,-0.28684853841279034,0.0
2023-08-18,0.03139114272276262,-0.11253867454441689,-0.0031980246949911972
2023-08-21,0.034776245053500736,0.20441893459846072,0.0
2023-08-22,0.03272216984161123,-1.1713449772135864,0.0
2023-08-23,0.03287824774105784,-0.5101535583933193,-0.014373224075930224
2023-08-24,0.033925135181895896,0.39712574739774426,-0.006758143552297757
2023-08-25,0.03538507487314633,-0.5858935243834535,-0.012118172076601041
2023-08-28,0.036439231879572875,0.5289347268979713,-0.0020400021382752653
2023-08-29,0.035249028355995304,-1.7075756691987065,-0.004534507899856877
2023-08-30,0.034275984046404535,-0.3869598770889147,-0.015808717819373874
2023-08-31,0.042462454702579665,0.5561609680404672,-0.016598500273238836
2023-09-01,0.04405531777933625,0.30582534171128906,-0.016686364098639772
2023-09-04,0.05093729938299018,0.010048237028763788,-0.008904689605847893
2023-09-05,0.0541772850135542,-1.0002463994148776,-0.002533842060542524
2023-09-06,0.05726479667273932,1.0085013674016017,0.0
2023-09-07,0.055515618102437145,1.3823142596541282,-0.00284244017981361
2023-09-08,0.0563256045729607,1.2202544021538981,-0.0030458845104427423
2023-09-11,0.05514142217592995,3.099368998835218,-0.006745453119192502
2023-09-12,0.054180124101658796,1.2616853357448015,-0.011640186208268788
2023-09-13,0.05859174639274903,2.3603666410335693,-0.00739204829943696
2023-09-14,0.06030199332177098,1.9478066314475637,-0.004726621300488065
2023-09-15,0.06044269484797436,0.08820985652315101,-0.007200311827795236
2023-09-18,0.058009133001027016,-0.40029895473492366,-0.008200052303470318
2023-09-19,0.05719599069085061,0.44858566000803907,-0.004053413239038184
2023-09-20,0.0538810409067563,0.9397737846682392,-0.0038156356603916697
2023-09-21,0.052911351953916864,1.8063060954581487,-0.00352245443453969
2023-09-22,0.05351798009443943,-0.10839664560993553,-0.004622662238629172
2023-09-25,0.05462228604768655,-0.3592071105177976,-0.002651463905517182
2023-09-26,0.05275416979040556,1.3533865880972353,-0.0046804790472827484
2023-09-27,0.05160564464936356,1.171095396240996,-0.0056436736084584105
2023-09-28,0.05142352135642262,0.513911832975757,0.0
2023-10-09,0.05027972192540559,1.3705764446730924,-0.00777954195402486
2023-10-10,0.047106863605543045,0.42553932738539646,-0.013574164823403123
2023-10-11,0.042790090053961255,2.0568254467523746,-0.018719182764204922
2023-10-12,0.04261378951184329,0.932141364353233,-0.01670002400202597
2023-10-13,0.040862934507815744,0.7231359299348448,-0.016008259047863294
2023-10-16,0.039471046937882344,2.110969710762359,-0.019379124328468
2023-10-17,0.04050510024687139,3.5289508111498864,-0.01812698533538326
2023-10-18,0.03989510631932285,2.535588759764362,-0.01636283347349654
2023-10-19,0.03575380296534104,2.099418540319976,-0.017606624048332797
2023-10-20,0.03594723223207991,0.7825912431400718,-0.013367529010643309
2023-10-23,0.03379286652316964,0.7595486328518934,-0.004283120811498176
2023-10-24,0.029604909863158838,2.008599682569452,-0.004154304798024033
2023-10-25,0.029545247952520455,0.5512697446772561,-0.003088583907436271
2023-10-26,0.027540992923052506,0.5594585485622686,-0.007519313543965289
2023-10-27,0.02432631134970713,1.763099824050105,-0.013206910354928603
2023-10-30,0.02569181735221526,0.7393906539601045,-0.013712360636960463
2023-10-31,0.025851385964397258,0.7902542031375758,-0.01391521319541733
2023-11-01,0.026752311324237384,1.6763519297730995,-0.016608269294949296
2023-11-02,0.027924060071172332,0.9964116722643078,-0.014457826991664202
2023-11-03,0.030509066351956333,2.27920152334523,-0.011690924494818233
2023-11-06,0.03200680585877,2.0120207299747515,-0.008305266315594695
2023-11-07,0.03559370868779339,0.20886904898732062,-0.005440666157931373
2023-11-08,0.034902800381281796,2.3873926807859625,-0.0036838203835084515
2023-11-09,0.030025643183466535,3.0509814956768824,-0.006531386677106288
2023-11-10,0.03150077363166139,1.944029351248316,-0.0038800698508446585
2023-11-13,0.032286895370688976,1.6716386109896284,-0.004120365065732878
2023-11-14,0.03149657895724383,2.627551816228895,-0.0054586804263605515
2023-11-15,0.031488920201020634,3.0212710295677785,-0.003416873369914031
2023-11-16,0.03457569036222617,2.5868741536948163,0.0
2023-11-17,0.032281336836551995,3.3251231583800105,0.0
2023-11-20,0.032429184256724135,3.6347434611574054,-0.007006493411823467
2023-11-21,0.031662923461896565,3.4629630113902286,-0.0119445768448605
2023-11-22,0.034515787507249776,2.8314869957919484,-0.00883175357692445
2023-11-23,0.03811367421784274,4.286361453550157,-0.007472994356337748
2023-11-24,0.04045818886535647,2.6750167512798235,-0.006661584997301406
2023-11-27,0.040689461570607585,2.5232381008246625,0.0
2023-11-28,0.042386512668221285,1.7843420904350686,0.0
2023-11-29,0.046358092591932375,1.0907577464045426,0.0
2023-11-30,0.0449634608720546,0.8423544587922045,-0.0010984791659714999
2023-12-01,0.03955703858120797,0.8619442147665757,0.0
2023-12-04,0.035742049473772436,0.7102226871391504,-0.008789008638809381
2023-12-05,0.03312662327634531,1.6654105375125066,-0.009758775352417981
2023-12-06,0.034059694339149967,1.0094260160606539,-0.005233469578598271
2023-12-07,0.03459814033333874,0.32933156928199253,-0.005735915690160631
2023-12-08,0.03343921677353244,1.3712511632570819,-0.0063904392065734505
2023-12-11,0.03307615243248564,0.7735182343730926,-0.00791490639785064
2023-12-12,0.03256042628870155,0.18089099150903398,-0.011133213295703714
2023-12-13,0.031174048365589506,1.182763396245875,-0.009506304115246444
2023-12-14,0.03115125674542972,0.6363037838565201,-0.0057628439924123365
2023-12-15,0.035777588404646586,1.0116617230272067,-0.0003650609546588246
2023-12-18,0.0370902222010373,0.06790262991469623,0.0
2023-12-19,0.03646881276409357,0.8344468297308576,0.0
2023-12-20,0.03371434065760228,0.348177897708689,-0.002386927305869646
2023-12-21,0.03655024079447626,0.23981744744723768,0.0
2023-12-22,0.03771874597880452,-0.29845691302061245,0.0
2023-12-25,0.04089700321586195,0.27549876750785746,0.0
2023-12-26,0.03762159394618996,1.0194741672285772,-0.00882128619108491
2023-12-27,0.038079700841170586,0.8403506624292831,-0.00197429963960849
2023-12-28,0.03853600077253962,-0.06136945310335932,-0.006185856841667281
2023-12-29,0.038444258862609854,-1.558519530798337,0.0
2024-01-02,0.039482207402157674,-0.4860273149805167,-0.006517445859136606
2024-01-03,0.04250485086995101,-0.6419694687036765,-0.003356919520956847
2024-01-04,0.04663601790714635,-0.44502429474052974,0.0
2024-01-05,0.04524717011643647,-1.2757082060056764,0.0
2024-01-08,0.04644666810489227,-1.1618179448298651,0.0
2024-01-09,0.04579975325752155,-1.4099458794780237,0.0
2024-01-10,0.04558582337504593,-1.3576909273497821,0.0
2024-01-11,0.04581320025815815,-1.2677943248414858,0.0
2024-01-12,0.04840102719180266,-1.2166123532416728,-0.0036900667056525283
2024-01-15,0.04391246883151025,-0.6911392436061209,0.0
2024-01-16,0.04290183780963074,-0.7714609700032758,-0.00042797114374504286
2024-01-17,0.044449123991902484,-1.4776250473034138,0.0
2024-01-18,0.04173586881182949,-1.8068975359759172,0.0
2024-01-19,0.04115212953477736,-2.1019251194672184,-0.006322182847708913
2024-01-22,0.04110302083007591,-1.9878705533712155,-0.0073329966352384535
2024-01-23,0.03552254314255144,-1.6348107873509086,-0.002798226205251164
2024-01-24,0.03502222035414756,-1.4739160724461562,-0.004568767569454124
2024-01-25,0.030291904626843693,-1.6355164696478712,-0.008458057784579753
2024-01-26,0.02907338250129776,-1.7904398794994767,-0.009104090487911276
2024-01-29,0.023333007642123333,-1.5467323144046772,-0.013419842743361832
2024-01-30,0.021054307996083432,-1.9026114644982077,-0.01539224123841032
2024-01-31,0.018926004871047827,-1.8088215768189164,-0.013215631544369222
2024-02-01,0.015369497586523168,-1.4009547860141396,-0.012153485735359237
2024-02-02,0.02014826854918802,-1.4945954248161837,-0.011694788038634552
2024-02-05,0.008626567542461468,-1.4445338652312505,-0.020126044784139818
2024-02-06,0.0021356792577361754,-1.7455438435827828,-0.039253008597874506
2024-02-07,0.007683560365253339,-1.730322330084043,-0.045850489936782646
2024-02-08,0.012329816363478605,-1.448239878051947,-0.041008284286238705
2024-02-19,0.016672792266409418,-0.9085723518703278,-0.01152141540749696
2024-02-20,0.017151548236135624,-1.0168256395087243,-0.014057857223519044
2024-02-21,0.016240895457261983,-1.0283925392951252,-0.01398305171737102
2024-02-22,0.01745124874544203,-1.570848196887694,-0.006483679007306398
2024-02-23,0.011761422715514499,-1.2722157667250176,0.0
2024-02-26,0.007133898617327873,-0.8122795315453775,0.0
2024-02-27,0.004424288249119734,-0.5693365297062817,0.0
2024-02-28,-0.0026835034267998327,-0.5899937114170123,0.0
2024-02-29,0.0034746462326281694,-0.4718104664306202,-0.02079175753419671
2024-03-01,-0.007350864976683893,-1.2134322948420948,-0.01419754819459107
2024-03-04,-0.009822588632591975,-1.052566969775005,-0.00933569856905736
2024-03-05,-0.011093391107602083,-1.109720672653336,-0.011467644711792513
2024-03-06,-0.007278710693679986,-1.2081781785405454,-0.023506574382967438
2024-03-07,-0.005070387235635515,-1.1357495502028756,-0.021220326372538234
2024-03-08,-0.009718191020162692,-1.124437456386059,-0.030074444541380863
2024-03-11,-0.0169792705141299,-1.1868918467793241,-0.03277233364230314
2024-03-12,-0.011455309067630625,-1.4636771436805351,-0.0186671587594871
2024-03-13,-0.005506507430660434,-1.6279290313303367,-0.007033878219195877
2024-03-14,-0.004592136352411247,-0.5238053176370732,-0.008974737985939063
2024-03-15,-0.004407134615439927,-0.8625016731102955,-0.014241532749005303
2024-03-18,-0.005919882145824787,-0.8357711217019222,-0.01683300310975755
2024-03-19,-0.011442025478827018,-0.7377203087375434,-0.017528750771635293
2024-03-20,-0.010345910506318393,-0.3287071265767639,-0.012012859148829325
2024-03-21,-0.011569205106451168,0.4221855661127853,-0.013563721606473789
2024-03-22,-0.013526960615831415,0.6273596877786678,-0.019631492792198113
2024-03-25,-0.01582046458771042,0.526068677071982,-0.025437748819859607
2024-03-26,-0.013684609204854955,0.856157478342719,-0.03203257903025958
2024-03-27,-0.014833293365220204,0.2499634958883691,-0.03093644728495959
2024-03-28,-0.01371782780950532,0.11461706581138797,-0.029066050909271612
2024-03-29,-0.015213841111275005,-0.17785503819245319,-0.03277263382848128
2024-04-01,-0.013759451129314405,0.2993142858165871,-0.03262763909005295
2024-04-02,-0.01441443733048397,-0.19892862878939083,-0.029682543878617573
2024-04-03,-0.01056539786829601,0.545645318880218,-0.02217771100256849
2024-04-08,-0.011050667505393647,0.3984687917889379,-0.019922554327945985
2024-04-09,-0.01471880590320964,-0.4491909234289033,-0.03004089873797755
2024-04-10,-0.011868817344951875,-0.11085130524116256,-0.01650409093122629
2024-04-11,-0.01678232214065356,-0.0733021357839751,-0.015790399168755465
2024-04-12,-0.014673242218577848,-0.14512601446008952,-0.02159688239253099
2024-04-15,-0.014574010081182103,-0.5975701454664696,-0.024679638606172727
2024-04-16,-0.016337419466925403,-0.8685759420269081,-0.034770675816380936
2024-04-17,-0.017525698560725514,-0.6135969747027391,-0.0383368773362206
2024-04-18,-0.014137322583254532,-0.6322746749804401,-0.036126684847458845
2024-04-19,-0.013585760002641997,-0.7724920158837565,-0.03223656848402634
2024-04-22,-0.0166743675234866,-0.354824767261612,-0.040436943107758916
2024-04-23,-0.010377577176578053,-0.7339485346146531,-0.027298791746040996
2024-04-24,-0.003264020965407152,-0.7119715517910566,-0.013162916796007562
2024-04-25,-0.0027333118032252086,0.10636722567155749,-0.018364325145739824
2024-04-26,0.0005483508081548139,0.36893731770656923,-0.0182481462062003
2024-04-29,0.0023948016520274214,-0.8031014337352224,-0.013805123299064137
2024-04-30,0.00928536792394277,-0.9569302571806624,-0.0040742726729129375
2024-05-06,0.008816882158512496,-0.7706304098449676,-0.008260410692367715
2024-05-07,0.012641261669869243,-1.2806496366589835,-0.009136072335546808
2024-05-08,0.014171784728068265,-0.23660128290728555,-0.0043984015469024085
2024-05-09,0.014843568774034152,0.6459415781307594,-0.0016272631909238777
2024-05-10,0.019941825914218093,-0.20586392921707491,-0.005142066537171641
2024-05-13,0.014742373891556694,-0.14052411976842896,-0.020193655701549074
2024-05-14,0.02091689245475325,-0.6680032218361106,-0.03169485318587473
2024-05-15,0.026907456006525197,-0.23778530043311916,-0.030233160192794872
2024-05-16,0.02297637136453586,-0.06729502371944639,-0.02889915687744493
2024-05-17,0.022162615620350015,-1.0165688364013825,-0.026181461752175283
2024-05-20,0.017950095154688702,-0.8479891160823058,-0.023703348291946535
2024-05-21,0.017359122554632643,-0.9175420894482474,-0.025725295155318184
2024-05-22,0.01616924937089089,0.01093437357455172,-0.029293206788817416
2024-05-23,0.016652796311879905,-0.9558936889656974,-0.00848210545246253
2024-05-24,0.02021598933334522,-0.4285729560631786,-0.0043185575230682005
2024-05-27,0.02529884387235703,-0.6295141644745413,-0.013350510173518626
2024-05-28,0.02613526282062486,-0.8758065593562205,-0.014159871073935681
2024-05-29,0.03490847257721052,-0.43075777530469217,-0.00932242285413687
2024-05-30,0.02753519519755391,-0.6709945580272774,-0.01226947944849377
2024-05-31,0.03824752986967462,-0.9481841178941122,-0.0026645106741317592
2024-06-03,0.04193039456959281,-0.626844589181531,0.0
2024-06-04,0.04207953956639496,-0.861469167314744,-0.0008872689102411568
2024-06-05,0.03971770467721673,-0.84757051394116,-0.018341827662658905
2024-06-06,0.03897539265581188,-0.8367117166335991,-0.01664672869567585
2024-06-07,0.03757779381259329,-0.8637016446622464,-0.04014539336966283
2024-06-11,0.044212481387907746,-1.5441892399652573,-0.031152241069611564
2024-06-12,0.042454902480044694,-1.5290491498734373,-0.01642599002409373
2024-06-13,0.03790377135512054,-1.3418179450337477,-0.0056475024233192395
2024-06-14,0.038971103706411915,-1.2132230267517317,0.0
2024-06-17,0.03592074007831261,-1.9786649959196678,-0.005060466509479555
2024-06-18,0.034846818486306295,-1.5505973623784386,-0.007952347884382482
2024-06-19,0.03551193060928348,-1.1103754343054169,-0.010698338926306894
2024-06-20,0.03188214484240033,-0.6943586995428986,-0.011739860503146016
2024-06-21,0.034794694353683014,-0.5406157056618515,-0.010126717603259339
2024-06-24,0.03598941321046564,-1.465728722101398,-0.01485395402975398
2024-06-25,0.033805409825741095,-1.035584084094517,-0.028577577740953708
2024-06-26,0.032976146699627756,-1.3634127375727831,-0.029567253678135952
2024-06-27,0.034820237157295625,-0.5609505988930211,-0.026511358033661114
2024-06-28,0.033142415490448246,-1.0277300065524801,-0.026458118782229367
2024-07-01,0.031710796297822225,-1.1753015745232216,-0.03895536510883757
2024-07-02,0.02850799718510912,-1.0284260050665521,-0.04319659252931207
2024-07-03,0.02648259574025265,-1.1911292798866147,-0.04557653239890136
2024-07-04,0.024092416906631997,-1.1303606040290226,-0.0418353371818776
2024-07-05,0.020479989125799968,-0.906278169867992,-0.04856245173846119
2024-07-08,0.023911580864245437,-1.6124517934756593,-0.04609104862286373
2024-07-09,0.018185105048643093,-1.235761785721366,-0.050548109637685745
2024-07-10,0.018474064578531065,-1.0141809083264257,-0.06454649526949474
2024-07-11,0.020670914650163026,-0.8668389545638079,-0.058903476018223655
2024-07-12,0.023353579274005224,-1.0358602976711189,-0.04532762383205924
2024-07-15,0.023738146514258335,-1.1959422623091178,-0.04478794183366175
2024-07-16,0.0212872904738904,-0.786775794027579,-0.050610851169092586
2024-07-17,0.01807084252617553,-1.2965776828120879,-0.052468721429147824
2024-07-18,0.02220849898568863,-1.6034491889063935,-0.03607795956916049
2024-07-19,0.02612101651849115,-1.3436729380003132,-0.029871872408370304
2024-07-22,0.02472988304255633,-1.6767535752263718,-0.015528461596398091
2024-07-23,0.01977894729089299,-1.5830079368580898,-0.00883980653684524
2024-07-24,0.019174237564875247,-1.2209486486303591,-0.012016243753702582
2024-07-25,0.016460357604711102,-0.948619474285275,-0.020669823300415224
2024-07-26,0.016225531838549252,-1.457739587550201,-0.013098196032673703
2024-07-29,0.014062153913812705,-1.321545970203479,-0.009234287097275251
2024-07-30,0.01081078434742393,-0.8598884072695834,-0.016864120916963987
2024-07-31,0.011924498106019789,-0.7035094091711567,-0.015472209687311445
2024-08-01,0.016262298372904983,-0.8389093147011693,-0.0017679193146478145
2024-08-02,0.015617087773480788,-0.38408461942668876,-0.003072940551625103
2024-08-05,0.01956073773556962,-0.022010855852283934,-0.00626717726391901
2024-08-06,0.027081054686637514,-0.8059677162200338,-0.003973205593307716
2024-08-07,0.03121769083615981,-0.8251283110350283,0.0
2024-08-08,0.030398437856627894,-0.2551617324295713,-0.0019509068995788859
2024-08-09,0.030086855529541386,-0.019584041742164857,0.0
2024-08-12,0.026702473585427506,-0.4910270137655227,-0.0030406100935975733
2024-08-13,0.024495693036768035,0.011251793213042746,-0.003925466007788647
2024-08-14,0.023905031584084167,-0.5034304878122218,-0.0028287792160812675
2024-08-15,0.023760261327294634,-0.266294999885825,-0.006445053551315416
2024-08-16,0.02085358071123106,-0.27738268851843817,-0.007603070489483277
2024-08-19,0.01997843363594253,0.02208475819207222,-0.010167145752439377
2024-08-20,0.017397771701036475,-0.3814241785436474,-0.016083617940504946
2024-08-21,0.01540062461190909,-0.07031272602254635,-0.02100656119347244
2024-08-22,0.014469726472748974,-0.5099171418055344,-0.015369385245901368
2024-08-23,0.015976789578622533,-0.7905696047977505,-0.018122259084230374
2024-08-26,0.013207239515252097,-0.47647510790410724,-0.019710997803704222
2024-08-27,0.012149844141461152,-0.5628689200901088,-0.01594709407157624
2024-08-28,0.015039121978387965,-0.13166408858171882,-0.017459561856942973
2024-08-29,0.017288729138389188,-0.6901981390338708,-0.011896671674647696
2024-08-30,0.017765652073024565,-0.6959323364095354,-0.003139546470880883
2024-09-02,0.020081238894815088,-1.1152535624829305,0.0
2024-09-03,0.0174344578468274,-0.43241341692630625,-0.010397773432386237
2024-09-04,0.014201968191266925,-0.2365292906282784,-0.006516070526068618
2024-09-05,0.015528857202596837,0.11643715527928297,-0.0016324237782919804
2024-09-06,0.014617979649292762,0.08346151467575227,-0.00375284208867277
2024-09-09,0.01653359736340904,0.965242875559197,-0.011911306610013495
2024-09-10,0.017730192059038367,-0.6524735235657672,-0.010692889019778495
2024-09-11,0.020824699025024887,0.39877354860552805,-0.009844140255709122
2024-09-12,0.024542199130707137,-0.42813815821058043,-0.0047391348276160095
2024-09-13,0.02514127587420626,-0.07825384393957767,-0.005786432994290935
2024-09-18,0.025318732396404822,-0.2553217796448434,-0.012343243327817222
2024-09-19,0.02862892199236279,-0.16231963545493058,-0.013512081493127659
2024-09-20,0.027626832010796923,-0.7041715972266384,-0.013077143993829976
2024-09-23,0.022603815426381426,-0.707822122248011,-0.0231329132029946
2024-09-24,0.023908473171632534,0.020971100842073858,-0.021784582262495356
2024-09-25,0.029613769536102407,-1.1048934208459142,-0.012413789502688233
2024-09-26,0.03194713977128325,-0.880528532773655,-0.011550139605662424
2024-09-27,0.032868346457344856,-1.1546479395251894,-0.0108812109674572
2024-09-30,0.03312580323262332,-1.1399366248251177,0.0
2024-10-08,0.03451291073204865,-1.3357837738900509,0.0
2024-10-09,0.029029620634459626,-1.3102498316812197,0.0
2024-10-10,0.03559615602700827,-1.413250479646747,0.0
2024-10-11,0.040312739950434585,-1.1377538008778374,-0.007199919179572856
2024-10-14,0.0426152030477396,-0.636243291479432,-0.01817356263100034
2024-10-15,0.036615901517309014,-0.9213291368846374,-0.022419529988364717
2024-10-16,0.0355884731054065,0.6150953139377986,-0.029801589101961068
2024-10-17,0.03949134986448876,0.2271394793248863,-0.037844361264022686
2024-10-18,0.03888665212186904,1.07757826600313,-0.04078622291735057
2024-10-21,0.03521217207847281,-0.1251966937549466,-0.03618864917854958
2024-10-22,0.033340264350585035,0.3173351036849839,-0.03560467673695911
2024-10-23,0.035048913177133344,1.6919592363511773,-0.03162832618466338
2024-10-24,0.03728480413586023,0.9295027164361584,-0.023269235978800706
2024-10-25,0.04019292600897823,1.5685654639077002,-0.024124959395065426
2024-10-28,0.045225371584962856,1.110214443450036,-0.00876466095917483
2024-10-29,0.04525482975985452,1.663570830673476,-0.005533747089709107
2024-10-30,0.04452544304741765,2.014905637715247,-0.014385995592282486
2024-10-31,0.04520471660164494,1.8693245341731808,-0.024616467557691757
2024-11-01,0.042459708858318825,1.26588177554471,-0.031111546211937235
2024-11-04,0.040214997223804845,1.788823338572915,-0.0225564972740937
2024-11-05,0.04220466216213125,1.305425194349113,-0.02245705830732192
2024-11-06,0.03864938510714086,0.6269793648710709,-0.021048573355282207
2024-11-07,0.033825390560021575,0.5246812294525521,-0.02918159579411639
2024-11-08,0.03658903289289421,-0.10458723709748712,-0.0258872479636143
2024-11-11,0.03554544976659914,0.33008064981019586,-0.017508908863005934
2024-11-12,0.03300967584600517,0.645176738873823,-0.01346198654105335
2024-11-13,0.03947000828203724,0.3349005460840474,-0.013225019816997419
2024-11-14,0.04006320344395893,0.28488738864999685,-0.014221436101320317
2024-11-15,0.0469959218571672,0.38698264142496475,-0.006978223036324782
2024-11-18,0.05335900064029417,0.22910812998498917,-0.0005047576153377475
2024-11-19,0.05890704595479776,0.12512436404130567,0.0
2024-11-20,0.05872701926858683,0.27589999401457044,0.0
2024-11-21,0.05796117824100785,1.7950345186256293,-3.178475036758055e-05
2024-11-22,0.05995396008373604,2.501649321436583,-0.0008889180115977391
2024-11-25,0.05926961683288175,1.7064161943745337,-0.005695865118423127
2024-11-26,0.06174019719824242,1.201620551529048,0.0
2024-11-27,0.06440268534809207,2.1367385186650263,0.0
2024-11-28,0.061371233530744654,1.7819822305110897,-0.006228594978349045
2024-11-29,0.06111644061454054,2.903968384267059,-0.006896774436343844
2024-12-02,0.059979223894468484,1.6889036515041747,-0.006852347255197233
2024-12-03,0.05756051932621333,2.1998793601107596,-0.008808137127188087
2024-12-04,0.060190747762791146,2.5029284427879213,-0.008254566125147744
2024-12-05,0.06456522345708547,2.3833171502482053,-0.005730727446968342
2024-12-06,0.061609097597226804,3.638406030699626,-0.008064230066771039
2024-12-09,0.06321214410787095,2.3071236692907924,-0.005598924492638657
2024-12-10,0.0652667475173743,2.138296663057795,-0.003567991869029785
2024-12-11,0.06503342410981254,1.086870003602823,-0.001935803683243531
2024-12-12,0.06495096760583642,3.2139693982883903,-0.0033974425214096104
2024-12-13,0.06484607173690764,2.8948290897353504,-0.00744038417429671
2024-12-16,0.06372125286558186,1.611312085483909,-0.01255534135768499
2024-12-17,0.06438402319259957,2.5020050608652444,-0.01232509122642833
2024-12-18,0.06902390391141637,2.0588964677323447,-0.005641483893351729
2024-12-19,0.06753503511570566,2.240437654540636,-0.014882014390790066
2024-12-20,0.06705402012634577,1.430389312840662,-0.019464714740787148
2024-12-23,0.06601821771341793,1.6050604954799932,-0.01894535728316904
2024-12-24,0.06905250435216713,1.039580099482944,-0.019266336592534516
2024-12-25,0.06809553429082134,0.7626610721753326,-0.01890773822722347
2024-12-26,0.06893049569805011,0.9761020789127388,-0.018180591981385663
2024-12-27,0.0638600012987752,1.1364611456112164,-0.02209751608985444
2024-12-30,0.06652992200489379,0.8846948985252572,-0.025391000432958943
2024-12-31,0.0672366659989999,0.5493532670882799,-0.027078282063624504
2025-01-02,0.07341989736346767,0.5232666327924458,-0.021969686774749086
2025-01-03,0.07086287973895372,-0.08864506746499497,-0.020995465864761975
2025-01-06,0.07191535131594692,0.7840191680547078,-0.009828182084792303
2025-01-07,0.0704774141899151,0.7764744136374292,-0.015217267809320312
2025-01-08,0.07282895498018087,0.6823283953125135,-0.022150786496129005
2025-01-09,0.07319857398310328,0.849938584377757,-0.027873650237546843
2025-01-10,0.07204176786551121,1.365931718564858,-0.02485488586853224
2025-01-13,0.07667978895962409,0.7020384894518735,-0.027320819331758117
2025-01-14,0.0809529899303351,0.26747083932089827,-0.013020708130121239
2025-01-15,0.081842068232185,0.447954239280792,-0.014539050664671205
2025-01-16,0.07653829017028016,0.9656967946818045,-0.018575925505945334
2025-01-17,0.0752671135113759,0.6531359651265539,-0.020013567839981428
2025-01-20,0.07431826318734344,1.121701711590751,-0.02216717801212509
2025-01-21,0.07189863731847983,0.5246481595235775,-0.023466354644153475
2025-01-22,0.06692490829927665,1.1405189973092087,-0.033888517752053926
2025-01-23,0.06734735459855117,0.2945884844747025,-0.037265648333251744
2025-01-24,0.07197014658536889,0.5169344378647589,-0.03264306534338757
2025-01-27,0.07277569355402376,1.02437495461027,-0.029995359841172964
2025-02-05,0.07248816047124114,0.7366931965387646,-0.03007969985468939
2025-02-06,0.07022988796553457,0.30274538568371456,-0.02218697821082871
2025-02-07,0.07082577206465622,1.1951321556521757,-0.021266478792180132
2025-02-10,0.07028592241174365,0.8477412723939413,-0.020272417233078044
2025-02-11,0.06184006938572374,1.720776135186414,-0.017699189855574504
2025-02-12,0.06335448539069768,2.338936497797942,-0.024250602270118105
2025-02-13,0.06064952841468103,1.9559198300251874,-0.02645367978718549
2025-02-14,0.059285708608631395,2.2773842427960282,-0.02446111254501515
2025-02-17,0.05850164295315862,2.1152818991126305,-0.021358007687530822
2025-02-18,0.050830623481817806,1.6293575351472345,-0.025773566630123312
2025-02-19,0.050663924919326725,1.4876019325438563,-0.02053830107675203
2025-02-20,0.04017276021698712,1.9006846508957167,-0.02674270835882886
2025-02-21,0.042361296079683024,2.9716518189344323,-0.022569616685668592
2025-02-24,0.039222751958039,1.1577208926034883,-0.027410393203902594
2025-02-25,0.041154632363538966,1.6349095630859745,-0.025184605758532097
2025-02-26,0.04171126894060328,2.4637128398119206,-0.021327282466273023
2025-02-27,0.04020435045931626,2.270039659598045,-0.018929571852876026
2025-02-28,0.04258911077281081,1.7267634180992941,-0.008966938747480113
2025-03-03,0.052330003058160254,1.2683892354632516,0.0
2025-03-04,0.05249721970972777,1.5961196203273027,0.0
2025-03-05,0.0529518630534949,2.0248067999384216,-0.0018600419997278905
2025-03-06,0.05159217887144077,2.3693507539713377,-0.005803201162505656
2025-03-07,0.046407818923240626,1.9693268960197827,-0.014672311785881909
2025-03-10,0.046888097432796795,2.9712253351871256,-0.012092046951632018
2025-03-11,0.05266940535480109,2.4834543445433055,-0.005158950155686348
2025-03-12,0.051716639190717534,2.4196031814346175,-0.0076864262018521146
2025-03-13,0.047963228861098064,2.743509602085035,-0.012043149330856484
2025-03-14,0.05407989785186768,2.4796240290821605,-0.0031009239319910176
2025-03-17,0.05368138929035196,0.10574149450476439,-0.0039787685113710225
2025-03-18,0.05443938389369778,1.4411222833153732,-0.001968936681978395
2025-03-19,0.055307752638926955,1.7831834265128335,-0.0010660198766818674
2025-03-20,0.056460944155269026,1.453728331287829,0.0
2025-03-21,0.05568494252708645,1.946218813334146,0.0
2025-03-24,0.0625411561606519,1.1691638296148774,0.0
2025-03-25,0.0645233544133437,1.848614627855462,0.0
2025-03-26,0.07104673559612107,1.704551168832279,0.0
2025-03-27,0.06871840413649108,1.4207940710636013,-0.002063862574937403
2025-03-28,0.06964746965712684,1.3042072122214134,0.0
2025-03-31,0.06895091776202558,1.5559495506418215,0.0
2025-04-01,0.07373074393289379,0.7395213936953268,0.0
2025-04-02,0.07402827327106012,0.6672196443091747,0.0
2025-04-03,0.07413069757773122,1.0056072080525116,0.0
2025-04-07,0.07449111644396592,0.2732773243772375,0.0
2025-04-08,0.07475239497262406,-1.2337670732815138,0.0
2025-04-09,0.07321046591955217,-0.5701338262023187,0.0
2025-04-10,0.07207003808698269,-0.49792473948882193,-0.010336006901637385
2025-04-11,0.07410655625068091,-0.16229625485630125,-0.018583708370215835
2025-04-14,0.07831871136684902,0.2758389122314102,-0.021321003671739613
2025-04-15,0.07762199350103938,0.4066381272175438,-0.02793073213231745
2025-04-16,0.07764346223055996,0.6834479441594435,-0.02633190773759997
2025-04-17,0.07380840701824293,0.12516596192977938,-0.036196920296872825
2025-04-18,0.07757184240555313,0.840864443981406,-0.03398251579659595
2025-04-21,0.07949096363220441,1.2448618796401991,-0.03667204663696888
2025-04-22,0.0776720382365879,1.224823837473381,-0.044620806909899
2025-04-23,0.07795177191502072,1.585725385449537,-0.04416843790384439
2025-04-24,0.07614089050209126,1.2652965076661542,-0.035039866782385354
2025-04-25,0.08158410609133818,1.4873650317457263,-0.03292950307636511
2025-04-28,0.08127389251567786,1.014516242973623,-0.03428066659084816
2025-04-29,0.07759654343722262,0.9502337712759302,-0.03152771563911272
2025-04-30,0.0794144434400754,1.2245772770160022,-0.032541411367751016
2025-05-06,0.07721066400722813,0.606898561058913,-0.028211234858318335
2025-05-07,0.07700282241723634,0.9558494680638306,-0.03647329027106805
2025-05-08,0.07901969129332392,0.8383624653349506,-0.040384073041466184
2025-05-09,0.07857623885354434,0.9619622810421256,-0.04000758464831944
2025-05-12,0.0840773784847214,1.2309226296756264,-0.034159161193417
2025-05-13,0.07917165796369459,0.1292907634411795,-0.0402909050047745
2025-05-14,0.08655646565079636,0.5764687152618289,-0.03403296294097202
2025-05-15,0.08176519739105684,-0.38865498849991287,-0.035444899230124505
2025-05-16,0.08292613309863558,0.30587612679883874,-0.027573936952788203
2025-05-19,0.08617280465859323,0.5635902609332144,-0.02835849239593269
2025-05-20,0.0819172469526133,1.3959806674336577,-0.024525759005093906
2025-05-21,0.08698008925195057,1.3704059560223816,-0.02422488331771455
2025-05-22,0.08780922743904605,1.007766687768176,-0.018546327063384105
2025-05-23,0.0937219636613596,1.1918669695599866,-0.006251134276580195
2025-05-26,0.09382664905893237,0.4291383407126662,-0.0007614320927220586
2025-05-27,0.09128471782152674,0.20192252538252944,-0.006370375674128459
2025-05-28,0.09019845615764598,0.9995789567674299,-0.003588529893474912
2025-05-29,0.08803862689869198,1.455128993649816,0.0
2025-05-30,0.08002183594817697,1.1106471739985255,-0.00016575515829275744
2025-06-03,0.08128757567959329,1.2496397331080196,0.0
2025-06-04,0.08049852991611667,0.7117485888329051,-0.004506438397299917
2025-06-05,0.08299309852285457,1.003551890117155,-0.002602353798631829
2025-06-06,0.08478193639466751,1.3930908167798708,-0.009879498543372445
2025-06-09,0.0856192771594168,1.4301519686269009,-0.00853577748533163
2025-06-10,0.08099801353483642,0.40309327330695377,-0.016080599396783413
2025-06-11,0.08123125238643618,0.7609035096445125,-0.012524674224346777
2025-06-12,0.08433535305716731,0.2580563473540432,-0.0081969956398944
2025-06-13,0.07889138001640257,0.32803671791313366,-0.009503964766432782
2025-06-16,0.07910100655988107,0.33957499838882893,-0.00558681992354737
2025-06-17,0.07535009104220122,0.6587492557184678,-0.012530224422202862
2025-06-18,0.07628830307682873,1.2098172347032203,-0.010240986441522604
2025-06-19,0.07168387072241496,1.0549800628074217,-0.013373063416935338
2025-06-20,0.07216551471613236,1.0980385416975529,-0.003908706818897989
2025-06-23,0.07117473288664891,0.6246474286159366,0.0
2025-06-24,0.0682948077126898,0.5603401336361712,-0.007943443303274789
2025-06-25,0.06642992408616352,0.47437051169158095,-0.013235597386036968
2025-06-26,0.06390585448182401,0.04790878754523339,-0.01769904690554336
2025-06-27,0.061922056363106624,0.6465620816811226,-0.01575188274338568
2025-06-30,0.06255359742715413,0.344477572425956,-0.0173602730139516
2025-07-01,0.060929654836649784,1.2266594596325655,-0.02690538683026633
2025-07-02,0.05904958874827407,2.432555369938076,-0.026808339213087118
2025-07-03,0.06540426946424019,1.377289400884031,-0.014865467028566948
2025-07-04,0.06267525840729858,0.39829011190287905,-0.017424143734812048
2025-07-07,0.06189668174134118,0.6151467631289775,-0.013703457587681434
2025-07-08,0.0614699155099978,1.2338154567693038,-0.010777562614029734
2025-07-09,0.05878987977284063,0.6076489646510019,-0.017357712336232067
2025-07-10,0.0611309349609188,0.3180990493252627,-0.009888127271916791
2025-07-11,0.060351068660109884,-0.37863781511516986,-0.006471322848322081
2025-07-14,0.06036350477464268,-0.6797896245788012,-0.010576677318180683
2025-07-15,0.061113952857070934,0.052220507072246715,-0.007735961751902609
2025-07-16,0.05958900663853128,0.25160303743217316,-0.014238935932616381
2025-07-17,0.058430214320422426,0.4239245999167179,-0.013312369452320283
2025-07-18,0.05325066241600213,0.3336237204877099,-0.023657373421699268
2025-07-21,0.0542127770308779,-0.024381772889127618,-0.021765111838552897
2025-07-22,0.056194034308586584,0.07238302675309291,-0.01490746485753669
2025-07-23,0.06150634117136567,-0.31305314045342525,-0.007161598262540481
2025-07-24,0.061533204375830985,-0.6979723109208017,-0.008921728582228283
2025-07-25,0.06053712923028263,-0.8884039450439283,-0.01287208930354411
2025-07-28,0.06247827552315753,-0.5055490932654204,-0.01777329516245718
2025-07-29,0.0597206920951325,-0.303973513062272,-0.02593491422207772
2025-07-30,0.05818234035465426,-0.2560766175280297,-0.034152344895223674
2025-07-31,0.06479727899910782,-0.33233254821958075,-0.027472716883587323
2025-08-01,0.058903907920563756,-0.693279114921215,-0.03345594495527293
2025-08-04,0.062317931842607685,0.12447036280624546,-0.03154987791963959
2025-08-05,0.061701421271873856,0.8921758514331337,-0.035104319565142594
2025-08-06,0.06772065767651923,1.0060765310709887,-0.033857091449612575
2025-08-07,0.06467337728236934,1.8756381680748202,-0.0412175992377255
2025-08-08,0.06623633388288222,1.0585505629663468,-0.041302137754747115
2025-08-11,0.06797709887663159,1.5315303147743782,-0.03324868744284182
2025-08-12,0.06611953872356441,0.8120179553200166,-0.04176376928516845
2025-08-13,0.06682204609698737,0.5753754991168052,-0.041325773887665895
2025-08-14,0.06412297686081536,0.29885361704071367,-0.05029329266294902
2025-08-15,0.06306302814305495,0.5151727502807335,-0.04818448207756987
2025-08-18,0.058871281952976744,-0.10437191430802721,-0.05757172401212718
2025-08-19,0.054798808625032294,-0.07808343882062826,-0.06715953773861438
2025-08-20,0.05833818340604706,0.22581828505289894,-0.06891099643681309
2025-08-21,0.06120314993830498,-0.05172841701439854,-0.06881396746269508
2025-08-22,0.06433028965150443,-0.26089458839793633,-0.06244155450088584
2025-08-25,0.059757976787440256,-1.083643112709629,-0.07174790071155923
2025-08-26,0.05519367954792227,-0.9648451220639231,-0.07930950052784824
2025-08-27,0.05988511916890173,-0.34647548203041045,-0.0771784676401267
2025-08-28,0.05933851201108548,-0.6704114723120621,-0.06937664261013254
2025-08-29,0.055269703444209575,-0.6882214436214682,-0.08036078372649103
2025-09-01,0.05396736294007517,-1.6828221792160052,-0.07853901713532008
2025-09-02,0.05540936373389868,-1.373037825149934,-0.0847332536306813
2025-09-03,0.05888303895107388,-1.1657162620103771,-0.06866255082269568
2025-09-04,0.05789112971222739,-1.3276648758741971,-0.066119443440804
2025-09-05,0.06415937678021345,-1.9547069570687998,-0.0450650731914527
2025-09-08,0.057366657981699515,-1.6117143406026135,-0.06301811143407887
2025-09-09,0.05990295012374944,-1.4142865698878317,-0.06069577832574968
2025-09-10,0.06152807071332867,-1.1895193124453012,-0.05199332236984777
2025-09-11,0.06230047006141566,-1.343368928183668,-0.0536411316855363
2025-09-12,0.057590527973685565,-1.5703758156834544,-0.06332427664092044
2025-09-15,0.05396538704646902,-1.3692768822847308,-0.06312928425922004
2025-09-16,0.05469840246772104,-1.1503651794743426,-0.061127175382498455
2025-09-17,0.05215561029909391,-1.1539524450847574,-0.06660565239454497
2025-09-18,0.05290225691434219,-0.9360816707315256,-0.07411541174075442
2025-09-19,0.05168846944746764,-1.1170062881141196,-0.07413980022543143
2025-09-22,0.05376856524422947,-1.0042694573892055,-0.07206734135639559
2025-09-23,0.049995125729235014,-1.1021853393749934,-0.07830180125509079
2025-09-24,0.04980486703864444,-1.3472287127468001,-0.07427785829406641
2025-09-25,0.04151582711679914,-1.089474813432925,-0.08249896569294368
2025-09-26,0.04192473072672323,-1.614409872522063,-0.08387715697333842
2025-09-29,0.04666066740998133,-1.4059120856052447,-0.0759989980850364
2025-09-30,0.042605118679762494,-2.113703617506009,-0.08802463179929365
2025-10-09,0.04225510524827513,-1.7615879157573755,-0.09856887593064001
2025-10-10,0.03684228884227205,-2.0346691362232505,-0.10338978151153988
2025-10-13,0.040774389326507274,-2.04856931845467,-0.08457371737215169
2025-10-14,0.04077853088255968,-1.7786458264178766,-0.08661193405290446
2025-10-15,0.04250461206708192,-1.9748639967755572,-0.06940140117867721
2025-10-16,0.04153377822326111,-1.7618106369157798,-0.07178359243041343
2025-10-17,0.04193642078392612,-1.7591870637817306,-0.06497283006463139
2025-10-20,0.05175684601740326,-1.6583177879897566,-0.05171809052873255
2025-10-21,0.04932324529898003,-1.8875698403628025,-0.055831549860856255
2025-10-22,0.04556368546514197,-1.9972215172775254,-0.05791558268092789
2025-10-23,0.04396060932769531,-1.3006472671864429,-0.0538840320060584
2025-10-24,0.04649999352547799,-1.1512847319915327,-0.03894537654945329
2025-10-27,0.04267967917883756,-1.489996439703394,-0.05427032992053071
2025-10-28,0.03936539438554505,-1.7063929071298778,-0.05820935032739427
2025-10-29,0.04277520105843631,-1.27404995760956,-0.05759519500600507
2025-10-30,0.04010450950628038,-1.6961086965495427,-0.06912796498714546
2025-10-31,0.03743307525727497,-1.7730154789022565,-0.07030343074713241
2025-11-03,0.04335604460788282,-1.5590888197108559,-0.06873388024899285
2025-11-04,0.04124563837490365,-1.1104044291024318,-0.07114075358965699
2025-11-05,0.0420771019617008,-1.2135986876586082,-0.06708699931750706
2025-11-06,0.04165847530236604,-0.9702540192538232,-0.0670612465637096
2025-11-07,0.042623175176453774,-1.332948417765172,-0.07437002645100543
2025-11-10,0.04246433866842583,-0.787553017869836,-0.07606087790783889
2025-11-11,0.04215083049489196,-1.3244217045287932,-0.0734978811733017
2025-11-12,0.04491226270315158,-0.6565671996504718,-0.06960125940378037
2025-11-13,0.046895927848184,-0.9523678877540889,-0.06454312893150471
2025-11-14,0.046834575182568665,-0.7691574131071777,-0.07546485119531221
2025-11-17,0.04954867613342276,-0.26353242570426577,-0.06579287667440148
2025-11-18,0.049161431933400085,-0.39044162276280714,-0.07638353320767755
2025-11-19,0.05413291829967645,0.19196148474710523,-0.07283762315101339
2025-11-20,0.0537467292069751,-0.045605154169148225,-0.0733144469323771
2025-11-21,0.05049876402284723,-0.5881741989426544,-0.06855670178388551
2025-11-24,0.04845756793226431,-0.6406533950803702,-0.05624111492505701
2025-11-25,0.053189235721780886,-0.5451815995242035,-0.059434857488010806
2025-11-26,0.05400427713384292,0.1111879554014678,-0.06701475881276253
2025-11-27,0.05188334896541271,-0.4678226007985324,-0.06508181040027838
2025-11-28,0.053642157208665345,-0.507353431522617,-0.06377177045759197
2025-12-01,0.05675026813019712,0.20818140453570508,-0.069457371928068
2025-12-02,0.055040838696455485,-0.6741368756116783,-0.07492201354442263
2025-12-03,0.06001415035758847,-0.4796954143339021,-0.06833361149037553
2025-12-04,0.05708498473279893,-0.38214744411797563,-0.06491555470232035
2025-12-05,0.056683706121331605,-0.3944967524660984,-0.0699225725987529
2025-12-08,0.04779112749160846,-0.602236084345593,-0.07500703086905802
2025-12-09,0.04984891981867382,-0.6727657960614455,-0.08123776975714225
2025-12-10,0.048191148806327126,-0.5203103303024582,-0.08010906012328733
2025-12-11,0.0447636939311473,-0.3579047869976497,-0.08114954590602863
2025-12-12,0.04632795968284051,-0.4275177889331969,-0.07954466772850999
2025-12-15,0.04542451855429926,-0.8632352317274123,-0.08658086228078965
2025-12-16,0.04658907024804544,-0.16081162769430543,-0.08367344831641443
2025-12-17,0.051154168189417606,0.02917418581886001,-0.07312172767468206
2025-12-18,0.050794974953127146,-0.596715660020815,-0.07966074570369985
2025-12-19,0.05364879833718804,-0.03472888857868104,-0.07488628890803795
2025-12-22,0.054949629312723486,0.1786752922629159,-0.07389736301296845
2025-12-23,0.05078832505556336,-0.4038993866381542,-0.08132708389957366
2025-12-24,0.05664358159688719,0.021858260379279067,-0.08391859374464472
2025-12-25,0.052903887980212186,0.5509871779793443,-0.08523348148168464
2025-12-26,0.05458466609466579,1.239058960907447,-0.08573265402501873
2025-12-29,0.0524610667627702,0.6314574416681913,-0.09149234711327348
2025-12-30,0.04655340638533881,0.30916049519380495,-0.09536952317068625
2025-12-31,0.04960823367190503,0.5990838630329055,-0.09787193027368812
2026-01-05,0.051539927117404856,0.26097197264431765,-0.09321617536827376
2026-01-06,0.05181132891004502,-0.520426624900251,-0.10294407984914389
2026-01-07,0.04505383293768146,-0.869784413519285,-0.10696641224757364
2026-01-08,0.04497557991796771,-0.10461905203591823,-0.11404761308555833
2026-01-09,0.04048948369976587,0.07714289331717435,-0.11270520352214897
2026-01-12,0.03903581052009615,0.6364142089507905,-0.11576311385884175
2026-01-13,0.031907633093290894,0.5292812697247994,-0.13309635562012956
2026-01-14,0.03095889238086346,0.4908327120277831,-0.11875630349939637
2026-01-15,0.028558481325791373,0.25988657888687694,-0.1250064548377513
2026-01-16,0.0331476094936219,0.0018120950651065039,-0.12164626264278489
2026-01-19,0.03354834233502656,-0.835928640199447,-0.1233618699260497
2026-01-20,0.033123511039385774,-0.3501410221791205,-0.12323324551931225
2026-01-21,0.044111685649980574,-0.510629799800432,-0.1106473629001592
2026-01-22,0.04451303220078247,-0.583872610866543,-0.1195116993527896
2026-01-23,0.042962668347315394,-0.7037866443723526,-0.12114897243308242
2026-01-26,0.04479077092805398,-0.26633523229357525,-0.13221130830835648
2026-01-27,0.04569967947114598,-0.38970988616396346,-0.1194398108092285
2026-01-28,0.0392816246961407,-0.38417745320694935,-0.12907186663088843
2026-01-29,0.03675377098138388,-1.1315441766338006,-0.1311013625841172
2026-01-30,0.03896707140880126,-1.2328988677027544,-0.1173710617874002
2026-02-02,0.040997043850037045,-0.895613287714492,-0.11133719887143323
2026-02-03,0.04196179481101125,-1.5138382289694599,-0.09835441130058964
2026-02-04,0.03483018444208073,-0.9181389686416324,-0.11576197855775594
2026-02-05,0.03583358279264895,-0.7846675175912854,-0.10488629309053077
2026-02-06,0.0400848349396788,-0.8318571650618706,-0.08547296471890264
2026-02-09,0.03799925605296396,-0.37900046847423846,-0.0854451299233211
2026-02-10,0.03695003384240383,-0.12486322878617274,-0.09814378283468705
2026-02-11,0.0343539705782299,0.6491402960105087,-0.10066174659683447
2026-02-12,0.039890213233914826,0.3808606336709044,-0.09835244657719211
2026-02-13,0.032899536749055276,0.0506643555961378,-0.11262955790179752
2026-02-24,0.03301488837730664,0.1490038061849107,-0.11072657552732423
2026-02-25,0.03141764699304076,-0.3013749181022056,-0.11565356525423676
2026-02-26,0.026472614378676856,-0.2892480040957193,-0.12640106148946795
2026-02-27,0.024258415220467885,0.064771224989951,-0.13764374430510107
2026-03-02,0.024781212333123376,0.046262003476861845,-0.13939443020125286
2026-03-03,0.022055410044378346,-0.3891488511243485,-0.14014336207617029
2026-03-04,0.026201224603330506,-0.6576298640247745,-0.11753839229871188
2026-03-05,0.023253546920324872,-0.6745234747970256,-0.12777449126060914
2026-03-06,0.025343078757747765,-0.2746225574911648,-0.13049372078725674
2026-03-09,0.02521119120883366,0.22181549284120244,-0.12156366601840118
2026-03-10,0.02030192129646188,-0.4838470060970074,-0.12437246292309723
2026-03-11,0.021309366170366276,0.13828343782605643,-0.12702105957027965
2026-03-12,0.02407477827534589,0.09011515416178725,-0.1288463677141406
2026-03-13,0.031229967637479816,-0.01994857927068018,-0.13029105652080775
2026-03-16,0.03613136774168723,-0.18924117929528408,-0.11952794188928006
2026-03-17,0.03768318188886004,-0.7027821602220373,-0.11618870513715696
2026-03-18,0.04150756828805162,-0.9071559908739046,-0.10076581551003416
2026-03-19,0.040130481612099186,-0.7867403188054984,-0.1091551351600607
2026-03-20,0.03775112536442739,-0.7268654668196982,-0.10962879089127853
2026-03-23,0.03420569390995214,-0.8465549003144625,-0.11016497486504584
2026-03-24,0.0336325975674342,-1.0736894300050601,-0.11178428222533854
2026-03-25,0.030873706413288297,-0.6733833297537928,-0.10740777039033533
2026-03-26,0.03010276598389171,-0.4031294895153655,-0.10865066615893859
2026-03-27,0.032833211602261485,-0.39432372176060004,-0.10782290315264176
2026-03-30,0.033299398923738135,0.001903787107116378,-0.10193809608371496
2026-03-31,0.0362948909618365,0.07812771093267237,-0.10412864065172944
2026-04-01,0.042839794806739585,-0.5272257622824496,-0.08996185685906599
2026-04-02,0.0456677960783381,-0.5301739315295898,-0.08445884808147353
2026-04-03,0.047330530823738316,-0.05854068675247113,-0.07553027242733745
2026-04-07,0.046261831145577505,0.2523335943786064,-0.0798601580359053
2026-04-08,0.04568394787105692,-0.011416987746180534,-0.0795490970350845
2026-04-09,0.04817308457312326,-0.6672371455406667,-0.07704055653396535
2026-04-10,0.04539644266634644,0.1590167541304311,-0.08496826395677182
2026-04-13,0.04733397999122534,-0.796931961897034,-0.08550975695485896
2026-04-14,0.045320592719625255,-0.6447879468176919,-0.09180564597520513
2026-04-15,0.047080069279291654,-0.44150761648389647,-0.09030226168628386
2026-04-16,0.056032832574260706,-0.2956758275778696,-0.0890810911317097
2026-04-17,0.04812780736554447,-0.10382011732357987,-0.08794673282059084
2026-04-20,0.05050812350542642,-0.026066561358781035,-0.09453907739720413
2026-04-21,0.04504756527637045,-0.09373790490658769,-0.09422935703284452
2026-04-22,0.041933100136471564,-0.05677272312984357,-0.09157998903113229
2026-04-23,0.03525913163682964,-0.040166225821680286,-0.10422088470571467
2026-04-24,0.032261222978099975,-0.06165825339434852,-0.0997190087467884
2026-04-27,0.035073353879172466,-0.5216755271675751,-0.09944266630317466
2026-04-28,0.03648911608102669,-0.4446907982496029,-0.09765961201771745
2026-04-29,0.03972123022419722,-0.24607889733841798,-0.09638274526590662
2026-04-30,0.037383797612539765,-0.6046936659263148,-0.10327205281498042
2026-05-06,0.04130663248383153,-0.5682203781266199,-0.10159659623796302
2026-05-07,0.03962176696365415,-0.8275317615676206,-0.11691196472221521
2026-05-08,0.032108216075475614,-0.196474501772344,-0.12084311448931795
2026-05-11,0.031560566447095505,0.1106474227034277,-0.11606203171276841
2026-05-12,0.02816717545974962,-0.5571575929413786,-0.11937544085948448
2026-05-13,0.03280978169831621,-0.44521642517621546,-0.12773274708025262
2026-05-14,0.026412997985844133,-0.5283240845998659,-0.1334989039929616
2026-05-15,0.022725544369353312,-0.3135881170344383,-0.1276442300353644
2026-05-18,0.02238676879119463,-0.51991209382429,-0.1257106330011094
2026-05-19,0.023933876639945874,-0.2721821656762793,-0.13870737236039898
2026-05-20,0.023127360857778986,-0.08300570516014003,-0.13959427034516758
2026-05-21,0.018224376608692763,0.038804776299076194,-0.14602416222535763
2026-05-22,0.02734577081992039,-0.40815813420554153,-0.13130303363476148
2026-05-25,0.020472637588836225,-0.7110357187164482,-0.14741561165221706
2026-05-26,0.02025373531829426,-0.8423824731863182,-0.16027246235975157
2026-05-27,0.024244754010366347,-0.9746637219042841,-0.15756265731541463
2026-05-28,0.02745775020503466,-1.1294077489451493,-0.15926131065655902
2026-05-29,0.02501354412917036,-0.8316120671863142,-0.1721043888054714
2026-06-01,0.0290115426742052,-1.029409545210618,-0.1582296617984147
2026-06-02,0.028780043315319005,-1.1067837959952271,-0.14153587020325364
2026-06-03,0.02938736408328595,-1.14606441667358,-0.16151320468139818
2026-06-04,0.02498964270228538,-0.9285985095955362,-0.17764945419328615
2026-06-05,0.018405619947972154,-0.5194624962783692,-0.18691297336600843
2026-06-08,0.024297303334370014,-0.684160227751219,-0.17444986110449334
2026-06-09,0.0251269748411715,-0.6705031471132821,-0.1753467911440847
2026-06-10,0.019813890649115054,-0.2743421402541631,-0.1955174679596443
2026-06-11,0.020237424154434247,-0.3215634375768333,-0.1851939761857233
2026-06-12,0.014967216204455874,0.021787578693169583,-0.18181895467152331
2026-06-15,0.01932403659205716,-0.42292700258496485,-0.16460184851051884
2026-06-16,0.010013005206798448,-0.8249054749430099,-0.19255461032139876
2026-06-17,0.009278951761193343,0.10497661460006312,-0.20717633677853575
2026-06-18,0.004298114143958197,0.16555156676115168,-0.22115562136967748
2026-06-22,0.0011806801503914028,-0.9784893571332609,-0.22611055310088612
2026-06-23,0.0009439218202959204,-0.850217087977482,-0.23993278102182458
2026-06-24,0.00684910945637284,-0.7551281900021938,-0.2231204223605231
2026-06-25,-0.0003787962351475558,-0.5134339231763975,-0.24393119456277268
2026-06-26,-0.006717055479137803,-0.9555126285076522,-0.26068271063771453
2026-06-29,-0.007391463029947115,-0.46309852628727644,-0.26009878895755945
2026-06-30,-0.005953810873280579,-0.44844259081457827,-0.2469745679046893
2026-07-01,-0.014919216785562078,-1.3642611200844699,-0.2602408163917004
2026-07-02,-0.013325079378151368,-1.2368102719235172,-0.24359785194460148
2026-07-03,-0.007154931972059031,-1.3228558067827734,-0.2227301362625025
2026-07-06,-0.0020222611084261535,-1.1722973155134326,-0.20312296296304333
2026-07-07,0.0012484939583210142,-1.1209068583343282,-0.1989788212238328
2026-07-08,-0.00019341307497508116,-1.1715383912453956,-0.20864724758442665
2026-07-09,0.008184963055482435,-1.4811300728139354,-0.20431220310968956
2026-07-10,0.002703023540079952,-1.9438467440024527,-0.2258055602594804
2026-07-13,0.011458093209425202,-1.7356110788663945,-0.19732107411524058
2026-07-14,0.018597899775419764,-1.824203675844321,-0.1840105701797501
2026-07-15,0.015597342594283008,-2.396032501843447,-0.19341888712539068
2026-07-16,0.02229336772344909,-2.1556361912742603,-0.17175419255146318
2026-07-17,0.028475682231559777,-2.0944905022854727,-0.14820593842639873
2026-07-20,0.03193756016795667,-2.3904496981590024,-0.13167551995496996
2026-07-21,0.03048049757752987,-2.359135450703639,-0.10876373763207148
2026-07-22,0.03703481758341,-2.2597609749596073,-0.1336254997093863
2026-07-23,0.030644176638553906,-2.2351453810719693,-0.13034208684900328
2026-07-24,0.031895116452635146,-2.1541704803876787,-0.11467816904584005
2026-07-27,0.03248077602892286,-1.8355271522927628,-0.11254552153421415
2026-07-28,0.033237523455485835,-1.512136376669595,-0.11302699469916289
2026-07-29,0.030782011753383683,-1.8230997516557343,-0.09906509040360312
2026-07-30,0.03443578840092092,-1.75313682962406,-0.09427228881488703
2026-07-31,0.03456390604628988,-2.256411925504194,-0.08222779027704619
2026-08-03,0.039530793707174904,-1.799100928072893,-0.08607192127450825
2026-08-04,0.034484532463195564,-1.499111858814305,-0.07579003715467236
2026-08-05,0.04082910345862609,-1.59253549547238,-0.07640712713174247
2026-08-06,0.046635782927752625,-1.8794148626697675,-0.0737955490515112
2026-08-07,0.051172192651388976,-0.9143887893793412,-0.07696107500046312
2026-08-10,0.04434895420229011,-0.8012593708325942,-0.07870972282578892
2026-08-11,0.04616855261411173,-0.7812642950734836,-0.08624675990150432
2026-08-12,0.04859878827774435,-0.20043223259650803,-0.08528501638304498
2026-08-13,0.04502410858066884,0.07119179831906261,-0.08154691975005335
2026-08-14,0.04829099727180794,-0.049233005160242614,-0.08510542744971239
2026-08-17,0.03798418944993657,0.419177335292531,-0.08738457366788699
2026-08-18,0.04249538601388317,-0.1970258209385403,-0.08319443243530034
2026-08-19,0.045104357472861234,0.4025611549964472,-0.07142217497785164
2026-08-20,0.050489290987526615,-0.4926461531211121,-0.07210301366976446
2026-08-21,0.05188070205871889,0.2441402826283277,-0.07291007045125775
2026-08-24,0.054103057724946474,0.059642255997712335,-0.07240400873585395
2026-08-25,0.05379702028008416,-0.6852914695466052,-0.06816201099762653
2026-08-26,0.05303163567646272,0.19441455595491255,-0.06052272925692659
2026-08-27,0.05951211915905856,-0.33390299509855453,-0.05977157457772653
2026-08-28,0.0554959527455456,-0.24575407900282548,-0.07000999505344707
2026-08-31,0.06174589410760414,0.31113311665498744,-0.07098298827924643
2026-09-01,0.05527092035336423,-0.1807826701014936,-0.07289972415296564
2026-09-02,0.056407735468403955,0.011689783314254519,-0.06924688915967236
2026-09-03,0.06293299650447727,-0.2880500481860708,-0.07019235068417484
2026-09-04,0.058694496763727656,0.42866367875247524,-0.07238185164843103
2026-09-07,0.06564860028410514,0.4456256834513074,-0.06094911664974534
2026-09-08,0.05525849108400009,-0.3322188705826664,-0.07091215822433516
2026-09-09,0.05970464340027331,0.6035855451058721,-0.07487877376912322
2026-09-10,0.06346396540940538,1.025803069070364,-0.08173815909362803
2026-09-11,0.07073042960728253,1.0632387305822586,-0.08620954380125867
2026-09-14,0.07418476637633747,-0.04338532169217978,-0.08181938046729875
2026-09-15,0.07646249904892441,0.7727389677867325,-0.07922918246188537
2026-09-16,0.06938491779577308,0.6244584483058897,-0.08002271945389183
2026-09-17,0.07204915065132025,0.20180457056045045,-0.08600581542726116
2026-09-18,0.07817155978978706,0.4687883295229948,-0.07636909835528194
