datetime,ret,n_hold,turnover,hold
2020-01-03,-0.010377,3,0.500000,"SH600449,SZ000931,SZ002597"
2020-01-06,-0.008642,3,0.000000,"SH600449,SZ000931,SZ002597"
2020-01-07,0.000250,3,0.000000,"SH600449,SZ000931,SZ002597"
2020-01-08,-0.018114,3,0.000000,"SH600449,SZ000931,SZ002597"
2020-01-09,0.016574,3,0.000000,"SH600449,SZ000931,SZ002597"
2020-01-10,0.012355,3,0.333333,"SH600449,SZ000931,SH600323"
2020-01-13,-0.007599,3,0.000000,"SH600449,SZ000931,SH600323"
2020-01-14,0.029428,3,0.000000,"SH600449,SZ000931,SH600323"
2020-01-15,0.000256,3,0.333333,"SH600449,SH600323,SH600933"
2020-01-16,-0.003146,3,0.000000,"SH600449,SH600323,SH600933"
2020-01-17,0.000915,3,0.000000,"SH600449,SH600323,SH600933"
2020-01-20,0.002549,3,0.000000,"SH600449,SH600323,SH600933"
2020-01-21,-0.012253,3,0.000000,"SH600449,SH600323,SH600933"
2020-01-22,0.010931,3,0.333333,"SH600323,SH600933,SZ002254"
2020-01-23,-0.027015,3,0.000000,"SH600323,SH600933,SZ002254"
2020-02-03,-0.075089,3,0.000000,"SH600323,SH600933,SZ002254"
2020-02-04,-0.013681,0,0.500000,
2020-02-05,0.000000,0,0.000000,
2020-02-06,0.000000,0,0.000000,
2020-02-07,-0.006317,3,0.500000,"SH603318,SZ300630,SZ000688"
2020-02-10,0.025738,3,0.000000,"SH603318,SZ300630,SZ000688"
2020-02-11,-0.003696,3,0.000000,"SH603318,SZ300630,SZ000688"
2020-02-12,0.014449,3,0.000000,"SH603318,SZ300630,SZ000688"
2020-02-13,-0.003540,3,0.000000,"SH603318,SZ300630,SZ000688"
2020-02-14,-0.020498,3,0.000000,"SH603318,SZ300630,SZ000688"
2020-02-17,0.048745,3,0.000000,"SH603318,SZ300630,SZ000688"
2020-02-18,0.007846,3,0.333333,"SH603318,SZ000688,SH600290"
2020-02-19,-0.019836,3,0.000000,"SH603318,SZ000688,SH600290"
2020-02-20,0.025435,3,0.000000,"SH603318,SZ000688,SH600290"
2020-02-21,0.018452,3,0.000000,"SH603318,SZ000688,SH600290"
2020-02-24,-0.009306,3,0.333333,"SH603318,SH600290,SH603222"
2020-02-25,-0.020996,3,0.000000,"SH603318,SH600290,SH603222"
2020-02-26,-0.001605,3,0.000000,"SH603318,SH600290,SH603222"
2020-02-27,-0.009497,3,0.000000,"SH603318,SH600290,SH603222"
2020-02-28,-0.044947,3,0.333333,"SH603318,SH603222,SZ002656"
2020-03-02,0.039686,3,0.333333,"SH603318,SH603222,SZ000662"
2020-03-03,-0.000507,3,0.000000,"SH603318,SH603222,SZ000662"
2020-03-04,0.008522,3,0.000000,"SH603318,SH603222,SZ000662"
2020-03-05,0.019619,3,0.000000,"SH603318,SH603222,SZ000662"
2020-03-06,-0.002585,3,0.000000,"SH603318,SH603222,SZ000662"
2020-03-09,-0.031911,3,0.000000,"SH603318,SH603222,SZ000662"
2020-03-10,0.015269,3,0.000000,"SH603318,SH603222,SZ000662"
2020-03-11,0.005493,3,0.000000,"SH603318,SH603222,SZ000662"
2020-03-12,-0.019957,3,0.000000,"SH603318,SH603222,SZ000662"
2020-03-13,-0.023568,3,0.000000,"SH603318,SH603222,SZ000662"
2020-03-16,-0.037869,3,0.000000,"SH603318,SH603222,SZ000662"
2020-03-17,-0.001349,0,0.500000,
2020-03-18,0.000000,0,0.000000,
2020-03-19,0.000000,0,0.000000,
2020-03-20,0.000000,0,0.000000,
2020-03-23,0.000000,0,0.000000,
2020-03-24,0.000000,0,0.000000,
2020-03-25,0.000000,0,0.000000,
2020-03-26,0.000000,0,0.000000,
2020-03-27,0.000000,0,0.000000,
2020-03-30,0.000000,0,0.000000,
2020-03-31,0.000000,0,0.000000,
2020-04-01,0.000000,0,0.000000,
2020-04-02,0.000000,0,0.000000,
2020-04-03,0.000000,0,0.000000,
2020-04-07,0.000000,0,0.000000,
2020-04-08,0.000000,0,0.000000,
2020-04-09,0.000000,0,0.000000,
2020-04-10,-0.029739,3,0.500000,"SH600734,SH603318,SH600491"
2020-04-13,-0.004103,0,0.500000,
2020-04-14,0.000000,0,0.000000,
2020-04-15,0.000000,0,0.000000,
2020-04-16,0.000000,0,0.000000,
2020-04-17,0.000000,0,0.000000,
2020-04-20,0.000000,0,0.000000,
2020-04-21,-0.005185,3,0.500000,"SH600734,SH600668,SH603318"
2020-04-22,0.006994,3,0.000000,"SH600734,SH600668,SH603318"
2020-04-23,-0.015079,3,0.000000,"SH600734,SH600668,SH603318"
2020-04-24,-0.035239,3,0.000000,"SH600734,SH600668,SH603318"
2020-04-27,0.001798,0,0.500000,
2020-04-28,0.000000,0,0.000000,
2020-04-29,0.000000,0,0.000000,
2020-04-30,0.000000,0,0.000000,
2020-05-06,0.000000,0,0.000000,
2020-05-07,-0.004850,3,0.500000,"SH600175,SH600734,SZ000687"
2020-05-08,0.013718,3,0.000000,"SH600175,SH600734,SZ000687"
2020-05-11,-0.048517,3,0.333333,"SH600175,SH600734,SZ300178"
2020-05-12,-0.046745,3,0.333333,"SH600734,SZ300178,SH603298"
2020-05-13,-0.019364,3,0.000000,"SH600734,SZ300178,SH603298"
2020-05-14,-0.017051,3,0.000000,"SH600734,SZ300178,SH603298"
2020-05-15,-0.031358,3,0.000000,"SH600734,SZ300178,SH603298"
2020-05-18,-0.029487,3,0.000000,"SH600734,SZ300178,SH603298"
2020-05-19,0.029944,3,0.000000,"SH600734,SZ300178,SH603298"
2020-05-20,0.060188,3,0.333333,"SH600734,SH603298,SZ000687"
2020-05-21,0.005000,3,0.000000,"SH600734,SH603298,SZ000687"
2020-05-22,-0.052608,3,0.000000,"SH600734,SH603298,SZ000687"
2020-05-25,-0.049997,1,0.333333,SH600734
2020-05-26,0.016381,1,0.000000,SH600734
2020-05-27,0.033423,3,0.333333,"SH600734,SZ300178,SZ000687"
2020-05-28,0.015652,3,0.000000,"SH600734,SZ300178,SZ000687"
2020-05-29,-0.020686,0,0.500000,
2020-06-01,0.021862,3,0.500000,"SZ300178,SH600734,SZ002698"
2020-06-02,-0.000114,3,0.000000,"SZ300178,SH600734,SZ002698"
2020-06-03,0.003178,3,0.000000,"SZ300178,SH600734,SZ002698"
2020-06-04,-0.002933,3,0.333333,"SH600734,SZ002698,SH600750"
2020-06-05,0.038796,3,0.000000,"SH600734,SZ002698,SH600750"
2020-06-08,0.053709,3,0.000000,"SH600734,SZ002698,SH600750"
2020-06-09,-0.000065,3,0.333333,"SZ002698,SH600750,SH603733"
2020-06-10,0.010347,3,0.000000,"SZ002698,SH600750,SH603733"
2020-06-11,-0.023324,3,0.000000,"SZ002698,SH600750,SH603733"
2020-06-12,-0.002230,3,0.000000,"SZ002698,SH600750,SH603733"
2020-06-15,0.004155,3,0.333333,"SZ002698,SH603733,SH603555"
2020-06-16,0.004705,3,0.000000,"SZ002698,SH603733,SH603555"
2020-06-17,0.020788,3,0.000000,"SZ002698,SH603733,SH603555"
2020-06-18,0.010206,3,0.333333,"SZ002698,SH603555,SZ300441"
2020-06-19,-0.013217,3,0.000000,"SZ002698,SH603555,SZ300441"
2020-06-22,0.009821,3,0.000000,"SZ002698,SH603555,SZ300441"
2020-06-23,-0.004086,3,0.333333,"SZ002698,SH603555,SH600308"
2020-06-24,-0.006615,3,0.000000,"SZ002698,SH603555,SH600308"
2020-06-29,-0.002694,3,0.000000,"SZ002698,SH603555,SH600308"
2020-06-30,0.003044,3,0.333333,"SZ002698,SH600308,SZ000582"
2020-07-01,-0.001488,3,0.000000,"SZ002698,SH600308,SZ000582"
2020-07-02,0.010715,3,0.000000,"SZ002698,SH600308,SZ000582"
2020-07-03,0.010226,3,0.000000,"SZ002698,SH600308,SZ000582"
2020-07-06,0.036564,3,0.000000,"SZ002698,SH600308,SZ000582"
2020-07-07,-0.000494,3,0.333333,"SZ002698,SZ000582,SH601222"
2020-07-08,0.038349,3,0.333333,"SZ000582,SH601222,SH600308"
2020-07-09,0.030292,3,0.333333,"SZ000582,SH600308,SH601369"
2020-07-10,-0.012539,3,0.666667,"SH601369,SH600577,SZ000801"
2020-07-13,0.060016,3,0.000000,"SH601369,SH600577,SZ000801"
2020-07-14,0.004300,3,0.333333,"SH601369,SZ000801,SZ002550"
2020-07-15,-0.009755,3,0.000000,"SH601369,SZ000801,SZ002550"
2020-07-16,-0.043370,3,0.000000,"SH601369,SZ000801,SZ002550"
2020-07-17,0.005544,3,0.000000,"SH601369,SZ000801,SZ002550"
2020-07-20,0.056371,3,0.000000,"SH601369,SZ000801,SZ002550"
2020-07-21,-0.007500,3,0.333333,"SZ000801,SZ002550,SZ002672"
2020-07-22,-0.002528,3,0.000000,"SZ000801,SZ002550,SZ002672"
2020-07-23,0.006882,3,0.000000,"SZ000801,SZ002550,SZ002672"
2020-07-24,-0.029838,3,0.000000,"SZ000801,SZ002550,SZ002672"
2020-07-27,-0.000575,3,0.000000,"SZ000801,SZ002550,SZ002672"
2020-07-28,-0.001587,3,0.000000,"SZ000801,SZ002550,SZ002672"
2020-07-29,0.032603,3,0.000000,"SZ000801,SZ002550,SZ002672"
2020-07-30,-0.000983,3,0.000000,"SZ000801,SZ002550,SZ002672"
2020-07-31,0.005596,3,0.000000,"SZ000801,SZ002550,SZ002672"
2020-08-03,0.032581,3,0.000000,"SZ000801,SZ002550,SZ002672"
2020-08-04,0.004966,3,0.000000,"SZ000801,SZ002550,SZ002672"
2020-08-05,0.009694,3,0.000000,"SZ000801,SZ002550,SZ002672"
2020-08-06,0.036468,3,0.000000,"SZ000801,SZ002550,SZ002672"
2020-08-07,0.057422,3,0.333333,"SZ000801,SZ002672,SZ000662"
2020-08-10,-0.010544,3,0.333333,"SZ002672,SZ000662,SZ000667"
2020-08-11,-0.019711,3,0.000000,"SZ002672,SZ000662,SZ000667"
2020-08-12,-0.004807,3,0.000000,"SZ002672,SZ000662,SZ000667"
2020-08-13,0.029348,3,0.000000,"SZ002672,SZ000662,SZ000667"
2020-08-14,0.030862,3,0.333333,"SZ002672,SZ000662,SH600054"
2020-08-17,0.030690,3,0.333333,"SZ000662,SH600054,SH600603"
2020-08-18,-0.000514,3,0.000000,"SZ000662,SH600054,SH600603"
2020-08-19,-0.016925,3,0.000000,"SZ000662,SH600054,SH600603"
2020-08-20,-0.006209,3,0.000000,"SZ000662,SH600054,SH600603"
2020-08-21,0.005459,3,0.000000,"SZ000662,SH600054,SH600603"
2020-08-24,-0.014398,3,0.333333,"SZ000662,SH600054,SH600242"
2020-08-25,-0.007562,3,0.000000,"SZ000662,SH600054,SH600242"
2020-08-26,-0.027458,3,0.000000,"SZ000662,SH600054,SH600242"
2020-08-27,0.024280,3,0.000000,"SZ000662,SH600054,SH600242"
2020-08-28,-0.000355,3,0.000000,"SZ000662,SH600054,SH600242"
2020-08-31,0.009769,3,0.666667,"SH600054,SZ002782,SZ002539"
2020-09-01,-0.001791,3,0.000000,"SH600054,SZ002782,SZ002539"
2020-09-02,0.001079,3,0.000000,"SH600054,SZ002782,SZ002539"
2020-09-03,-0.015000,3,0.000000,"SH600054,SZ002782,SZ002539"
2020-09-04,0.005933,3,0.333333,"SH600054,SZ002782,SH601163"
2020-09-07,0.001796,3,0.000000,"SH600054,SZ002782,SH601163"
2020-09-08,0.006826,3,0.333333,"SH600054,SH601163,SH600546"
2020-09-09,-0.029856,3,0.000000,"SH600054,SH601163,SH600546"
2020-09-10,0.009828,0,0.500000,
2020-09-11,0.000000,0,0.000000,
2020-09-14,0.000000,0,0.000000,
2020-09-15,0.000000,0,0.000000,
2020-09-16,0.000000,0,0.000000,
2020-09-17,0.000000,0,0.000000,
2020-09-18,0.000000,0,0.000000,
2020-09-21,0.000000,0,0.000000,
2020-09-22,0.000000,0,0.000000,
2020-09-23,0.000000,0,0.000000,
2020-09-24,0.000000,0,0.000000,
2020-09-25,0.000000,0,0.000000,
2020-09-28,0.000000,0,0.000000,
2020-09-29,0.000000,0,0.000000,
2020-09-30,0.000000,0,0.000000,
2020-10-09,0.000000,0,0.000000,
2020-10-12,0.000000,0,0.000000,
2020-10-13,0.002329,3,0.500000,"SH603718,SZ002443,SH603896"
2020-10-14,-0.003193,3,0.000000,"SH603718,SZ002443,SH603896"
2020-10-15,-0.013371,3,0.000000,"SH603718,SZ002443,SH603896"
2020-10-16,0.015751,3,0.000000,"SH603718,SZ002443,SH603896"
2020-10-19,0.000753,0,0.500000,
2020-10-20,0.000000,0,0.000000,
2020-10-21,0.000000,0,0.000000,
2020-10-22,0.000000,0,0.000000,
2020-10-23,0.000000,0,0.000000,
2020-10-26,0.000000,0,0.000000,
2020-10-27,0.000000,0,0.000000,
2020-10-28,0.000000,0,0.000000,
2020-10-29,0.000000,0,0.000000,
2020-10-30,0.000000,0,0.000000,
2020-11-02,0.000000,0,0.000000,
2020-11-03,0.000000,0,0.000000,
2020-11-04,0.000000,0,0.000000,
2020-11-05,0.000000,0,0.000000,
2020-11-06,0.000000,0,0.000000,
2020-11-09,0.000000,0,0.000000,
2020-11-10,0.004502,3,0.500000,"SH600894,SH600738,SZ002099"
2020-11-11,0.013753,3,0.000000,"SH600894,SH600738,SZ002099"
2020-11-12,0.003392,0,0.500000,
2020-11-13,0.000000,0,0.000000,
2020-11-16,0.000000,0,0.000000,
2020-11-17,0.000000,0,0.000000,
2020-11-18,0.000000,0,0.000000,
2020-11-19,0.000000,0,0.000000,
2020-11-20,0.000000,0,0.000000,
2020-11-23,0.000000,0,0.000000,
2020-11-24,-0.009321,3,0.500000,"SH600963,SZ000791,SH600308"
2020-11-25,-0.015563,3,0.000000,"SH600963,SZ000791,SH600308"
2020-11-26,-0.002655,0,0.500000,
2020-11-27,0.000000,0,0.000000,
2020-11-30,0.000000,0,0.000000,
2020-12-01,0.000000,0,0.000000,
2020-12-02,0.000000,0,0.000000,
2020-12-03,0.000000,0,0.000000,
2020-12-04,0.000000,0,0.000000,
2020-12-07,0.000000,0,0.000000,
2020-12-08,0.000000,0,0.000000,
2020-12-09,0.000000,0,0.000000,
2020-12-10,0.000000,0,0.000000,
2020-12-11,0.000000,0,0.000000,
2020-12-14,0.000000,0,0.000000,
2020-12-15,0.000000,0,0.000000,
2020-12-16,0.000000,0,0.000000,
2020-12-17,0.000000,0,0.000000,
2020-12-18,0.000000,0,0.000000,
2020-12-21,0.000000,0,0.000000,
2020-12-22,0.000000,0,0.000000,
2020-12-23,0.000000,0,0.000000,
2020-12-24,0.000000,0,0.000000,
2020-12-25,0.000000,0,0.000000,
2020-12-28,0.000000,0,0.000000,
2020-12-29,0.000000,0,0.000000,
2020-12-30,0.000000,0,0.000000,
2020-12-31,0.000000,0,0.000000,
2021-01-04,0.000000,0,0.000000,
2021-01-05,0.011353,3,0.500000,"SZ000900,SH601369,SZ300140"
2021-01-06,-0.022177,3,0.000000,"SZ000900,SH601369,SZ300140"
2021-01-07,0.004609,3,0.000000,"SZ000900,SH601369,SZ300140"
2021-01-08,-0.008980,0,0.500000,
2021-01-11,0.000000,0,0.000000,
2021-01-12,0.000000,0,0.000000,
2021-01-13,0.000000,0,0.000000,
2021-01-14,0.000000,0,0.000000,
2021-01-15,0.000000,0,0.000000,
2021-01-18,0.000000,0,0.000000,
2021-01-19,0.017127,3,0.500000,"SH603718,SZ000796,SH688108"
2021-01-20,-0.007755,0,0.500000,
2021-01-21,0.011265,3,0.500000,"SZ300140,SH603718,SH688108"
2021-01-22,0.031532,3,0.000000,"SZ300140,SH603718,SH688108"
2021-01-25,0.000338,3,0.333333,"SZ300140,SH688108,SZ000796"
2021-01-26,-0.014676,3,0.000000,"SZ300140,SH688108,SZ000796"
2021-01-27,0.002074,0,0.500000,
2021-01-28,0.000000,0,0.000000,
2021-01-29,0.000000,0,0.000000,
2021-02-01,0.000000,0,0.000000,
2021-02-02,0.000000,0,0.000000,
2021-02-03,0.000000,0,0.000000,
2021-02-04,0.000000,0,0.000000,
2021-02-05,0.000000,0,0.000000,
2021-02-08,0.000000,0,0.000000,
2021-02-09,0.000000,0,0.000000,
2021-02-10,0.000000,0,0.000000,
2021-02-18,0.000000,0,0.000000,
2021-02-19,0.000000,0,0.000000,
2021-02-22,0.000000,0,0.000000,
2021-02-23,0.000000,0,0.000000,
2021-02-24,0.000000,0,0.000000,
2021-02-25,0.000000,0,0.000000,
2021-02-26,0.000000,0,0.000000,
2021-03-01,0.000000,0,0.000000,
2021-03-02,0.000000,0,0.000000,
2021-03-03,0.000000,0,0.000000,
2021-03-04,0.004832,3,0.500000,"SZ300038,SZ300603,SH603815"
2021-03-05,-0.000966,0,0.500000,
2021-03-08,0.000000,0,0.000000,
2021-03-09,0.000000,0,0.000000,
2021-03-10,0.000000,0,0.000000,
2021-03-11,0.000000,0,0.000000,
2021-03-12,0.000000,0,0.000000,
2021-03-15,0.000000,0,0.000000,
2021-03-16,0.000000,0,0.000000,
2021-03-17,0.000000,0,0.000000,
2021-03-18,0.000000,0,0.000000,
2021-03-19,0.000000,0,0.000000,
2021-03-22,0.000000,0,0.000000,
2021-03-23,0.000000,0,0.000000,
2021-03-24,0.000000,0,0.000000,
2021-03-25,0.000000,0,0.000000,
2021-03-26,0.000000,0,0.000000,
2021-03-29,0.000000,0,0.000000,
2021-03-30,0.000000,0,0.000000,
2021-03-31,0.000000,0,0.000000,
2021-04-01,0.000000,0,0.000000,
2021-04-02,0.000000,0,0.000000,
2021-04-06,0.000000,0,0.000000,
2021-04-07,0.009351,3,0.500000,"SH688108,SZ300300,SZ300209"
2021-04-08,-0.016444,3,0.000000,"SH688108,SZ300300,SZ300209"
2021-04-09,-0.009568,3,0.000000,"SH688108,SZ300300,SZ300209"
2021-04-12,-0.014898,3,0.000000,"SH688108,SZ300300,SZ300209"
2021-04-13,-0.004122,0,0.500000,
2021-04-14,0.000000,0,0.000000,
2021-04-15,0.000000,0,0.000000,
2021-04-16,0.000000,0,0.000000,
2021-04-19,0.021394,3,0.500000,"SH600123,SZ002597,SH600035"
2021-04-20,-0.012172,3,0.333333,"SH600123,SH600035,SZ300439"
2021-04-21,-0.004029,3,0.000000,"SH600123,SH600035,SZ300439"
2021-04-22,-0.014215,3,0.000000,"SH600123,SH600035,SZ300439"
2021-04-23,-0.006226,3,0.000000,"SH600123,SH600035,SZ300439"
2021-04-26,0.029791,3,0.000000,"SH600123,SH600035,SZ300439"
2021-04-27,-0.043472,3,0.333333,"SH600123,SZ300439,SZ002267"
2021-04-28,0.041941,3,0.333333,"SH600123,SZ002267,SZ300792"
2021-04-29,-0.014002,3,0.000000,"SH600123,SZ002267,SZ300792"
2021-04-30,-0.013478,3,0.000000,"SH600123,SZ002267,SZ300792"
2021-05-06,0.000836,0,0.500000,
2021-05-07,0.036213,3,0.500000,"SH600035,SZ300038,SH600103"
2021-05-10,-0.007972,0,0.500000,
2021-05-11,0.000000,0,0.000000,
2021-05-12,0.000000,0,0.000000,
2021-05-13,0.011432,3,0.500000,"SZ000913,SZ300038,SH600035"
2021-05-14,-0.006190,0,0.500000,
2021-05-17,-0.053851,3,0.500000,"SZ300038,SZ000507,SH600035"
2021-05-18,0.003484,3,0.000000,"SZ300038,SZ000507,SH600035"
2021-05-19,-0.014867,3,0.000000,"SZ300038,SZ000507,SH600035"
2021-05-20,-0.009345,3,0.000000,"SZ300038,SZ000507,SH600035"
2021-05-21,0.008939,3,0.000000,"SZ300038,SZ000507,SH600035"
2021-05-24,0.016992,3,0.000000,"SZ300038,SZ000507,SH600035"
2021-05-25,-0.012066,3,0.000000,"SZ300038,SZ000507,SH600035"
2021-05-26,-0.011719,3,0.000000,"SZ300038,SZ000507,SH600035"
2021-05-27,0.011430,3,0.000000,"SZ300038,SZ000507,SH600035"
2021-05-28,-0.001107,3,0.000000,"SZ300038,SZ000507,SH600035"
2021-05-31,-0.007651,3,0.000000,"SZ300038,SZ000507,SH600035"
2021-06-01,0.005582,3,0.000000,"SZ300038,SZ000507,SH600035"
2021-06-02,-0.014042,3,0.333333,"SZ300038,SH600035,SZ300044"
2021-06-03,0.007282,3,0.000000,"SZ300038,SH600035,SZ300044"
2021-06-04,-0.003496,3,0.000000,"SZ300038,SH600035,SZ300044"
2021-06-07,0.042007,3,0.000000,"SZ300038,SH600035,SZ300044"
2021-06-08,0.048014,3,0.000000,"SZ300038,SH600035,SZ300044"
2021-06-09,0.035544,3,0.000000,"SZ300038,SH600035,SZ300044"
2021-06-10,-0.013896,3,0.000000,"SZ300038,SH600035,SZ300044"
2021-06-11,-0.009256,3,0.000000,"SZ300038,SH600035,SZ300044"
2021-06-15,-0.021548,3,0.000000,"SZ300038,SH600035,SZ300044"
2021-06-16,0.005086,3,0.000000,"SZ300038,SH600035,SZ300044"
2021-06-17,0.022847,3,0.333333,"SZ300038,SH600035,SZ300495"
2021-06-18,-0.015988,3,0.000000,"SZ300038,SH600035,SZ300495"
2021-06-21,0.007960,3,0.000000,"SZ300038,SH600035,SZ300495"
2021-06-22,0.025228,3,0.000000,"SZ300038,SH600035,SZ300495"
2021-06-23,-0.002175,3,0.000000,"SZ300038,SH600035,SZ300495"
2021-06-24,0.033580,3,0.000000,"SZ300038,SH600035,SZ300495"
2021-06-25,0.018065,3,0.000000,"SZ300038,SH600035,SZ300495"
2021-06-28,-0.024809,3,0.000000,"SZ300038,SH600035,SZ300495"
2021-06-29,-0.009051,3,0.000000,"SZ300038,SH600035,SZ300495"
2021-06-30,0.000972,3,1.000000,"SZ000507,SH603956,SZ002649"
2021-07-01,-0.032621,3,0.000000,"SZ000507,SH603956,SZ002649"
2021-07-02,-0.012520,3,0.333333,"SZ000507,SH603956,SH603579"
2021-07-05,0.009587,3,0.000000,"SZ000507,SH603956,SH603579"
2021-07-06,-0.008295,3,0.000000,"SZ000507,SH603956,SH603579"
2021-07-07,-0.002753,3,0.000000,"SZ000507,SH603956,SH603579"
2021-07-08,-0.002669,3,0.333333,"SZ000507,SH603956,SH601827"
2021-07-09,0.018667,3,0.000000,"SZ000507,SH603956,SH601827"
2021-07-12,-0.001065,3,0.333333,"SZ000507,SH601827,SH600688"
2021-07-13,0.006874,3,0.000000,"SZ000507,SH601827,SH600688"
2021-07-14,-0.001786,3,0.000000,"SZ000507,SH601827,SH600688"
2021-07-15,-0.012194,3,0.000000,"SZ000507,SH601827,SH600688"
2021-07-16,-0.010858,3,0.000000,"SZ000507,SH601827,SH600688"
2021-07-19,-0.022834,3,0.666667,"SZ000507,SH600512,SH600284"
2021-07-20,-0.002520,3,0.333333,"SZ000507,SH600512,SZ002611"
2021-07-21,-0.008997,3,0.000000,"SZ000507,SH600512,SZ002611"
2021-07-22,0.011498,3,0.000000,"SZ000507,SH600512,SZ002611"
2021-07-23,0.042132,3,0.000000,"SZ000507,SH600512,SZ002611"
2021-07-26,-0.012858,3,0.333333,"SH600512,SZ002611,SH600618"
2021-07-27,-0.020010,3,0.000000,"SH600512,SZ002611,SH600618"
2021-07-28,-0.045193,3,0.000000,"SH600512,SZ002611,SH600618"
2021-07-29,0.013048,3,0.666667,"SH600512,SZ000913,SZ300572"
2021-07-30,0.031689,3,0.000000,"SH600512,SZ000913,SZ300572"
2021-08-02,0.036326,3,0.000000,"SH600512,SZ000913,SZ300572"
2021-08-03,0.039065,3,0.333333,"SH600512,SZ300572,SZ300846"
2021-08-04,0.004658,3,0.333333,"SZ300572,SZ300846,SH601028"
2021-08-05,-0.018528,3,0.000000,"SZ300572,SZ300846,SH601028"
2021-08-06,-0.019008,3,0.000000,"SZ300572,SZ300846,SH601028"
2021-08-09,0.022161,3,0.000000,"SZ300572,SZ300846,SH601028"
2021-08-10,0.006233,3,0.000000,"SZ300572,SZ300846,SH601028"
2021-08-11,-0.000114,3,0.000000,"SZ300572,SZ300846,SH601028"
2021-08-12,-0.008444,3,0.000000,"SZ300572,SZ300846,SH601028"
2021-08-13,-0.022826,3,0.000000,"SZ300572,SZ300846,SH601028"
2021-08-16,0.020112,3,0.000000,"SZ300572,SZ300846,SH601028"
2021-08-17,-0.034283,3,0.333333,"SZ300572,SZ300846,SH600618"
2021-08-18,0.003549,3,0.000000,"SZ300572,SZ300846,SH600618"
2021-08-19,-0.008725,3,0.000000,"SZ300572,SZ300846,SH600618"
2021-08-20,-0.015182,3,0.000000,"SZ300572,SZ300846,SH600618"
2021-08-23,0.045644,3,0.000000,"SZ300572,SZ300846,SH600618"
2021-08-24,0.000213,3,0.000000,"SZ300572,SZ300846,SH600618"
2021-08-25,0.002088,3,0.000000,"SZ300572,SZ300846,SH600618"
2021-08-26,-0.031823,3,0.000000,"SZ300572,SZ300846,SH600618"
2021-08-27,-0.003761,3,0.000000,"SZ300572,SZ300846,SH600618"
2021-08-30,-0.000884,3,0.000000,"SZ300572,SZ300846,SH600618"
2021-08-31,-0.013723,3,0.000000,"SZ300572,SZ300846,SH600618"
2021-09-01,0.009671,3,0.333333,"SZ300572,SZ300846,SH603416"
2021-09-02,-0.005568,3,0.000000,"SZ300572,SZ300846,SH603416"
2021-09-03,0.015491,3,0.333333,"SZ300572,SZ300846,SH601827"
2021-09-06,0.002848,3,0.333333,"SZ300572,SH601827,SH600575"
2021-09-07,0.001611,3,0.000000,"SZ300572,SH601827,SH600575"
2021-09-08,0.029968,3,0.000000,"SZ300572,SH601827,SH600575"
2021-09-09,-0.001441,3,0.000000,"SZ300572,SH601827,SH600575"
2021-09-10,-0.010567,3,0.000000,"SZ300572,SH601827,SH600575"
2021-09-13,0.020918,3,0.000000,"SZ300572,SH601827,SH600575"
2021-09-14,0.046422,3,0.666667,"SH601827,SZ300598,SH600261"
2021-09-15,0.014286,3,0.333333,"SH601827,SH600261,SH603323"
2021-09-16,-0.008492,3,0.000000,"SH601827,SH600261,SH603323"
2021-09-17,-0.005758,3,0.000000,"SH601827,SH600261,SH603323"
2021-09-22,0.026875,3,0.000000,"SH601827,SH600261,SH603323"
2021-09-23,0.041413,3,0.000000,"SH601827,SH600261,SH603323"
2021-09-24,-0.028381,3,0.333333,"SH600261,SH603323,SH603378"
2021-09-27,0.001348,3,0.000000,"SH600261,SH603323,SH603378"
2021-09-28,-0.001149,0,0.500000,
2021-09-29,0.000000,0,0.000000,
2021-09-30,0.000000,0,0.000000,
2021-10-08,0.000000,0,0.000000,
2021-10-11,0.000000,0,0.000000,
2021-10-12,0.000000,0,0.000000,
2021-10-13,0.000000,0,0.000000,
2021-10-14,0.000000,0,0.000000,
2021-10-15,0.000000,0,0.000000,
2021-10-18,0.000000,0,0.000000,
2021-10-19,0.000000,0,0.000000,
2021-10-20,0.000000,0,0.000000,
2021-10-21,0.000000,0,0.000000,
2021-10-22,0.000000,0,0.000000,
2021-10-25,0.000000,0,0.000000,
2021-10-26,-0.015809,3,0.500000,"SZ300132,SZ000918,SH600775"
2021-10-27,-0.025950,3,0.000000,"SZ300132,SZ000918,SH600775"
2021-10-28,0.001130,0,0.500000,
2021-10-29,0.000000,0,0.000000,
2021-11-01,0.000000,0,0.000000,
2021-11-02,0.000000,0,0.000000,
2021-11-03,0.000000,0,0.000000,
2021-11-04,0.000000,0,0.000000,
2021-11-05,0.000000,0,0.000000,
2021-11-08,0.000000,0,0.000000,
2021-11-09,0.000000,0,0.000000,
2021-11-10,0.011198,3,0.500000,"SZ000036,SZ300768,SZ000923"
2021-11-11,0.011286,3,0.000000,"SZ000036,SZ300768,SZ000923"
2021-11-12,-0.007056,3,0.000000,"SZ000036,SZ300768,SZ000923"
2021-11-15,-0.002174,3,0.000000,"SZ000036,SZ300768,SZ000923"
2021-11-16,-0.012440,3,0.000000,"SZ000036,SZ300768,SZ000923"
2021-11-17,0.005015,3,0.000000,"SZ000036,SZ300768,SZ000923"
2021-11-18,-0.009787,3,0.000000,"SZ000036,SZ300768,SZ000923"
2021-11-19,0.032957,3,0.000000,"SZ000036,SZ300768,SZ000923"
2021-11-22,-0.003346,3,0.000000,"SZ000036,SZ300768,SZ000923"
2021-11-23,0.029540,3,0.000000,"SZ000036,SZ300768,SZ000923"
2021-11-24,-0.000757,3,0.333333,"SZ000036,SZ300768,SZ002556"
2021-11-25,-0.007264,3,0.000000,"SZ000036,SZ300768,SZ002556"
2021-11-26,-0.009434,3,0.000000,"SZ000036,SZ300768,SZ002556"
2021-11-29,-0.003924,3,0.000000,"SZ000036,SZ300768,SZ002556"
2021-11-30,0.029313,3,0.333333,"SZ300768,SZ002556,SZ002698"
2021-12-01,0.004797,3,0.000000,"SZ300768,SZ002556,SZ002698"
2021-12-02,-0.014692,3,0.000000,"SZ300768,SZ002556,SZ002698"
2021-12-03,0.009926,3,0.000000,"SZ300768,SZ002556,SZ002698"
2021-12-06,-0.028937,3,0.000000,"SZ300768,SZ002556,SZ002698"
2021-12-07,-0.029688,3,0.000000,"SZ300768,SZ002556,SZ002698"
2021-12-08,0.005157,3,0.333333,"SZ300768,SZ002556,SH600017"
2021-12-09,0.000117,3,0.000000,"SZ300768,SZ002556,SH600017"
2021-12-10,0.004480,3,0.333333,"SZ002556,SH600017,SH603359"
2021-12-13,0.003876,3,0.333333,"SZ002556,SH600017,SH600477"
2021-12-14,0.023160,3,0.000000,"SZ002556,SH600017,SH600477"
2021-12-15,-0.005922,3,0.000000,"SZ002556,SH600017,SH600477"
2021-12-16,-0.010957,3,0.000000,"SZ002556,SH600017,SH600477"
2021-12-17,-0.006995,3,0.333333,"SH600017,SH600477,SZ002061"
2021-12-20,-0.004331,3,0.000000,"SH600017,SH600477,SZ002061"
2021-12-21,0.021099,3,0.000000,"SH600017,SH600477,SZ002061"
2021-12-22,-0.009527,3,0.000000,"SH600017,SH600477,SZ002061"
2021-12-23,-0.011902,3,0.000000,"SH600017,SH600477,SZ002061"
2021-12-24,-0.018962,3,0.000000,"SH600017,SH600477,SZ002061"
2021-12-27,0.007731,3,0.333333,"SH600017,SZ002061,SZ000597"
2021-12-28,0.000553,3,0.000000,"SH600017,SZ002061,SZ000597"
2021-12-29,0.009329,3,0.000000,"SH600017,SZ002061,SZ000597"
2021-12-30,0.008832,3,0.000000,"SH600017,SZ002061,SZ000597"
2021-12-31,0.037254,3,0.000000,"SH600017,SZ002061,SZ000597"
2022-01-04,0.038843,3,0.333333,"SH600017,SZ002061,SZ002550"
2022-01-05,-0.012148,3,0.000000,"SH600017,SZ002061,SZ002550"
2022-01-06,0.018417,3,0.000000,"SH600017,SZ002061,SZ002550"
2022-01-07,0.004943,3,0.000000,"SH600017,SZ002061,SZ002550"
2022-01-10,0.016318,0,0.500000,
2022-01-11,0.000000,0,0.000000,
2022-01-12,0.000000,0,0.000000,
2022-01-13,0.001977,3,0.500000,"SZ002839,SZ002807,SH600017"
2022-01-14,-0.002461,0,0.500000,
2022-01-17,0.000000,0,0.000000,
2022-01-18,0.015284,3,0.500000,"SZ002839,SH601028,SH603323"
2022-01-19,0.000282,0,0.500000,
2022-01-20,0.000000,0,0.000000,
2022-01-21,0.000000,0,0.000000,
2022-01-24,0.000000,0,0.000000,
2022-01-25,0.000000,0,0.000000,
2022-01-26,0.000000,0,0.000000,
2022-01-27,0.000000,0,0.000000,
2022-01-28,0.000000,0,0.000000,
2022-02-07,0.000000,0,0.000000,
2022-02-08,0.000000,0,0.000000,
2022-02-09,0.000000,0,0.000000,
2022-02-10,0.000000,0,0.000000,
2022-02-11,0.000000,0,0.000000,
2022-02-14,0.000000,0,0.000000,
2022-02-15,0.000000,0,0.000000,
2022-02-16,0.000000,0,0.000000,
2022-02-17,0.000000,0,0.000000,
2022-02-18,0.000000,0,0.000000,
2022-02-21,0.000000,0,0.000000,
2022-02-22,0.000000,0,0.000000,
2022-02-23,0.000000,0,0.000000,
2022-02-24,0.000000,0,0.000000,
2022-02-25,0.000000,0,0.000000,
2022-02-28,0.000000,0,0.000000,
2022-03-01,0.000000,0,0.000000,
2022-03-02,0.000000,0,0.000000,
2022-03-03,0.000000,0,0.000000,
2022-03-04,0.000000,0,0.000000,
2022-03-07,0.000000,0,0.000000,
2022-03-08,0.000000,0,0.000000,
2022-03-09,0.000000,0,0.000000,
2022-03-10,0.000000,0,0.000000,
2022-03-11,0.000000,0,0.000000,
2022-03-14,0.000000,0,0.000000,
2022-03-15,0.000000,0,0.000000,
2022-03-16,0.000000,0,0.000000,
2022-03-17,0.000000,0,0.000000,
2022-03-18,0.000000,0,0.000000,
2022-03-21,0.000000,0,0.000000,
2022-03-22,0.000000,0,0.000000,
2022-03-23,0.000000,0,0.000000,
2022-03-24,0.000000,0,0.000000,
2022-03-25,0.000000,0,0.000000,
2022-03-28,0.000000,0,0.000000,
2022-03-29,0.000000,0,0.000000,
2022-03-30,0.000000,0,0.000000,
2022-03-31,0.000000,0,0.000000,
2022-04-01,0.000000,0,0.000000,
2022-04-06,0.000000,0,0.000000,
2022-04-07,0.000000,0,0.000000,
2022-04-08,0.000000,0,0.000000,
2022-04-11,0.000000,0,0.000000,
2022-04-12,0.000000,0,0.000000,
2022-04-13,0.000000,0,0.000000,
2022-04-14,0.000000,0,0.000000,
2022-04-15,0.000000,0,0.000000,
2022-04-18,0.000000,0,0.000000,
2022-04-19,0.000000,0,0.000000,
2022-04-20,0.000000,0,0.000000,
2022-04-21,0.000000,0,0.000000,
2022-04-22,0.000000,0,0.000000,
2022-04-25,0.000000,0,0.000000,
2022-04-26,0.000000,0,0.000000,
2022-04-27,0.000000,0,0.000000,
2022-04-28,0.000000,0,0.000000,
2022-04-29,0.000000,0,0.000000,
2022-05-05,0.000000,0,0.000000,
2022-05-06,0.000000,0,0.000000,
2022-05-09,0.000000,0,0.000000,
2022-05-10,0.000000,0,0.000000,
2022-05-11,0.000000,0,0.000000,
2022-05-12,0.000000,0,0.000000,
2022-05-13,0.000000,0,0.000000,
2022-05-16,0.000000,0,0.000000,
2022-05-17,0.000000,0,0.000000,
2022-05-18,0.000000,0,0.000000,
2022-05-19,0.000000,0,0.000000,
2022-05-20,0.000000,0,0.000000,
2022-05-23,0.000000,0,0.000000,
2022-05-24,0.000000,0,0.000000,
2022-05-25,0.000000,0,0.000000,
2022-05-26,0.000000,0,0.000000,
2022-05-27,0.000000,0,0.000000,
2022-05-30,0.000000,0,0.000000,
2022-05-31,0.000000,0,0.000000,
2022-06-01,0.000000,0,0.000000,
2022-06-02,0.000000,0,0.000000,
2022-06-06,0.053997,3,0.500000,"SH688086,SZ300143,SZ300132"
2022-06-07,-0.011699,3,0.333333,"SZ300143,SZ300132,SZ300761"
2022-06-08,-0.004026,3,0.000000,"SZ300143,SZ300132,SZ300761"
2022-06-09,-0.024233,3,0.000000,"SZ300143,SZ300132,SZ300761"
2022-06-10,0.007601,3,0.000000,"SZ300143,SZ300132,SZ300761"
2022-06-13,0.010580,3,0.000000,"SZ300143,SZ300132,SZ300761"
2022-06-14,0.010882,3,0.000000,"SZ300143,SZ300132,SZ300761"
2022-06-15,0.011709,3,0.000000,"SZ300143,SZ300132,SZ300761"
2022-06-16,0.032530,3,0.000000,"SZ300143,SZ300132,SZ300761"
2022-06-17,0.027871,3,0.333333,"SZ300143,SZ300132,SH688368"
2022-06-20,0.041164,3,0.333333,"SZ300132,SH688368,SZ300526"
2022-06-21,-0.048211,3,0.333333,"SH688368,SZ300526,SZ300659"
2022-06-22,-0.020786,3,0.000000,"SH688368,SZ300526,SZ300659"
2022-06-23,0.009857,3,0.000000,"SH688368,SZ300526,SZ300659"
2022-06-24,0.008259,3,0.000000,"SH688368,SZ300526,SZ300659"
2022-06-27,0.024370,3,0.000000,"SH688368,SZ300526,SZ300659"
2022-06-28,0.007289,3,0.000000,"SH688368,SZ300526,SZ300659"
2022-06-29,-0.019548,3,0.000000,"SH688368,SZ300526,SZ300659"
2022-06-30,-0.008771,3,0.333333,"SH688368,SZ300659,SH688788"
2022-07-01,-0.015944,3,0.000000,"SH688368,SZ300659,SH688788"
2022-07-04,0.001918,3,0.000000,"SH688368,SZ300659,SH688788"
2022-07-05,-0.043375,3,0.000000,"SH688368,SZ300659,SH688788"
2022-07-06,0.021624,3,0.000000,"SH688368,SZ300659,SH688788"
2022-07-07,-0.006628,3,0.333333,"SZ300659,SH688788,SZ000567"
2022-07-08,0.007019,3,0.000000,"SZ300659,SH688788,SZ000567"
2022-07-11,-0.015312,3,0.000000,"SZ300659,SH688788,SZ000567"
2022-07-12,-0.027616,3,0.000000,"SZ300659,SH688788,SZ000567"
2022-07-13,0.015273,3,0.000000,"SZ300659,SH688788,SZ000567"
2022-07-14,0.045225,3,0.000000,"SZ300659,SH688788,SZ000567"
2022-07-15,-0.037012,3,0.333333,"SZ300659,SH688788,SH603323"
2022-07-18,0.029776,3,0.000000,"SZ300659,SH688788,SH603323"
2022-07-19,0.028418,3,0.000000,"SZ300659,SH688788,SH603323"
2022-07-20,0.015543,3,0.000000,"SZ300659,SH688788,SH603323"
2022-07-21,-0.008103,3,0.000000,"SZ300659,SH688788,SH603323"
2022-07-22,-0.010453,3,0.000000,"SZ300659,SH688788,SH603323"
2022-07-25,-0.000642,3,0.000000,"SZ300659,SH688788,SH603323"
2022-07-26,0.020981,3,0.000000,"SZ300659,SH688788,SH603323"
2022-07-27,0.037127,3,0.000000,"SZ300659,SH688788,SH603323"
2022-07-28,-0.001768,3,0.333333,"SZ300659,SH603323,SZ002344"
2022-07-29,-0.015301,3,0.000000,"SZ300659,SH603323,SZ002344"
2022-08-01,-0.007553,3,0.000000,"SZ300659,SH603323,SZ002344"
2022-08-02,-0.049254,3,0.000000,"SZ300659,SH603323,SZ002344"
2022-08-03,0.009070,3,0.666667,"SZ300659,SZ002929,SZ002318"
2022-08-04,0.008060,3,0.000000,"SZ300659,SZ002929,SZ002318"
2022-08-05,0.020330,3,0.000000,"SZ300659,SZ002929,SZ002318"
2022-08-08,0.019124,3,0.333333,"SZ002929,SZ002318,SZ300596"
2022-08-09,0.011812,3,0.000000,"SZ002929,SZ002318,SZ300596"
2022-08-10,0.001481,3,0.000000,"SZ002929,SZ002318,SZ300596"
2022-08-11,0.003318,3,0.000000,"SZ002929,SZ002318,SZ300596"
2022-08-12,-0.009625,3,0.000000,"SZ002929,SZ002318,SZ300596"
2022-08-15,-0.000276,3,0.000000,"SZ002929,SZ002318,SZ300596"
2022-08-16,0.002792,3,0.000000,"SZ002929,SZ002318,SZ300596"
2022-08-17,-0.017043,3,0.000000,"SZ002929,SZ002318,SZ300596"
2022-08-18,0.004535,3,0.000000,"SZ002929,SZ002318,SZ300596"
2022-08-19,-0.013670,3,0.000000,"SZ002929,SZ002318,SZ300596"
2022-08-22,0.001843,3,0.333333,"SZ002929,SZ300596,SH600057"
2022-08-23,0.026822,3,0.000000,"SZ002929,SZ300596,SH600057"
2022-08-24,-0.025877,3,0.333333,"SZ002929,SH600057,SH600971"
2022-08-25,0.010010,3,0.333333,"SH600057,SH600971,SZ301089"
2022-08-26,-0.011253,3,0.000000,"SH600057,SH600971,SZ301089"
2022-08-29,0.010330,3,0.000000,"SH600057,SH600971,SZ301089"
2022-08-30,-0.009065,3,0.000000,"SH600057,SH600971,SZ301089"
2022-08-31,-0.003227,0,0.500000,
2022-09-01,0.000000,0,0.000000,
2022-09-02,0.000000,0,0.000000,
2022-09-05,0.000000,0,0.000000,
2022-09-06,0.000000,0,0.000000,
2022-09-07,0.000000,0,0.000000,
2022-09-08,0.000000,0,0.000000,
2022-09-09,0.000000,0,0.000000,
2022-09-13,0.000000,0,0.000000,
2022-09-14,0.000000,0,0.000000,
2022-09-15,0.000000,0,0.000000,
2022-09-16,0.000000,0,0.000000,
2022-09-19,0.000000,0,0.000000,
2022-09-20,0.000000,0,0.000000,
2022-09-21,0.000000,0,0.000000,
2022-09-22,0.000000,0,0.000000,
2022-09-23,0.000000,0,0.000000,
2022-09-26,0.000000,0,0.000000,
2022-09-27,0.000000,0,0.000000,
2022-09-28,0.000000,0,0.000000,
2022-09-29,0.000000,0,0.000000,
2022-09-30,0.000000,0,0.000000,
2022-10-10,0.000000,0,0.000000,
2022-10-11,0.000000,0,0.000000,
2022-10-12,0.000000,0,0.000000,
2022-10-13,0.000000,0,0.000000,
2022-10-14,0.000000,0,0.000000,
2022-10-17,0.000000,0,0.000000,
2022-10-18,0.000000,0,0.000000,
2022-10-19,0.000000,0,0.000000,
2022-10-20,0.000000,0,0.000000,
2022-10-21,0.000000,0,0.000000,
2022-10-24,0.000000,0,0.000000,
2022-10-25,0.000000,0,0.000000,
2022-10-26,0.000000,0,0.000000,
2022-10-27,0.000000,0,0.000000,
2022-10-28,0.000000,0,0.000000,
2022-10-31,0.000000,0,0.000000,
2022-11-01,0.000000,0,0.000000,
2022-11-02,0.000000,0,0.000000,
2022-11-03,0.000000,0,0.000000,
2022-11-04,0.000000,0,0.000000,
2022-11-07,0.007835,3,0.500000,"SZ300470,SH600583,SH600977"
2022-11-08,-0.007664,3,0.333333,"SZ300470,SH600977,SH600378"
2022-11-09,-0.007838,3,0.000000,"SZ300470,SH600977,SH600378"
2022-11-10,-0.006352,0,0.500000,
2022-11-11,0.000000,0,0.000000,
2022-11-14,0.000000,0,0.000000,
2022-11-15,0.000000,0,0.000000,
2022-11-16,0.008967,3,0.500000,"SZ000735,SH600531,SH600977"
2022-11-17,0.009333,3,0.000000,"SZ000735,SH600531,SH600977"
2022-11-18,-0.007024,3,0.000000,"SZ000735,SH600531,SH600977"
2022-11-21,-0.023940,3,0.000000,"SZ000735,SH600531,SH600977"
2022-11-22,-0.011319,3,0.666667,"SZ000735,SH603118,SZ300114"
2022-11-23,-0.003028,0,0.500000,
2022-11-24,0.000000,0,0.000000,
2022-11-25,0.000000,0,0.000000,
2022-11-28,0.000000,0,0.000000,
2022-11-29,0.000000,0,0.000000,
2022-11-30,0.000000,0,0.000000,
2022-12-01,0.000000,0,0.000000,
2022-12-02,0.001063,3,0.500000,"SZ000735,SH603298,SZ002991"
2022-12-05,0.023400,3,0.000000,"SZ000735,SH603298,SZ002991"
2022-12-06,-0.001127,3,0.000000,"SZ000735,SH603298,SZ002991"
2022-12-07,-0.004204,3,0.000000,"SZ000735,SH603298,SZ002991"
2022-12-08,0.000704,3,0.333333,"SZ000735,SH603298,SZ002697"
2022-12-09,-0.013857,3,0.000000,"SZ000735,SH603298,SZ002697"
2022-12-12,-0.005357,3,0.000000,"SZ000735,SH603298,SZ002697"
2022-12-13,0.007444,3,0.000000,"SZ000735,SH603298,SZ002697"
2022-12-14,-0.007749,0,0.500000,
2022-12-15,0.000000,0,0.000000,
2022-12-16,0.000000,0,0.000000,
2022-12-19,0.000000,0,0.000000,
2022-12-20,0.000000,0,0.000000,
2022-12-21,0.000000,0,0.000000,
2022-12-22,0.000000,0,0.000000,
2022-12-23,0.000000,0,0.000000,
2022-12-26,0.000000,0,0.000000,
2022-12-27,0.000000,0,0.000000,
2022-12-28,0.000000,0,0.000000,
2022-12-29,0.000000,0,0.000000,
2022-12-30,0.000000,0,0.000000,
